Year,Month,Day,WndS,WndD,Pres
2005,1,1,20.0,277.5,1020.7
2005,1,2,19.8,112.1,1036.8
2005,1,3,21.3,213.3,1021.3
2005,1,4,22.8,125.4,1023.4
2005,1,5,17.7,243.3,1024.3
2005,1,6,20.1,211.2,1018.1
2005,1,7,26.1,184.6,1015.1
2005,1,8,17.2,220.8,1023.9
2005,1,9,18.8,86.2,1029.6
2005,1,10,19.5,143.3,1011.3
2005,1,11,21.7,230.0,1025.3
2005,1,12,27.8,117.9,1029.6
2005,1,13,11.1,87.5,1013.7
2005,1,14,22.8,235.8,1011.6
2005,1,15,16.6,239.2,1036.2
2005,1,16,22.3,189.6,1036.8
2005,1,17,28.2,138.8,1024.3
2005,1,18,23.0,227.5,1028.5
2005,1,19,15.8,203.8,1022.7
2005,1,20,12.3,257.1,1010.6
2005,1,21,21.2,229.6,1019.5
2005,1,22,16.9,185.8,1026.4
2005,1,23,32.7,83.8,1021.3
2005,1,24,26.2,227.9,1009.0
2005,1,25,18.0,256.7,1007.6
2005,1,26,14.9,182.1,1017.0
2005,1,27,12.0,262.5,1031.5
2005,1,28,22.0,225.4,1040.1
2005,1,29,38.8,211.2,1026.8
2005,1,30,12.5,163.0,1022.3
2005,1,31,9.1,240.4,1031.1
2005,2,1,20.3,218.8,1030.6
2005,2,2,6.4,235.5,1035.3
2005,2,3,5.2,237.5,1027.7
2005,2,4,2.8,172.4,1027.5
2005,2,5,4.6,193.7,1031.9
2005,2,6,13.8,78.1,1035.8
2005,2,7,13.5,200.9,1024.4
2005,2,8,5.6,140.8,1015.8
2005,2,9,15.9,52.5,1013.6
2005,2,10,48.0,39.2,1011.0
2005,2,11,22.5,197.9,996.7
2005,2,12,24.1,229.6,996.7
2005,2,13,17.1,262.9,1018.9
2005,2,14,17.8,110.0,1027.8
2005,2,15,19.2,223.3,1012.0
2005,2,16,18.3,128.3,1005.5
2005,2,17,16.2,220.0,1007.0
2005,2,18,10.2,220.0,1010.9
2005,2,19,18.3,242.1,1019.8
2005,2,20,21.0,243.8,1029.8
2005,2,21,33.9,78.8,1026.6
2005,2,22,18.5,88.3,1018.9
2005,2,23,11.9,203.3,1018.0
2005,2,24,11.7,266.2,1027.3
2005,2,25,17.0,98.3,1022.6
2005,2,26,13.6,247.1,1017.9
2005,2,27,22.4,234.2,1014.8
2005,2,28,23.2,154.6,1017.8
2005,3,1,60.8,27.9,999.9
2005,3,2,13.3,286.8,989.8
2005,3,3,17.3,251.7,998.2
2005,3,4,24.3,234.2,1003.1
2005,3,5,20.8,234.6,1004.1
2005,3,6,17.4,158.3,998.3
2005,3,7,25.5,145.4,1004.0
2005,3,8,29.0,157.9,990.3
2005,3,9,27.8,263.3,987.5
2005,3,10,21.9,232.5,1002.7
2005,3,11,12.1,170.8,1004.7
2005,3,12,47.1,29.6,1001.9
2005,3,13,18.5,137.9,1006.2
2005,3,14,12.8,220.0,1007.4
2005,3,15,16.0,221.7,1009.3
2005,3,16,20.2,124.3,1011.7
2005,3,17,27.4,211.7,1013.0
2005,3,18,15.6,205.7,1014.1
2005,3,19,14.8,240.8,1016.8
2005,3,20,9.5,200.8,1015.7
2005,3,21,13.1,115.2,1016.0
2005,3,22,7.8,159.5,1016.2
2005,3,23,11.0,229.1,1018.4
2005,3,24,12.4,123.0,1014.1
2005,3,25,16.8,258.8,1011.6
2005,3,26,15.1,239.2,1021.8
2005,3,27,19.4,217.5,1019.2
2005,3,28,12.2,107.5,1014.4
2005,3,29,41.4,33.3,1012.4
2005,3,30,27.1,45.4,1022.4
2005,3,31,40.3,34.2,1023.4
2005,4,1,11.0,123.8,1017.5
2005,4,2,27.4,87.9,1016.4
2005,4,3,53.4,33.8,1003.9
2005,4,4,17.2,79.1,999.7
2005,4,5,22.5,235.0,1012.0
2005,4,6,25.5,188.8,1018.5
2005,4,7,32.7,28.3,1013.7
2005,4,8,17.7,227.5,1012.7
2005,4,9,18.7,227.9,1019.4
2005,4,10,15.5,160.4,1018.5
2005,4,11,29.9,135.8,1025.5
2005,4,12,31.4,164.6,1018.2
2005,4,13,24.1,165.4,1013.3
2005,4,14,17.5,113.3,1024.6
2005,4,15,7.8,144.5,1034.7
2005,4,16,17.9,221.2,1030.7
2005,4,17,19.0,240.0,1018.1
2005,4,18,14.5,252.9,1017.5
2005,4,19,17.3,220.8,1010.6
2005,4,20,18.1,175.8,1007.9
2005,4,21,13.1,272.6,1013.7
2005,4,22,22.5,224.3,1013.3
2005,4,23,50.5,32.9,1011.5
2005,4,24,67.6,30.8,1003.7
2005,4,25,41.2,122.1,995.8
2005,4,26,19.4,132.9,1012.3
2005,4,27,53.9,32.5,1015.9
2005,4,28,59.3,28.3,1010.0
2005,4,29,22.7,145.0,1007.7
2005,4,30,23.9,107.1,1014.4
2005,5,1,18.8,140.4,1004.1
2005,5,2,25.8,217.9,1008.0
2005,5,3,20.4,220.0,1012.7
2005,5,4,18.7,228.8,1023.5
2005,5,5,18.2,210.4,1030.7
2005,5,6,11.0,133.8,1027.3
2005,5,7,22.5,91.7,1021.6
2005,5,8,48.7,31.2,1018.6
2005,5,9,24.1,28.3,1018.7
2005,5,10,19.9,25.0,1015.2
2005,5,11,12.9,156.5,1009.8
2005,5,12,19.0,340.4,1024.5
2005,5,13,12.8,236.7,1023.7
2005,5,14,21.2,121.7,1014.8
2005,5,15,41.9,30.0,1011.0
2005,5,16,30.4,28.3,1012.5
2005,5,17,17.4,187.1,1016.4
2005,5,18,24.0,37.1,1019.7
2005,5,19,27.5,31.2,1020.4
2005,5,20,31.3,33.3,1018.5
2005,5,21,48.7,31.7,1018.2
2005,5,22,69.9,30.0,1013.7
2005,5,23,64.2,34.6,1012.6
2005,5,24,55.0,34.2,1017.2
2005,5,25,52.4,32.1,1018.6
2005,5,26,55.2,32.1,1014.3
2005,5,27,48.0,38.3,1008.7
2005,5,28,13.3,69.6,1008.4
2005,5,29,17.5,62.2,1009.0
2005,5,30,16.4,53.8,1011.0
2005,5,31,15.3,33.3,1017.3
2005,6,1,11.0,219.1,1020.0
2005,6,2,25.8,214.6,1017.8
2005,6,3,25.2,216.7,1012.9
2005,6,4,26.0,105.8,1010.2
2005,6,5,39.9,32.9,1014.9
2005,6,6,28.0,26.2,1010.7
2005,6,7,21.9,244.6,1001.8
2005,6,8,17.3,216.7,1012.5
2005,6,9,9.6,116.4,1018.5
2005,6,10,25.8,212.1,1012.9
2005,6,11,27.8,49.6,1015.3
2005,6,12,19.0,183.3,1009.8
2005,6,13,33.7,33.8,1005.9
2005,6,14,48.0,30.0,1005.1
2005,6,15,34.5,45.0,1005.6
2005,6,16,39.6,35.4,1003.8
2005,6,17,60.5,30.4,1006.8
2005,6,18,46.7,55.8,1015.2
2005,6,19,6.5,191.2,1022.6
2005,6,20,26.6,220.0,1017.9
2005,6,21,28.7,215.8,1008.6
2005,6,22,12.8,219.2,1013.7
2005,6,23,24.0,227.1,1016.7
2005,6,24,24.8,222.1,1011.0
2005,6,25,22.7,214.3,1009.8
2005,6,26,22.2,74.6,1019.8
2005,6,27,16.0,64.1,1021.3
2005,6,28,21.8,218.3,1012.8
2005,6,29,24.0,126.1,1010.9
2005,6,30,19.3,52.5,1012.6
2005,7,1,12.0,91.7,1003.2
2005,7,2,21.3,238.3,1006.5
2005,7,3,17.0,226.2,1017.4
2005,7,4,17.8,223.3,1016.1
2005,7,5,14.3,230.0,1010.8
2005,7,6,45.8,28.8,1018.6
2005,7,7,24.9,71.7,1022.1
2005,7,8,7.2,171.8,1019.5
2005,7,9,17.7,178.8,1013.1
2005,7,10,18.3,194.6,1009.1
2005,7,11,17.0,94.6,1012.5
2005,7,12,31.2,29.6,1017.4
2005,7,13,17.9,70.4,1013.8
2005,7,14,18.5,217.1,1010.6
2005,7,15,16.8,221.2,1017.2
2005,7,16,11.9,145.0,1019.0
2005,7,17,13.5,229.6,1015.9
2005,7,18,7.2,218.6,1011.0
2005,7,19,18.2,227.9,1007.6
2005,7,20,14.9,166.7,1012.1
2005,7,21,19.4,223.8,1010.4
2005,7,22,11.8,147.9,1010.6
2005,7,23,12.7,222.9,1013.6
2005,7,24,16.6,217.1,1014.1
2005,7,25,14.1,229.2,1005.4
2005,7,26,12.0,222.6,1005.6
2005,7,27,9.2,194.2,1005.8
2005,7,28,11.8,241.2,1017.0
2005,7,29,18.8,240.8,1016.7
2005,7,30,12.5,263.8,1023.8
2005,7,31,9.9,227.9,1024.3
2005,8,1,15.5,167.5,1015.3
2005,8,2,14.9,224.6,1010.5
2005,8,3,15.1,228.3,1013.8
2005,8,4,13.2,107.9,1015.7
2005,8,5,16.7,255.9,1009.2
2005,8,6,20.5,243.3,1019.0
2005,8,7,19.5,220.4,1016.6
2005,8,8,13.4,196.2,1016.9
2005,8,9,24.5,222.5,1012.9
2005,8,10,21.8,220.0,1009.7
2005,8,11,18.0,252.9,1011.1
2005,8,12,7.2,182.1,1014.6
2005,8,13,18.5,246.7,1006.8
2005,8,14,11.8,155.4,1014.2
2005,8,15,12.4,157.9,1019.0
2005,8,16,18.4,233.8,1014.4
2005,8,17,11.6,283.8,1012.9
2005,8,18,12.5,272.5,1018.2
2005,8,19,10.1,143.3,1020.5
2005,8,20,19.0,67.9,1014.7
2005,8,21,17.3,230.8,1005.4
2005,8,22,17.0,229.2,1006.9
2005,8,23,23.8,114.6,1013.3
2005,8,24,22.2,88.3,1021.2
2005,8,25,10.9,208.3,1020.6
2005,8,26,19.1,217.5,1016.6
2005,8,27,9.6,220.8,1015.2
2005,8,28,11.3,235.4,1013.7
2005,8,29,8.1,159.1,1015.3
2005,8,30,41.6,32.5,1013.3
2005,8,31,41.6,50.5,1002.1
2005,9,1,28.3,223.0,1000.6
2005,9,2,25.4,220.4,1005.5
2005,9,3,21.5,242.5,1009.8
2005,9,4,9.1,230.4,1021.0
2005,9,5,12.6,227.5,1029.2
2005,9,6,21.9,222.1,1027.7
2005,9,7,27.2,217.1,1020.7
2005,9,8,13.8,198.3,1015.7
2005,9,9,14.4,257.9,1017.1
2005,9,10,13.2,267.1,1022.7
2005,9,11,21.2,233.3,1020.4
2005,9,12,20.2,167.1,1011.3
2005,9,13,14.1,150.8,1013.5
2005,9,14,19.6,216.7,1010.9
2005,9,15,19.9,165.8,1017.6
2005,9,16,28.1,97.9,1022.8
2005,9,17,44.7,29.6,1016.8
2005,9,18,29.7,92.9,1015.7
2005,9,19,29.1,157.1,1017.7
2005,9,20,35.0,70.4,1010.6
2005,9,21,21.0,232.5,1010.4
2005,9,22,15.9,212.1,1010.5
2005,9,23,18.7,177.9,1013.8
2005,9,24,15.6,243.8,1026.8
2005,9,25,12.2,248.8,1018.6
2005,9,26,42.1,86.7,1004.4
2005,9,27,18.8,223.8,1010.2
2005,9,28,14.6,230.8,1017.2
2005,9,29,25.0,234.6,1003.0
2005,9,30,22.6,230.0,1017.3
2005,10,1,19.8,223.3,1020.5
2005,10,2,12.2,191.7,1026.8
2005,10,3,15.1,219.2,1026.2
2005,10,4,22.7,215.0,1022.5
2005,10,5,27.4,49.2,1023.3
2005,10,6,41.8,33.3,1020.8
2005,10,7,20.6,196.7,1013.7
2005,10,8,46.6,39.6,1019.4
2005,10,9,63.2,31.2,1023.9
2005,10,10,50.8,35.8,1023.9
2005,10,11,37.2,34.6,1025.3
2005,10,12,44.0,32.1,1032.2
2005,10,13,30.2,31.7,1029.3
2005,10,14,20.2,41.2,1020.1
2005,10,15,35.9,30.4,1001.2
2005,10,16,21.0,271.7,985.1
2005,10,17,12.8,270.0,993.9
2005,10,18,23.5,228.8,997.9
2005,10,19,20.8,232.5,1002.3
2005,10,20,24.5,230.4,1008.4
2005,10,21,20.5,239.2,1014.7
2005,10,22,20.5,137.9,1014.5
2005,10,23,55.0,28.3,1010.9
2005,10,24,41.6,31.2,1019.6
2005,10,25,56.5,30.4,1014.0
2005,10,26,45.9,79.6,1003.2
2005,10,27,7.8,289.2,1016.7
2005,10,28,8.0,253.0,1025.2
2005,10,29,12.7,218.7,1020.0
2005,10,30,23.0,225.0,1013.4
2005,10,31,24.8,225.4,1013.3
2005,11,1,17.5,222.5,-999.0
2005,11,2,17.8,253.8,-999.0
2005,11,3,17.0,240.8,-999.0
2005,11,4,34.8,117.9,-999.0
2005,11,5,42.4,32.5,-999.0
2005,11,6,53.0,29.6,-999.0
2005,11,7,35.5,215.8,-999.0
2005,11,8,21.0,239.2,-999.0
2005,11,9,20.8,143.3,-999.0
2005,11,10,21.9,180.0,-999.0
2005,11,11,25.3,236.7,-999.0
2005,11,12,17.7,227.5,-999.0
2005,11,13,7.8,186.5,-999.0
2005,11,14,20.7,247.1,-999.0
2005,11,15,28.9,111.7,-999.0
2005,11,16,44.5,89.6,-999.0
2005,11,17,18.5,231.7,-999.0
2005,11,18,16.9,250.4,-999.0
2005,11,19,15.2,233.3,-999.0
2005,11,20,23.3,213.3,-999.0
2005,11,21,14.3,225.0,-999.0
2005,11,22,21.2,164.2,-999.0
2005,11,23,18.4,236.2,-999.0
2005,11,24,33.4,124.2,-999.0
2005,11,25,34.0,222.5,-999.0
2005,11,26,13.8,231.7,-999.0
2005,11,27,13.5,125.4,-999.0
2005,11,28,16.0,45.8,-999.0
2005,11,29,10.6,31.2,-999.0
2005,11,30,18.1,199.6,-999.0
2005,12,1,20.9,119.6,-999.0
2005,12,2,31.6,152.5,-999.0
2005,12,3,36.1,223.8,-999.0
2005,12,4,24.2,222.1,-999.0
2005,12,5,21.3,225.4,-999.0
2005,12,6,10.1,253.8,-999.0
2005,12,7,16.2,254.2,-999.0
2005,12,8,25.5,223.8,-999.0
2005,12,9,18.3,229.6,-999.0
2005,12,10,21.1,222.5,-999.0
2005,12,11,16.1,223.3,-999.0
2005,12,12,16.0,220.0,-999.0
2005,12,13,14.2,249.6,-999.0
2005,12,14,12.1,252.1,-999.0
2005,12,15,12.2,235.0,-999.0
2005,12,16,41.3,46.7,-999.0
2005,12,17,24.0,207.9,-999.0
2005,12,18,28.5,219.2,-999.0
2005,12,19,24.0,223.5,-999.0
2005,12,20,20.2,252.1,-999.0
2005,12,21,18.1,237.1,-999.0
2005,12,22,20.4,235.4,-999.0
2005,12,23,25.1,157.5,-999.0
2005,12,24,17.5,130.0,-999.0
2005,12,25,39.8,35.8,-999.0
2005,12,26,64.0,28.8,-999.0
2005,12,27,16.0,187.1,-999.0
2005,12,28,23.1,194.2,-999.0
2005,12,29,31.5,37.5,-999.0
2005,12,30,21.3,120.8,-999.0
2005,12,31,17.3,141.2,-999.0
2006,1,1,29.4,39.2,-999.0
2006,1,2,15.0,233.8,-999.0
2006,1,3,20.0,87.4,-999.0
2006,1,4,12.1,128.3,-999.0
2006,1,5,29.3,40.8,-999.0
2006,1,6,8.7,169.2,-999.0
2006,1,7,31.0,212.1,-999.0
2006,1,8,15.5,135.0,-999.0
2006,1,9,32.0,54.2,-999.0
2006,1,10,25.6,216.2,-999.0
2006,1,11,23.8,189.2,-999.0
2006,1,12,17.0,162.3,-999.0
2006,1,13,10.1,213.3,-999.0
2006,1,14,14.1,132.5,-999.0
2006,1,15,18.3,294.2,-999.0
2006,1,16,16.2,283.3,-999.0
2006,1,17,20.6,181.7,-999.0
2006,1,18,40.9,68.3,-999.0
2006,1,19,32.9,231.7,-999.0
2006,1,20,13.6,168.7,-999.0
2006,1,21,23.2,143.8,-999.0
2006,1,22,26.6,222.5,-999.0
2006,1,23,11.4,165.0,-999.0
2006,1,24,10.7,211.7,-999.0
2006,1,25,37.6,30.8,-999.0
2006,1,26,12.8,232.5,-999.0
2006,1,27,29.5,219.2,-999.0
2006,1,28,35.7,212.9,-999.0
2006,1,29,23.5,152.1,-999.0
2006,1,30,54.1,33.8,-999.0
2006,1,31,40.8,28.3,-999.0
2006,2,1,24.3,44.2,-999.0
2006,2,2,14.7,43.8,-999.0
2006,2,3,29.1,40.0,-999.0
2006,2,4,25.0,152.1,-999.0
2006,2,5,38.0,70.0,-999.0
2006,2,6,26.1,225.8,-999.0
2006,2,7,24.5,227.5,-999.0
2006,2,8,19.4,236.7,-999.0
2006,2,9,19.1,234.6,-999.0
2006,2,10,16.9,241.7,-999.0
2006,2,11,16.7,235.8,-999.0
2006,2,12,23.7,146.2,-999.0
2006,2,13,21.7,226.2,-999.0
2006,2,14,19.6,222.9,-999.0
2006,2,15,12.5,140.0,-999.0
2006,2,16,36.5,69.6,-999.0
2006,2,17,46.4,107.5,-999.0
2006,2,18,29.9,227.5,-999.0
2006,2,19,24.7,225.4,-999.0
2006,2,20,24.0,220.0,-999.0
2006,2,21,13.7,225.0,-999.0
2006,2,22,5.6,233.3,-999.0
2006,2,23,17.2,110.8,-999.0
2006,2,24,10.7,230.8,-999.0
2006,2,25,11.4,218.3,-999.0
2006,2,26,14.7,270.4,-999.0
2006,2,27,29.3,228.7,-999.0
2006,2,28,23.5,242.5,-999.0
2006,3,1,20.0,233.8,-999.0
2006,3,2,21.0,135.8,-999.0
2006,3,3,21.5,239.2,-999.0
2006,3,4,14.1,260.4,-999.0
2006,3,5,19.9,249.6,-999.0
2006,3,6,11.2,212.1,-999.0
2006,3,7,11.8,218.8,-999.0
2006,3,8,9.9,192.9,-999.0
2006,3,9,24.8,69.6,-999.0
2006,3,10,15.8,74.3,-999.0
2006,3,11,20.6,240.0,-999.0
2006,3,12,21.7,217.5,-999.0
2006,3,13,21.3,123.8,-999.0
2006,3,14,37.2,129.2,-999.0
2006,3,15,27.5,229.6,-999.0
2006,3,16,19.5,283.8,-999.0
2006,3,17,18.6,268.3,-999.0
2006,3,18,23.5,243.3,-999.0
2006,3,19,19.0,235.8,-999.0
2006,3,20,15.8,271.7,-999.0
2006,3,21,23.5,222.9,-999.0
2006,3,22,10.0,155.2,-999.0
2006,3,23,4.6,169.5,-999.0
2006,3,24,3.9,120.0,-999.0
2006,3,25,7.8,83.5,-999.0
2006,3,26,5.6,206.5,-999.0
2006,3,27,9.6,195.4,-999.0
2006,3,28,18.0,202.1,-999.0
2006,3,29,19.5,215.0,-999.0
2006,3,30,14.4,203.8,-999.0
2006,3,31,13.1,154.3,-999.0
2006,4,1,18.3,101.7,-999.0
2006,4,2,14.9,310.8,-999.0
2006,4,3,30.1,107.5,-999.0
2006,4,4,48.9,47.1,-999.0
2006,4,5,33.0,111.2,-999.0
2006,4,6,6.8,205.5,-999.0
2006,4,7,17.8,218.8,-999.0
2006,4,8,19.8,261.7,-999.0
2006,4,9,13.0,237.5,-999.0
2006,4,10,15.4,206.2,-999.0
2006,4,11,17.0,200.4,-999.0
2006,4,12,10.0,72.1,-999.0
2006,4,13,21.0,177.1,-999.0
2006,4,14,22.2,168.3,-999.0
2006,4,15,30.5,33.5,-999.0
2006,4,16,36.1,42.1,-999.0
2006,4,17,34.6,45.4,-999.0
2006,4,18,34.2,32.9,-999.0
2006,4,19,6.4,162.7,-999.0
2006,4,20,33.0,49.2,-999.0
2006,4,21,43.0,34.6,-999.0
2006,4,22,20.8,45.8,-999.0
2006,4,23,22.3,80.0,-999.0
2006,4,24,25.2,47.9,-999.0
2006,4,25,21.4,225.4,-999.0
2006,4,26,24.2,228.3,-999.0
2006,4,27,13.5,266.2,-999.0
2006,4,28,15.7,206.2,-999.0
2006,4,29,7.9,189.6,-999.0
2006,4,30,9.5,130.0,-999.0
2006,5,1,25.8,42.9,-999.0
2006,5,2,36.7,32.1,-999.0
2006,5,3,37.6,32.9,-999.0
2006,5,4,13.2,202.6,-999.0
2006,5,5,12.6,146.2,-999.0
2006,5,6,24.5,79.6,-999.0
2006,5,7,17.3,243.8,-999.0
2006,5,8,12.5,216.7,-999.0
2006,5,9,16.1,108.8,-999.0
2006,5,10,45.9,33.3,-999.0
2006,5,11,52.0,30.0,-999.0
2006,5,12,55.3,30.0,-999.0
2006,5,13,45.4,30.8,-999.0
2006,5,14,37.5,47.1,-999.0
2006,5,15,12.6,89.6,-999.0
2006,5,16,34.1,93.8,-999.0
2006,5,17,42.8,47.5,-999.0
2006,5,18,52.3,45.8,-999.0
2006,5,19,58.4,37.9,-999.0
2006,5,20,23.1,133.3,-999.0
2006,5,21,23.6,184.2,-999.0
2006,5,22,20.2,187.5,-999.0
2006,5,23,15.3,242.5,-999.0
2006,5,24,7.7,215.0,-999.0
2006,5,25,16.1,225.0,-999.0
2006,5,26,24.9,104.6,-999.0
2006,5,27,13.8,41.3,-999.0
2006,5,28,20.8,204.2,-999.0
2006,5,29,18.1,36.7,-999.0
2006,5,30,33.3,43.8,-999.0
2006,5,31,16.2,179.2,-999.0
2006,6,1,9.6,130.8,-999.0
2006,6,2,26.6,99.2,-999.0
2006,6,3,31.6,32.5,-999.0
2006,6,4,33.8,45.4,-999.0
2006,6,5,6.7,205.8,-999.0
2006,6,6,19.5,183.3,-999.0
2006,6,7,55.0,33.8,-999.0
2006,6,8,62.5,35.0,-999.0
2006,6,9,44.6,34.2,-999.0
2006,6,10,60.8,34.6,-999.0
2006,6,11,25.0,95.4,-999.0
2006,6,12,11.6,207.9,-999.0
2006,6,13,18.8,76.5,-999.0
2006,6,14,7.3,170.4,-999.0
2006,6,15,7.5,250.8,-999.0
2006,6,16,22.8,220.0,-999.0
2006,6,17,20.0,226.7,-999.0
2006,6,18,21.7,215.8,-999.0
2006,6,19,22.0,219.2,-999.0
2006,6,20,20.2,219.6,-999.0
2006,6,21,19.0,224.6,-999.0
2006,6,22,8.0,220.8,-999.0
2006,6,23,17.6,127.9,-999.0
2006,6,24,12.8,189.6,-999.0
2006,6,25,13.7,215.4,-999.0
2006,6,26,7.6,109.6,-999.0
2006,6,27,16.8,78.8,-999.0
2006,6,28,13.3,224.2,-999.0
2006,6,29,10.2,212.9,-999.0
2006,6,30,13.2,205.8,-999.0
2006,7,1,18.9,244.2,-999.0
2006,7,2,22.4,106.7,-999.0
2006,7,3,20.9,211.7,-999.0
2006,7,4,15.8,187.5,-999.0
2006,7,5,19.0,185.4,-999.0
2006,7,6,17.8,227.1,-999.0
2006,7,7,16.2,225.0,-999.0
2006,7,8,21.3,230.4,-999.0
2006,7,9,24.9,220.4,-999.0
2006,7,10,35.1,65.0,-999.0
2006,7,11,15.0,77.5,-999.0
2006,7,12,23.0,104.6,-999.0
2006,7,13,28.5,68.8,-999.0
2006,7,14,22.8,190.4,-999.0
2006,7,15,21.7,67.5,-999.0
2006,7,16,19.1,211.2,-999.0
2006,7,17,14.0,84.2,-999.0
2006,7,18,16.0,256.7,-999.0
2006,7,19,13.5,232.1,-999.0
2006,7,20,12.9,235.8,-999.0
2006,7,21,15.0,170.0,-999.0
2006,7,22,13.9,180.4,-999.0
2006,7,23,22.7,81.2,-999.0
2006,7,24,10.9,172.5,-999.0
2006,7,25,12.7,226.7,-999.0
2006,7,26,23.7,156.7,-999.0
2006,7,27,17.3,97.9,-999.0
2006,7,28,20.6,212.5,-999.0
2006,7,29,19.0,250.4,-999.0
2006,7,30,15.0,244.6,-999.0
2006,7,31,20.9,218.3,-999.0
2006,8,1,10.9,187.1,-999.0
2006,8,2,12.0,247.5,-999.0
2006,8,3,13.0,209.2,-999.0
2006,8,4,13.7,227.5,-999.0
2006,8,5,10.5,260.0,-999.0
2006,8,6,23.4,221.7,-999.0
2006,8,7,17.2,244.2,-999.0
2006,8,8,9.9,190.0,-999.0
2006,8,9,21.8,225.0,-999.0
2006,8,10,18.5,169.2,-999.0
2006,8,11,10.9,272.9,-999.0
2006,8,12,11.8,267.1,-999.0
2006,8,13,12.1,262.5,-999.0
2006,8,14,17.7,228.8,-999.0
2006,8,15,22.9,225.0,-999.0
2006,8,16,15.5,246.2,-999.0
2006,8,17,16.3,232.9,-999.0
2006,8,18,14.8,213.3,-999.0
2006,8,19,17.5,137.9,-999.0
2006,8,20,50.8,35.0,-999.0
2006,8,21,27.0,83.3,-999.0
2006,8,22,22.9,230.0,-999.0
2006,8,23,11.1,268.3,-999.0
2006,8,24,11.0,266.7,-999.0
2006,8,25,9.4,207.1,-999.0
2006,8,26,28.3,101.7,-999.0
2006,8,27,22.0,119.2,-999.0
2006,8,28,10.6,139.2,-999.0
2006,8,29,8.5,146.2,-999.0
2006,8,30,9.6,235.8,-999.0
2006,8,31,11.9,210.8,-999.0
2006,9,1,21.8,144.6,-999.0
2006,9,2,15.8,103.8,-999.0
2006,9,3,15.5,155.4,-999.0
2006,9,4,17.8,89.6,-999.0
2006,9,5,22.2,215.0,-999.0
2006,9,6,14.3,176.2,-999.0
2006,9,7,16.4,243.8,-999.0
2006,9,8,19.2,225.0,-999.0
2006,9,9,30.1,110.8,-999.0
2006,9,10,10.4,261.7,-999.0
2006,9,11,9.7,249.2,-999.0
2006,9,12,6.0,227.7,-999.0
2006,9,13,12.6,221.7,-999.0
2006,9,14,13.5,225.4,-999.0
2006,9,15,15.6,225.7,-999.0
2006,9,16,21.5,218.8,-999.0
2006,9,17,20.7,212.9,-999.0
2006,9,18,41.0,32.9,-999.0
2006,9,19,20.8,117.3,-999.0
2006,9,20,19.7,227.5,-999.0
2006,9,21,18.8,239.6,-999.0
2006,9,22,15.0,231.2,-999.0
2006,9,23,8.7,243.8,-999.0
2006,9,24,23.7,156.7,-999.0
2006,9,25,15.2,250.8,-999.0
2006,9,26,17.1,241.7,-999.0
2006,9,27,10.0,235.0,-999.0
2006,9,28,15.6,159.1,-999.0
2006,9,29,22.7,114.2,-999.0
2006,9,30,19.0,230.4,-999.0
2006,10,1,33.4,70.4,-999.0
2006,10,2,23.1,107.5,-999.0
2006,10,3,21.1,216.7,-999.0
2006,10,4,25.8,119.2,-999.0
2006,10,5,12.4,239.6,-999.0
2006,10,6,11.5,236.2,-999.0
2006,10,7,23.5,215.4,-999.0
2006,10,8,30.8,212.5,-999.0
2006,10,9,29.1,243.3,-999.0
2006,10,10,17.9,122.1,-999.0
2006,10,11,42.8,35.0,-999.0
2006,10,12,34.2,89.6,-999.0
2006,10,13,19.6,248.8,-999.0
2006,10,14,15.8,165.0,-999.0
2006,10,15,20.2,229.2,-999.0
2006,10,16,12.4,232.5,-999.0
2006,10,17,18.5,118.8,-999.0
2006,10,18,23.5,63.5,-999.0
2006,10,19,16.4,40.8,-999.0
2006,10,20,21.6,142.9,-999.0
2006,10,21,15.7,267.5,-999.0
2006,10,22,13.9,210.8,-999.0
2006,10,23,39.0,30.0,-999.0
2006,10,24,15.2,129.6,-999.0
2006,10,25,7.5,220.4,-999.0
2006,10,26,8.5,241.7,-999.0
2006,10,27,12.4,264.6,-999.0
2006,10,28,50.6,47.5,-999.0
2006,10,29,51.5,208.3,-999.0
2006,10,30,36.5,229.6,-999.0
2006,10,31,10.6,216.1,-999.0
2006,11,1,23.9,224.2,-999.0
2006,11,2,18.5,225.4,-999.0
2006,11,3,15.7,232.1,-999.0
2006,11,4,12.8,244.6,-999.0
2006,11,5,12.7,250.8,-999.0
2006,11,6,10.5,190.0,-999.0
2006,11,7,14.5,232.5,-999.0
2006,11,8,29.3,98.7,-999.0
2006,11,9,23.6,100.0,-999.0
2006,11,10,22.0,227.5,-999.0
2006,11,11,28.8,115.4,-999.0
2006,11,12,55.2,30.8,-999.0
2006,11,13,52.3,30.4,-999.0
2006,11,14,39.9,36.2,-999.0
2006,11,15,13.5,219.6,-999.0
2006,11,16,16.2,71.3,-999.0
2006,11,17,25.0,190.0,-999.0
2006,11,18,21.0,236.7,-999.0
2006,11,19,6.5,192.1,-999.0
2006,11,20,9.0,283.3,-999.0
2006,11,21,21.8,235.4,-999.0
2006,11,22,17.2,222.5,-999.0
2006,11,23,9.5,234.8,-999.0
2006,11,24,7.2,210.0,-999.0
2006,11,25,14.7,237.1,-999.0
2006,11,26,21.9,212.9,-999.0
2006,11,27,34.8,76.7,-999.0
2006,11,28,41.8,38.8,-999.0
2006,11,29,16.1,127.1,-999.0
2006,11,30,16.4,207.1,-999.0
2006,12,1,49.5,41.2,-999.0
2006,12,2,30.8,170.0,-999.0
2006,12,3,17.6,249.2,-999.0
2006,12,4,15.5,271.7,-999.0
2006,12,5,12.0,255.8,-999.0
2006,12,6,11.0,259.2,-999.0
2006,12,7,11.8,239.2,-999.0
2006,12,8,18.9,253.3,-999.0
2006,12,9,23.5,222.5,-999.0
2006,12,10,30.4,219.2,-999.0
2006,12,11,13.3,179.6,-999.0
2006,12,12,9.0,172.5,-999.0
2006,12,13,5.1,223.8,-999.0
2006,12,14,15.9,218.3,-999.0
2006,12,15,6.3,143.3,-999.0
2006,12,16,13.0,227.5,-999.0
2006,12,17,23.8,224.2,-999.0
2006,12,18,14.5,245.8,-999.0
2006,12,19,12.7,289.6,-999.0
2006,12,20,16.6,245.8,-999.0
2006,12,21,23.8,248.3,-999.0
2006,12,22,10.9,264.3,-999.0
2006,12,23,10.0,97.8,-999.0
2006,12,24,27.0,221.2,-999.0
2006,12,25,26.6,212.9,-999.0
2006,12,26,42.2,85.8,-999.0
2006,12,27,14.1,217.1,-999.0
2006,12,28,17.2,241.7,-999.0
2006,12,29,24.2,251.2,-999.0
2006,12,30,31.5,215.8,-999.0
2006,12,31,20.9,223.3,-999.0
2007,1,1,16.8,110.8,-999.0
2007,1,2,19.3,227.9,-999.0
2007,1,3,24.3,222.9,-999.0
2007,1,4,21.7,215.0,-999.0
2007,1,5,19.0,217.5,-999.0
2007,1,6,16.7,120.0,-999.0
2007,1,7,19.6,242.5,-999.0
2007,1,8,31.8,86.7,-999.0
2007,1,9,31.3,224.6,-999.0
2007,1,10,21.3,232.9,-999.0
2007,1,11,18.9,240.0,-999.0
2007,1,12,20.1,213.8,-999.0
2007,1,13,17.8,163.8,-999.0
2007,1,14,18.6,244.6,-999.0
2007,1,15,31.4,77.9,-999.0
2007,1,16,20.5,240.0,-999.0
2007,1,17,23.3,234.6,-999.0
2007,1,18,18.8,222.1,-999.0
2007,1,19,6.0,212.6,-999.0
2007,1,20,21.7,246.2,-999.0
2007,1,21,28.5,228.3,-999.0
2007,1,22,13.9,226.2,-999.0
2007,1,23,17.0,228.8,-999.0
2007,1,24,14.2,257.9,-999.0
2007,1,25,16.3,250.4,-999.0
2007,1,26,20.9,241.2,-999.0
2007,1,27,20.8,219.2,-999.0
2007,1,28,11.1,239.2,-999.0
2007,1,29,14.2,231.7,-999.0
2007,1,30,20.1,243.3,-999.0
2007,1,31,19.9,225.0,-999.0
2007,2,1,6.8,261.7,-999.0
2007,2,2,14.4,138.3,-999.0
2007,2,3,24.3,213.3,-999.0
2007,2,4,22.1,228.3,-999.0
2007,2,5,28.1,234.2,-999.0
2007,2,6,33.0,218.8,-999.0
2007,2,7,22.7,220.4,-999.0
2007,2,8,21.2,231.2,-999.0
2007,2,9,29.4,222.9,-999.0
2007,2,10,20.6,233.8,-999.0
2007,2,11,15.5,237.9,-999.0
2007,2,12,19.2,244.2,-999.0
2007,2,13,28.0,221.7,-999.0
2007,2,14,30.7,112.9,-999.0
2007,2,15,37.5,201.2,-999.0
2007,2,16,31.0,231.7,-999.0
2007,2,17,27.9,217.9,-999.0
2007,2,18,13.1,226.7,-999.0
2007,2,19,24.5,242.5,-999.0
2007,2,20,9.5,190.0,-999.0
2007,2,21,13.4,250.4,-999.0
2007,2,22,10.2,233.9,-999.0
2007,2,23,11.0,264.2,-999.0
2007,2,24,16.2,249.2,-999.0
2007,2,25,15.9,217.1,-999.0
2007,2,26,18.2,108.3,-999.0
2007,2,27,11.5,89.2,-999.0
2007,2,28,9.6,210.8,-999.0
2007,3,1,12.8,200.0,-999.0
2007,3,2,45.8,36.2,-999.0
2007,3,3,12.3,150.0,-999.0
2007,3,4,19.8,222.3,-999.0
2007,3,5,22.0,246.7,-999.0
2007,3,6,19.5,270.4,-999.0
2007,3,7,25.2,229.6,-999.0
2007,3,8,14.5,279.2,-999.0
2007,3,9,29.1,215.0,-999.0
2007,3,10,9.1,195.0,-999.0
2007,3,11,21.0,217.9,-999.0
2007,3,12,19.9,211.7,-999.0
2007,3,13,26.9,65.4,-999.0
2007,3,14,18.7,207.9,-999.0
2007,3,15,13.8,252.9,-999.0
2007,3,16,37.4,108.8,-999.0
2007,3,17,55.8,71.7,-999.0
2007,3,18,18.3,235.0,-999.0
2007,3,19,19.0,244.8,-999.0
2007,3,20,18.7,250.0,-999.0
2007,3,21,15.4,229.6,-999.0
2007,3,22,21.7,213.3,-999.0
2007,3,23,15.5,252.9,-999.0
2007,3,24,21.3,101.2,-999.0
2007,3,25,15.8,63.5,-999.0
2007,3,26,7.8,201.4,-999.0
2007,3,27,15.5,224.2,-999.0
2007,3,28,18.3,291.7,-999.0
2007,3,29,17.7,282.9,-999.0
2007,3,30,18.1,273.8,-999.0
2007,3,31,17.4,251.7,-999.0
2007,4,1,17.1,111.2,-999.0
2007,4,2,40.1,30.4,-999.0
2007,4,3,33.7,25.0,-999.0
2007,4,4,42.1,34.6,-999.0
2007,4,5,35.3,58.3,-999.0
2007,4,6,32.0,222.5,-999.0
2007,4,7,25.8,213.8,-999.0
2007,4,8,24.0,228.8,-999.0
2007,4,9,15.6,262.5,-999.0
2007,4,10,9.1,274.2,-999.0
2007,4,11,11.9,210.0,-999.0
2007,4,12,20.3,112.3,-999.0
2007,4,13,36.8,56.7,-999.0
2007,4,14,4.0,135.3,-999.0
2007,4,15,30.5,58.2,-999.0
2007,4,16,75.9,28.8,-999.0
2007,4,17,67.9,36.2,-999.0
2007,4,18,46.7,36.7,-999.0
2007,4,19,34.3,35.4,-999.0
2007,4,20,11.8,162.6,-999.0
2007,4,21,8.3,141.7,-999.0
2007,4,22,14.7,211.7,-999.0
2007,4,23,23.8,209.6,-999.0
2007,4,24,14.7,282.1,-999.0
2007,4,25,16.8,240.4,-999.0
2007,4,26,23.2,207.5,-999.0
2007,4,27,17.6,82.6,-999.0
2007,4,28,34.7,32.5,-999.0
2007,4,29,37.6,30.8,-999.0
2007,4,30,23.4,62.1,-999.0
2007,5,1,10.2,244.6,-999.0
2007,5,2,13.8,267.1,-999.0
2007,5,3,14.7,314.6,-999.0
2007,5,4,13.4,215.4,-999.0
2007,5,5,26.7,112.5,-999.0
2007,5,6,11.1,154.5,-999.0
2007,5,7,36.3,210.0,-999.0
2007,5,8,29.8,210.4,-999.0
2007,5,9,15.5,192.5,-999.0
2007,5,10,26.2,66.2,-999.0
2007,5,11,19.4,215.8,-999.0
2007,5,12,17.2,162.9,-999.0
2007,5,13,14.3,240.0,-999.0
2007,5,14,18.3,160.0,-999.0
2007,5,15,16.2,201.7,-999.0
2007,5,16,52.9,34.6,-999.0
2007,5,17,29.0,80.8,-999.0
2007,5,18,11.8,131.7,-999.0
2007,5,19,17.8,116.7,-999.0
2007,5,20,56.0,38.8,-999.0
2007,5,21,12.7,158.8,-999.0
2007,5,22,25.7,62.9,-999.0
2007,5,23,13.6,94.3,-999.0
2007,5,24,27.1,210.8,-999.0
2007,5,25,26.5,210.0,-999.0
2007,5,26,15.8,273.3,-999.0
2007,5,27,17.3,92.9,-999.0
2007,5,28,22.0,191.7,-999.0
2007,5,29,11.3,185.7,-999.0
2007,5,30,11.3,163.3,-999.0
2007,5,31,33.8,51.7,-999.0
2007,6,1,15.2,197.9,-999.0
2007,6,2,36.1,58.3,-999.0
2007,6,3,47.2,33.8,-999.0
2007,6,4,43.4,29.5,-999.0
2007,6,5,18.8,105.4,-999.0
2007,6,6,30.0,224.2,-999.0
2007,6,7,20.8,225.8,-999.0
2007,6,8,14.3,95.8,-999.0
2007,6,9,11.5,90.0,-999.0
2007,6,10,34.3,30.0,-999.0
2007,6,11,26.2,37.9,-999.0
2007,6,12,43.1,27.1,-999.0
2007,6,13,48.1,32.9,-999.0
2007,6,14,19.0,60.5,-999.0
2007,6,15,10.7,214.3,-999.0
2007,6,16,16.1,214.6,-999.0
2007,6,17,15.2,186.2,-999.0
2007,6,18,12.7,200.0,-999.0
2007,6,19,10.5,120.8,-999.0
2007,6,20,15.0,148.8,-999.0
2007,6,21,14.3,219.2,-999.0
2007,6,22,15.8,257.5,-999.0
2007,6,23,9.9,290.0,-999.0
2007,6,24,11.8,233.8,-999.0
2007,6,25,21.4,219.6,-999.0
2007,6,26,23.8,222.5,-999.0
2007,6,27,25.4,77.9,-999.0
2007,6,28,14.8,196.7,-999.0
2007,6,29,22.7,240.4,-999.0
2007,6,30,14.5,256.2,-999.0
2007,7,1,15.0,261.2,-999.0
2007,7,2,12.3,251.2,-999.0
2007,7,3,10.2,188.3,-999.0
2007,7,4,12.0,188.8,-999.0
2007,7,5,11.3,120.0,-999.0
2007,7,6,14.2,237.9,-999.0
2007,7,7,21.1,237.0,-999.0
2007,7,8,12.5,201.2,-999.0
2007,7,9,25.8,109.2,-999.0
2007,7,10,18.6,146.2,-999.0
2007,7,11,21.6,84.6,-999.0
2007,7,12,21.2,224.6,-999.0
2007,7,13,18.7,226.7,-999.0
2007,7,14,16.8,223.3,-999.0
2007,7,15,13.2,192.1,-999.0
2007,7,16,20.9,224.8,-999.0
2007,7,17,20.8,218.3,-999.0
2007,7,18,14.4,211.7,-999.0
2007,7,19,31.4,112.9,-999.0
2007,7,20,44.1,32.9,-999.0
2007,7,21,13.4,192.6,-999.0
2007,7,22,6.6,190.9,-999.0
2007,7,23,10.0,214.6,-999.0
2007,7,24,18.3,217.0,-999.0
2007,7,25,25.0,211.2,-999.0
2007,7,26,26.5,207.5,-999.0
2007,7,27,21.4,210.4,-999.0
2007,7,28,18.6,124.2,-999.0
2007,7,29,10.0,136.5,-999.0
2007,7,30,19.5,222.9,-999.0
2007,7,31,19.8,161.7,-999.0
2007,8,1,11.2,179.6,-999.0
2007,8,2,19.3,191.8,-999.0
2007,8,3,11.8,233.8,-999.0
2007,8,4,9.7,190.4,-999.0
2007,8,5,19.1,229.6,-999.0
2007,8,6,10.8,257.7,-999.0
2007,8,7,16.3,130.9,-999.0
2007,8,8,31.8,72.1,-999.0
2007,8,9,15.8,236.2,-999.0
2007,8,10,12.1,228.8,-999.0
2007,8,11,14.2,250.4,-999.0
2007,8,12,15.4,220.8,-999.0
2007,8,13,14.0,252.5,-999.0
2007,8,14,19.2,232.9,-999.0
2007,8,15,14.7,246.2,-999.0
2007,8,16,11.8,245.8,-999.0
2007,8,17,11.8,241.2,-999.0
2007,8,18,10.9,265.4,-999.0
2007,8,19,12.7,273.3,-999.0
2007,8,20,12.5,225.0,-999.0
2007,8,21,8.5,179.6,-999.0
2007,8,22,19.8,111.2,-999.0
2007,8,23,7.2,270.0,-999.0
2007,8,24,8.7,144.3,-999.0
2007,8,25,19.9,44.2,-999.0
2007,8,26,11.8,210.0,-999.0
2007,8,27,9.8,228.8,-999.0
2007,8,28,18.8,216.7,-999.0
2007,8,29,15.2,227.1,-999.0
2007,8,30,29.9,102.9,-999.0
2007,8,31,9.5,239.2,-999.0
2007,9,1,11.7,216.2,-999.0
2007,9,2,19.9,229.6,-999.0
2007,9,3,24.2,237.1,-999.0
2007,9,4,12.3,272.5,-999.0
2007,9,5,10.9,229.2,-999.0
2007,9,6,14.2,236.7,-999.0
2007,9,7,19.7,219.6,-999.0
2007,9,8,21.7,232.1,-999.0
2007,9,9,35.8,87.5,-999.0
2007,9,10,22.6,34.6,-999.0
2007,9,11,48.2,34.2,-999.0
2007,9,12,24.8,207.9,-999.0
2007,9,13,18.9,233.3,-999.0
2007,9,14,14.2,142.5,-999.0
2007,9,15,17.7,242.1,-999.0
2007,9,16,20.9,231.7,-999.0
2007,9,17,18.0,225.4,-999.0
2007,9,18,12.2,223.8,-999.0
2007,9,19,25.8,220.0,-999.0
2007,9,20,23.0,227.1,-999.0
2007,9,21,6.3,243.8,-999.0
2007,9,22,13.4,248.7,-999.0
2007,9,23,21.8,234.2,-999.0
2007,9,24,19.9,196.7,-999.0
2007,9,25,19.0,180.0,-999.0
2007,9,26,20.0,201.7,-999.0
2007,9,27,41.2,35.8,-999.0
2007,9,28,27.2,72.1,-999.0
2007,9,29,11.0,281.7,-999.0
2007,9,30,9.7,244.6,-999.0
2007,10,1,17.8,237.5,-999.0
2007,10,2,18.5,220.8,-999.0
2007,10,3,8.4,222.9,-999.0
2007,10,4,21.2,222.5,-999.0
2007,10,5,26.0,220.0,-999.0
2007,10,6,21.0,102.5,-999.0
2007,10,7,13.8,190.4,-999.0
2007,10,8,9.5,242.9,-999.0
2007,10,9,30.4,72.5,-999.0
2007,10,10,34.0,35.4,-999.0
2007,10,11,49.5,33.8,-999.0
2007,10,12,52.0,57.1,-999.0
2007,10,13,18.5,222.1,-999.0
2007,10,14,10.5,272.1,-999.0
2007,10,15,17.9,244.2,-999.0
2007,10,16,16.6,245.4,-999.0
2007,10,17,13.7,222.2,-999.0
2007,10,18,7.9,172.1,-999.0
2007,10,19,32.8,35.4,-999.0
2007,10,20,26.5,213.3,-999.0
2007,10,21,26.9,212.9,-999.0
2007,10,22,20.3,205.4,-999.0
2007,10,23,17.9,234.2,-999.0
2007,10,24,13.0,240.8,-999.0
2007,10,25,10.6,161.2,-999.0
2007,10,26,16.5,232.1,-999.0
2007,10,27,16.4,168.8,-999.0
2007,10,28,30.3,243.3,-999.0
2007,10,29,19.2,237.5,-999.0
2007,10,30,17.2,240.4,-999.0
2007,10,31,8.2,208.3,-999.0
2007,11,1,28.3,232.5,-999.0
2007,11,2,16.0,240.4,-999.0
2007,11,3,32.1,123.3,-999.0
2007,11,4,17.8,237.9,-999.0
2007,11,5,18.5,129.1,-999.0
2007,11,6,20.6,101.7,-999.0
2007,11,7,21.0,228.3,-999.0
2007,11,8,8.5,261.7,-999.0
2007,11,9,14.4,125.4,-999.0
2007,11,10,27.6,113.3,-999.0
2007,11,11,11.0,281.2,-999.0
2007,11,12,9.2,249.2,-999.0
2007,11,13,17.5,239.2,-999.0
2007,11,14,20.6,227.9,-999.0
2007,11,15,13.7,181.2,-999.0
2007,11,16,17.8,235.4,-999.0
2007,11,17,37.0,226.7,-999.0
2007,11,18,10.5,204.2,-999.0
2007,11,19,8.0,203.8,-999.0
2007,11,20,9.4,259.6,-999.0
2007,11,21,16.5,146.7,-999.0
2007,11,22,50.8,44.2,-999.0
2007,11,23,14.9,307.9,-999.0
2007,11,24,18.6,240.4,-999.0
2007,11,25,22.9,234.2,-999.0
2007,11,26,18.9,213.3,-999.0
2007,11,27,26.0,144.3,-999.0
2007,11,28,17.2,243.8,-999.0
2007,11,29,19.3,202.9,-999.0
2007,11,30,25.0,230.4,-999.0
2007,12,1,16.4,260.0,-999.0
2007,12,2,16.7,208.3,-999.0
2007,12,3,56.0,36.7,-999.0
2007,12,4,39.9,80.8,-999.0
2007,12,5,18.4,227.9,-999.0
2007,12,6,23.8,225.0,-999.0
2007,12,7,10.1,244.2,-999.0
2007,12,8,15.8,238.3,-999.0
2007,12,9,21.8,237.5,-999.0
2007,12,10,24.8,222.1,-999.0
2007,12,11,18.6,224.2,-999.0
2007,12,12,18.8,247.1,-999.0
2007,12,13,13.2,221.7,-999.0
2007,12,14,24.5,132.9,-999.0
2007,12,15,17.5,227.5,-999.0
2007,12,16,44.1,71.7,-999.0
2007,12,17,25.5,225.4,-999.0
2007,12,18,20.3,215.4,-999.0
2007,12,19,31.0,114.2,-999.0
2007,12,20,44.2,31.7,-999.0
2007,12,21,22.8,40.4,-999.0
2007,12,22,10.8,195.4,-999.0
2007,12,23,11.6,146.7,-999.0
2007,12,24,35.3,222.9,-999.0
2007,12,25,27.5,227.5,-999.0
2007,12,26,17.4,217.1,-999.0
2007,12,27,46.5,49.2,-999.0
2007,12,28,17.1,107.0,-999.0
2007,12,29,25.2,101.7,-999.0
2007,12,30,22.5,225.0,-999.0
2007,12,31,23.3,102.5,-999.0
2008,1,1,27.0,147.5,-999.0
2008,1,2,23.7,219.2,-999.0
2008,1,3,22.2,235.8,-999.0
2008,1,4,30.5,208.3,-999.0
2008,1,5,17.6,226.7,-999.0
2008,1,6,17.7,206.2,-999.0
2008,1,7,15.8,209.6,-999.0
2008,1,8,15.3,119.2,-999.0
2008,1,9,33.4,110.4,-999.0
2008,1,10,28.9,230.8,-999.0
2008,1,11,35.2,64.6,-999.0
2008,1,12,26.0,224.2,-999.0
2008,1,13,16.6,233.3,-999.0
2008,1,14,46.4,44.6,-999.0
2008,1,15,12.2,189.2,-999.0
2008,1,16,13.9,239.6,-999.0
2008,1,17,11.8,235.8,-999.0
2008,1,18,21.5,230.4,-999.0
2008,1,19,17.9,235.4,-999.0
2008,1,20,19.5,238.8,-999.0
2008,1,21,24.7,221.7,-999.0
2008,1,22,10.9,235.8,-999.0
2008,1,23,20.2,242.9,-999.0
2008,1,24,15.6,243.3,-999.0
2008,1,25,21.9,220.4,-999.0
2008,1,26,11.8,235.8,-999.0
2008,1,27,15.9,144.2,-999.0
2008,1,28,17.0,76.7,-999.0
2008,1,29,27.4,64.6,-999.0
2008,1,30,29.6,107.4,-999.0
2008,1,31,33.5,223.3,-999.0
2008,2,1,32.9,127.1,-999.0
2008,2,2,34.0,150.0,-999.0
2008,2,3,10.6,233.3,-999.0
2008,2,4,7.3,244.2,-999.0
2008,2,5,26.0,67.5,-999.0
2008,2,6,8.8,226.7,-999.0
2008,2,7,35.3,49.6,-999.0
2008,2,8,17.2,146.2,-999.0
2008,2,9,12.1,181.2,-999.0
2008,2,10,30.4,64.6,-999.0
2008,2,11,35.8,220.8,-999.0
2008,2,12,25.3,229.2,-999.0
2008,2,13,36.0,36.2,-999.0
2008,2,14,16.5,240.0,-999.0
2008,2,15,16.6,247.9,-999.0
2008,2,16,25.2,230.0,-999.0
2008,2,17,11.0,247.9,-999.0
2008,2,18,14.1,137.1,-999.0
2008,2,19,28.4,218.3,-999.0
2008,2,20,24.6,230.4,-999.0
2008,2,21,25.5,226.7,-999.0
2008,2,22,13.8,228.3,-999.0
2008,2,23,18.9,235.4,-999.0
2008,2,24,26.5,218.8,-999.0
2008,2,25,23.5,217.9,-999.0
2008,2,26,34.0,67.5,-999.0
2008,2,27,38.2,91.7,-999.0
2008,2,28,14.2,274.2,-999.0
2008,2,29,14.9,250.0,-999.0
2008,3,1,38.2,39.6,-999.0
2008,3,2,12.3,218.8,-999.0
2008,3,3,7.8,197.1,-999.0
2008,3,4,21.8,219.6,-999.0
2008,3,5,48.9,63.3,-999.0
2008,3,6,21.7,215.0,-999.0
2008,3,7,8.1,169.1,-999.0
2008,3,8,43.6,45.8,-999.0
2008,3,9,41.1,111.7,-999.0
2008,3,10,20.6,222.9,-999.0
2008,3,11,25.0,215.4,-999.0
2008,3,12,15.3,227.1,-999.0
2008,3,13,15.2,180.4,-999.0
2008,3,14,34.4,42.1,-999.0
2008,3,15,33.2,38.8,-999.0
2008,3,16,11.0,175.8,-999.0
2008,3,17,11.0,215.4,-999.0
2008,3,18,9.3,134.6,-999.0
2008,3,19,27.3,32.5,-999.0
2008,3,20,30.3,76.7,-999.0
2008,3,21,22.2,257.1,-999.0
2008,3,22,17.4,242.9,-999.0
2008,3,23,23.2,239.6,-999.0
2008,3,24,19.3,235.4,-999.0
2008,3,25,11.6,225.7,-999.0
2008,3,26,16.1,235.0,-999.0
2008,3,27,13.1,236.2,-999.0
2008,3,28,34.7,40.8,-999.0
2008,3,29,15.2,276.7,-999.0
2008,3,30,13.9,226.2,-999.0
2008,3,31,6.8,215.7,-999.0
2008,4,1,24.6,85.0,-999.0
2008,4,2,32.9,244.6,-999.0
2008,4,3,29.0,218.8,-999.0
2008,4,4,12.9,215.8,-999.0
2008,4,5,25.5,41.2,-999.0
2008,4,6,18.8,41.7,-999.0
2008,4,7,29.8,47.1,-999.0
2008,4,8,11.4,47.9,-999.0
2008,4,9,7.2,48.0,-999.0
2008,4,10,22.2,231.3,-999.0
2008,4,11,14.0,190.4,-999.0
2008,4,12,45.7,45.9,-999.0
2008,4,13,18.1,149.6,-999.0
2008,4,14,9.0,265.0,-999.0
2008,4,15,18.1,242.9,-999.0
2008,4,16,24.0,217.1,-999.0
2008,4,17,19.0,219.2,-999.0
2008,4,18,24.8,56.7,-999.0
2008,4,19,41.0,45.4,-999.0
2008,4,20,36.8,31.2,-999.0
2008,4,21,25.3,33.8,-999.0
2008,4,22,14.5,41.7,-999.0
2008,4,23,32.3,42.1,-999.0
2008,4,24,10.2,157.5,-999.0
2008,4,25,18.3,93.8,-999.0
2008,4,26,33.8,35.8,-999.0
2008,4,27,24.0,40.4,-999.0
2008,4,28,33.3,30.4,-999.0
2008,4,29,24.0,97.9,-999.0
2008,4,30,19.3,242.9,-999.0
2008,5,1,10.6,201.2,-999.0
2008,5,2,18.7,142.1,-999.0
2008,5,3,35.6,33.8,-999.0
2008,5,4,18.1,56.4,-999.0
2008,5,5,14.5,210.4,-999.0
2008,5,6,7.7,179.1,-999.0
2008,5,7,9.8,192.2,-999.0
2008,5,8,16.8,174.2,-999.0
2008,5,9,17.4,141.2,-999.0
2008,5,10,42.8,36.7,-999.0
2008,5,11,39.8,39.6,-999.0
2008,5,12,37.8,35.8,-999.0
2008,5,13,10.3,111.7,-999.0
2008,5,14,10.7,74.8,-999.0
2008,5,15,12.9,72.9,-999.0
2008,5,16,13.6,132.5,-999.0
2008,5,17,30.2,53.3,-999.0
2008,5,18,18.9,240.4,-999.0
2008,5,19,21.9,226.2,-999.0
2008,5,20,22.5,238.3,-999.0
2008,5,21,29.6,103.8,-999.0
2008,5,22,12.1,154.2,-999.0
2008,5,23,14.2,145.4,-999.0
2008,5,24,12.0,197.1,-999.0
2008,5,25,27.5,222.9,-999.0
2008,5,26,20.7,223.8,-999.0
2008,5,27,15.2,261.2,-999.0
2008,5,28,21.2,245.8,-999.0
2008,5,29,26.5,267.5,-999.0
2008,5,30,16.3,238.8,-999.0
2008,5,31,34.8,98.8,-999.0
2008,6,1,26.4,34.2,-999.0
2008,6,2,18.2,143.9,-999.0
2008,6,3,13.8,200.4,-999.0
2008,6,4,39.4,35.4,-999.0
2008,6,5,35.4,37.1,-999.0
2008,6,6,13.1,136.2,-999.0
2008,6,7,15.9,182.5,-999.0
2008,6,8,18.8,214.2,-999.0
2008,6,9,28.6,70.8,-999.0
2008,6,10,17.2,76.2,-999.0
2008,6,11,20.5,232.9,-999.0
2008,6,12,11.0,231.7,-999.0
2008,6,13,10.5,130.4,-999.0
2008,6,14,31.5,45.8,-999.0
2008,6,15,35.4,34.2,-999.0
2008,6,16,32.7,35.4,-999.0
2008,6,17,33.6,35.4,-999.0
2008,6,18,32.2,37.1,-999.0
2008,6,19,30.7,48.8,-999.0
2008,6,20,10.9,164.8,-999.0
2008,6,21,17.5,189.6,-999.0
2008,6,22,15.2,60.4,-999.0
2008,6,23,8.7,220.4,-999.0
2008,6,24,17.3,191.2,-999.0
2008,6,25,23.6,221.2,-999.0
2008,6,26,21.5,185.4,-999.0
2008,6,27,40.2,35.4,-999.0
2008,6,28,47.8,32.1,-999.0
2008,6,29,46.9,32.9,-999.0
2008,6,30,20.5,130.4,-999.0
2008,7,1,18.8,212.1,-999.0
2008,7,2,19.2,222.5,-999.0
2008,7,3,14.8,233.8,-999.0
2008,7,4,17.4,229.6,-999.0
2008,7,5,16.6,240.8,-999.0
2008,7,6,19.8,217.9,-999.0
2008,7,7,23.8,217.5,-999.0
2008,7,8,11.7,178.3,-999.0
2008,7,9,18.3,180.4,-999.0
2008,7,10,21.1,225.8,-999.0
2008,7,11,18.2,225.4,-999.0
2008,7,12,12.1,177.5,-999.0
2008,7,13,20.1,196.1,-999.0
2008,7,14,22.0,220.4,-999.0
2008,7,15,20.5,225.0,-999.0
2008,7,16,10.8,241.7,-999.0
2008,7,17,15.6,229.6,-999.0
2008,7,18,15.9,150.0,-999.0
2008,7,19,10.6,159.6,-999.0
2008,7,20,9.5,230.0,-999.0
2008,7,21,40.3,83.8,-999.0
2008,7,22,47.2,32.9,-999.0
2008,7,23,45.4,31.7,-999.0
2008,7,24,31.3,66.7,-999.0
2008,7,25,16.6,227.9,-999.0
2008,7,26,15.5,219.6,-999.0
2008,7,27,18.6,221.7,-999.0
2008,7,28,12.9,227.5,-999.0
2008,7,29,12.5,228.8,-999.0
2008,7,30,15.0,222.1,-999.0
2008,7,31,26.2,87.4,-999.0
2008,8,1,38.0,31.2,-999.0
2008,8,2,38.5,33.3,-999.0
2008,8,3,41.4,33.8,-999.0
2008,8,4,42.1,35.4,-999.0
2008,8,5,29.7,37.1,-999.0
2008,8,6,31.2,57.9,-999.0
2008,8,7,30.9,40.8,-999.0
2008,8,8,29.3,64.6,-999.0
2008,8,9,23.0,40.0,-999.0
2008,8,10,25.7,35.4,-999.0
2008,8,11,21.3,34.6,-999.0
2008,8,12,19.9,68.8,-999.0
2008,8,13,13.5,219.2,-999.0
2008,8,14,19.5,112.9,-999.0
2008,8,15,9.3,226.2,-999.0
2008,8,16,19.5,223.3,-999.0
2008,8,17,20.3,229.2,-999.0
2008,8,18,18.7,229.2,-999.0
2008,8,19,14.0,296.2,-999.0
2008,8,20,14.8,265.8,-999.0
2008,8,21,22.9,220.8,-999.0
2008,8,22,20.3,222.5,-999.0
2008,8,23,16.4,215.0,-999.0
2008,8,24,18.8,227.9,-999.0
2008,8,25,14.5,262.5,-999.0
2008,8,26,12.0,240.0,-999.0
2008,8,27,10.7,194.2,-999.0
2008,8,28,28.1,116.7,-999.0
2008,8,29,37.1,36.2,-999.0
2008,8,30,17.5,196.2,-999.0
2008,8,31,10.5,287.9,-999.0
2008,9,1,8.9,237.5,-999.0
2008,9,2,7.0,146.7,-999.0
2008,9,3,8.5,139.1,-999.0
2008,9,4,10.9,236.7,-999.0
2008,9,5,27.0,93.8,-999.0
2008,9,6,16.8,204.2,-999.0
2008,9,7,28.9,112.9,-999.0
2008,9,8,21.9,225.4,-999.0
2008,9,9,16.2,177.9,-999.0
2008,9,10,11.3,249.2,-999.0
2008,9,11,18.1,227.5,-999.0
2008,9,12,6.5,264.2,-999.0
2008,9,13,8.5,200.4,-999.0
2008,9,14,14.1,122.9,-999.0
2008,9,15,14.5,242.5,-999.0
2008,9,16,10.1,234.2,-999.0
2008,9,17,18.4,230.4,-999.0
2008,9,18,10.8,303.3,-999.0
2008,9,19,16.4,245.0,-999.0
2008,9,20,20.5,227.1,-999.0
2008,9,21,26.0,96.2,-999.0
2008,9,22,8.9,256.7,-999.0
2008,9,23,19.5,233.8,-999.0
2008,9,24,8.6,210.0,-999.0
2008,9,25,21.2,217.5,-999.0
2008,9,26,13.6,224.6,-999.0
2008,9,27,25.8,78.8,-999.0
2008,9,28,34.7,32.1,-999.0
2008,9,29,18.0,100.4,-999.0
2008,9,30,41.8,33.3,-999.0
2008,10,1,38.8,34.6,-999.0
2008,10,2,20.2,205.0,-999.0
2008,10,3,30.8,228.8,-999.0
2008,10,4,22.8,233.8,-999.0
2008,10,5,13.5,251.2,-999.0
2008,10,6,9.3,253.8,-999.0
2008,10,7,17.3,239.2,-999.0
2008,10,8,19.3,223.3,-999.0
2008,10,9,12.5,243.3,-999.0
2008,10,10,21.4,227.9,-999.0
2008,10,11,13.4,288.3,-999.0
2008,10,12,8.7,197.5,-999.0
2008,10,13,21.8,66.7,-999.0
2008,10,14,12.8,240.0,-999.0
2008,10,15,13.5,218.8,-999.0
2008,10,16,12.2,256.7,-999.0
2008,10,17,11.7,274.2,-999.0
2008,10,18,9.7,277.9,-999.0
2008,10,19,14.7,235.4,-999.0
2008,10,20,20.7,219.6,-999.0
2008,10,21,45.6,104.6,-999.0
2008,10,22,47.1,53.8,-999.0
2008,10,23,19.2,222.9,-999.0
2008,10,24,26.3,213.3,-999.0
2008,10,25,13.2,160.0,-999.0
2008,10,26,15.9,224.1,-999.0
2008,10,27,8.5,187.4,-999.0
2008,10,28,44.9,44.6,-999.0
2008,10,29,37.1,192.9,-999.0
2008,10,30,21.3,244.2,-999.0
2008,10,31,21.3,233.3,-999.0
2008,11,1,11.8,280.0,-999.0
2008,11,2,13.2,259.6,-999.0
2008,11,3,22.8,225.8,-999.0
2008,11,4,20.1,209.6,-999.0
2008,11,5,20.5,211.2,-999.0
2008,11,6,11.9,205.8,-999.0
2008,11,7,45.2,48.8,-999.0
2008,11,8,46.2,38.8,-999.0
2008,11,9,18.0,195.4,-999.0
2008,11,10,17.7,221.7,-999.0
2008,11,11,17.2,226.7,-999.0
2008,11,12,15.6,237.5,-999.0
2008,11,13,15.8,167.4,-999.0
2008,11,14,14.4,64.2,-999.0
2008,11,15,18.6,50.4,-999.0
2008,11,16,26.2,176.2,-999.0
2008,11,17,29.5,225.0,-999.0
2008,11,18,14.0,259.2,-999.0
2008,11,19,14.5,319.2,-999.0
2008,11,20,10.1,256.2,-999.0
2008,11,21,14.7,262.5,-999.0
2008,11,22,18.5,313.8,-999.0
2008,11,23,24.5,245.0,-999.0
2008,11,24,20.5,195.0,-999.0
2008,11,25,58.8,31.2,-999.0
2008,11,26,47.2,32.1,-999.0
2008,11,27,12.6,153.8,-999.0
2008,11,28,11.0,124.3,-999.0
2008,11,29,18.1,220.0,-999.0
2008,11,30,14.1,212.5,-999.0
2008,12,1,38.3,86.2,-999.0
2008,12,2,28.2,225.0,-999.0
2008,12,3,16.3,227.9,-999.0
2008,12,4,17.5,234.6,-999.0
2008,12,5,16.7,241.7,-999.0
2008,12,6,9.5,250.0,-999.0
2008,12,7,11.4,225.0,-999.0
2008,12,8,20.5,240.4,-999.0
2008,12,9,13.9,232.9,-999.0
2008,12,10,28.7,122.5,-999.0
2008,12,11,28.0,92.9,-999.0
2008,12,12,30.9,112.9,-999.0
2008,12,13,22.8,238.3,-999.0
2008,12,14,11.6,236.7,-999.0
2008,12,15,22.3,236.2,-999.0
2008,12,16,25.9,235.0,-999.0
2008,12,17,22.5,126.2,-999.0
2008,12,18,21.4,218.8,-999.0
2008,12,19,20.2,160.8,-999.0
2008,12,20,29.0,45.4,-999.0
2008,12,21,39.5,46.7,-999.0
2008,12,22,21.5,240.0,-999.0
2008,12,23,31.2,219.2,-999.0
2008,12,24,11.6,199.6,-999.0
2008,12,25,21.0,245.5,-999.0
2008,12,26,12.8,249.2,-999.0
2008,12,27,21.6,40.0,-999.0
2008,12,28,17.5,197.7,-999.0
2008,12,29,24.3,228.8,-999.0
2008,12,30,21.1,147.1,-999.0
2008,12,31,16.0,252.1,-999.0
2009,1,1,17.8,250.8,-999.0
2009,1,2,17.4,225.8,-999.0
2009,1,3,25.5,237.5,-999.0
2009,1,4,31.6,217.9,-999.0
2009,1,5,31.7,217.9,-999.0
2009,1,6,19.9,228.8,-999.0
2009,1,7,37.6,86.2,-999.0
2009,1,8,28.4,155.0,-999.0
2009,1,9,26.4,222.9,-999.0
2009,1,10,25.6,220.0,-999.0
2009,1,11,12.7,151.7,-999.0
2009,1,12,20.7,217.9,-999.0
2009,1,13,7.7,276.2,-999.0
2009,1,14,33.3,222.9,-999.0
2009,1,15,20.0,234.6,-999.0
2009,1,16,22.2,230.0,-999.0
2009,1,17,12.0,245.8,-999.0
2009,1,18,47.2,32.1,-999.0
2009,1,19,25.7,50.0,-999.0
2009,1,20,9.0,205.8,-999.0
2009,1,21,26.5,220.0,-999.0
2009,1,22,22.2,243.3,-999.0
2009,1,23,20.2,144.2,-999.0
2009,1,24,23.9,207.9,-999.0
2009,1,25,21.0,239.6,-999.0
2009,1,26,19.6,227.5,-999.0
2009,1,27,17.1,230.8,-999.0
2009,1,28,26.5,142.1,-999.0
2009,1,29,27.3,188.3,-999.0
2009,1,30,9.6,235.2,-999.0
2009,1,31,23.8,227.5,-999.0
2009,2,1,14.0,195.0,-999.0
2009,2,2,17.5,225.0,-999.0
2009,2,3,23.7,128.3,-999.0
2009,2,4,14.2,268.8,-999.0
2009,2,5,18.1,235.8,-999.0
2009,2,6,29.8,216.7,-999.0
2009,2,7,21.7,218.8,-999.0
2009,2,8,20.3,250.0,-999.0
2009,2,9,17.6,241.2,-999.0
2009,2,10,15.0,142.5,-999.0
2009,2,11,15.4,188.8,-999.0
2009,2,12,7.8,63.8,-999.0
2009,2,13,4.9,238.6,-999.0
2009,2,14,16.9,277.9,-999.0
2009,2,15,17.5,222.9,-999.0
2009,2,16,12.0,213.9,-999.0
2009,2,17,10.2,226.5,-999.0
2009,2,18,19.7,123.3,-999.0
2009,2,19,47.1,30.0,-999.0
2009,2,20,34.5,170.8,-999.0
2009,2,21,34.0,219.2,-999.0
2009,2,22,30.7,102.9,-999.0
2009,2,23,22.0,205.4,-999.0
2009,2,24,17.4,262.9,-999.0
2009,2,25,21.2,222.1,-999.0
2009,2,26,11.4,219.6,-999.0
2009,2,27,13.5,166.7,-999.0
2009,2,28,15.0,241.2,-999.0
2009,3,1,26.7,93.3,-999.0
2009,3,2,27.5,192.9,-999.0
2009,3,3,17.5,265.0,-999.0
2009,3,4,16.9,266.2,-999.0
2009,3,5,20.8,221.7,-999.0
2009,3,6,13.6,85.5,-999.0
2009,3,7,24.0,212.9,-999.0
2009,3,8,16.7,226.1,-999.0
2009,3,9,31.9,44.2,-999.0
2009,3,10,10.4,212.9,-999.0
2009,3,11,23.3,144.2,-999.0
2009,3,12,24.2,244.6,-999.0
2009,3,13,20.8,228.8,-999.0
2009,3,14,25.2,220.0,-999.0
2009,3,15,30.1,68.8,-999.0
2009,3,16,11.3,132.9,-999.0
2009,3,17,8.0,200.4,-999.0
2009,3,18,15.5,211.2,-999.0
2009,3,19,16.5,266.2,-999.0
2009,3,20,13.9,259.6,-999.0
2009,3,21,16.7,233.8,-999.0
2009,3,22,15.6,253.8,-999.0
2009,3,23,10.8,217.5,-999.0
2009,3,24,30.1,114.2,-999.0
2009,3,25,16.3,44.2,-999.0
2009,3,26,20.1,35.7,-999.0
2009,3,27,16.7,168.8,-999.0
2009,3,28,16.9,177.9,-999.0
2009,3,29,45.6,31.2,-999.0
2009,3,30,55.8,30.0,-999.0
2009,3,31,15.5,46.2,-999.0
2009,4,1,10.8,86.1,-999.0
2009,4,2,15.2,216.2,-999.0
2009,4,3,32.5,83.0,-999.0
2009,4,4,39.6,37.1,-999.0
2009,4,5,13.3,62.6,-999.0
2009,4,6,37.8,52.1,-999.0
2009,4,7,42.0,81.7,-999.0
2009,4,8,27.6,220.4,-999.0
2009,4,9,23.3,226.2,-999.0
2009,4,10,13.4,267.9,-999.0
2009,4,11,16.8,186.2,-999.0
2009,4,12,18.5,285.4,-999.0
2009,4,13,17.5,201.7,-999.0
2009,4,14,12.3,182.5,-999.0
2009,4,15,8.4,132.9,-999.0
2009,4,16,12.1,100.4,-999.0
2009,4,17,20.2,249.2,-999.0
2009,4,18,20.4,69.6,-999.0
2009,4,19,16.6,161.7,-999.0
2009,4,20,24.5,99.6,-999.0
2009,4,21,44.3,30.0,-999.0
2009,4,22,21.3,56.7,-999.0
2009,4,23,16.3,254.8,-999.0
2009,4,24,22.0,228.3,-999.0
2009,4,25,16.1,217.7,-999.0
2009,4,26,25.5,84.2,-999.0
2009,4,27,20.2,40.9,-999.0
2009,4,28,17.4,256.7,-999.0
2009,4,29,11.0,252.5,-999.0
2009,4,30,10.8,157.9,-999.0
2009,5,1,21.3,224.2,-999.0
2009,5,2,20.5,239.2,-999.0
2009,5,3,24.0,214.6,-999.0
2009,5,4,17.5,225.0,-999.0
2009,5,5,31.5,33.3,-999.0
2009,5,6,31.8,35.0,-999.0
2009,5,7,35.9,46.2,-999.0
2009,5,8,11.8,101.7,-999.0
2009,5,9,14.2,102.4,-999.0
2009,5,10,19.1,100.4,-999.0
2009,5,11,14.0,130.8,-999.0
2009,5,12,6.3,169.6,-999.0
2009,5,13,14.0,214.2,-999.0
2009,5,14,31.0,220.4,-999.0
2009,5,15,21.0,167.9,-999.0
2009,5,16,31.8,45.0,-999.0
2009,5,17,29.2,197.1,-999.0
2009,5,18,9.8,248.3,-999.0
2009,5,19,24.0,234.6,-999.0
2009,5,20,13.3,212.1,-999.0
2009,5,21,31.4,235.4,-999.0
2009,5,22,13.7,254.2,-999.0
2009,5,23,8.6,223.0,-999.0
2009,5,24,13.9,181.7,-999.0
2009,5,25,13.7,260.4,-999.0
2009,5,26,12.2,196.2,-999.0
2009,5,27,34.0,44.2,-999.0
2009,5,28,26.2,60.8,-999.0
2009,5,29,9.5,108.8,-999.0
2009,5,30,15.9,225.4,-999.0
2009,5,31,14.9,249.6,-999.0
2009,6,1,32.1,235.8,-999.0
2009,6,2,22.8,232.1,-999.0
2009,6,3,19.1,229.6,-999.0
2009,6,4,16.0,244.2,-999.0
2009,6,5,17.0,229.6,-999.0
2009,6,6,16.3,246.7,-999.0
2009,6,7,14.2,267.1,-999.0
2009,6,8,14.4,186.2,-999.0
2009,6,9,42.1,55.4,-999.0
2009,6,10,31.7,42.5,-999.0
2009,6,11,17.4,46.2,-999.0
2009,6,12,35.2,55.0,-999.0
2009,6,13,15.4,178.3,-999.0
2009,6,14,17.0,85.8,-999.0
2009,6,15,18.7,41.7,-999.0
2009,6,16,13.2,226.5,-999.0
2009,6,17,21.3,222.5,-999.0
2009,6,18,20.4,228.8,-999.0
2009,6,19,18.9,112.5,-999.0
2009,6,20,45.5,42.1,-999.0
2009,6,21,56.0,42.1,-999.0
2009,6,22,45.4,43.3,-999.0
2009,6,23,38.3,42.9,-999.0
2009,6,24,18.8,60.8,-999.0
2009,6,25,12.5,117.0,-999.0
2009,6,26,11.2,87.9,-999.0
2009,6,27,35.6,45.4,-999.0
2009,6,28,48.0,43.3,-999.0
2009,6,29,55.1,45.8,-999.0
2009,6,30,49.8,45.0,-999.0
2009,7,1,42.8,43.8,-999.0
2009,7,2,41.6,43.3,-999.0
2009,7,3,40.0,44.6,-999.0
2009,7,4,19.7,87.9,-999.0
2009,7,5,21.2,197.5,-999.0
2009,7,6,39.9,41.7,-999.0
2009,7,7,41.6,40.0,-999.0
2009,7,8,27.5,87.5,-999.0
2009,7,9,13.5,236.2,-999.0
2009,7,10,19.1,230.0,-999.0
2009,7,11,13.2,221.7,-999.0
2009,7,12,22.7,227.5,-999.0
2009,7,13,20.0,231.7,-999.0
2009,7,14,18.6,236.2,-999.0
2009,7,15,18.0,256.2,-999.0
2009,7,16,12.5,142.9,-999.0
2009,7,17,25.9,42.9,-999.0
2009,7,18,25.5,81.2,-999.0
2009,7,19,22.0,236.2,-999.0
2009,7,20,16.8,220.0,-999.0
2009,7,21,15.7,145.0,-999.0
2009,7,22,30.8,41.2,-999.0
2009,7,23,19.0,42.5,-999.0
2009,7,24,29.0,50.8,-999.0
2009,7,25,44.1,45.8,-999.0
2009,7,26,44.0,47.5,-999.0
2009,7,27,17.3,121.2,-999.0
2009,7,28,20.5,227.9,-999.0
2009,7,29,10.1,229.2,-999.0
2009,7,30,14.2,222.5,-999.0
2009,7,31,21.2,218.3,-999.0
2009,8,1,19.9,220.4,-999.0
2009,8,2,12.0,169.1,-999.0
2009,8,3,19.8,232.5,-999.0
2009,8,4,13.0,243.3,-999.0
2009,8,5,19.2,242.5,-999.0
2009,8,6,16.2,235.4,-999.0
2009,8,7,10.4,272.5,-999.0
2009,8,8,17.5,245.4,-999.0
2009,8,9,15.0,193.8,-999.0
2009,8,10,15.1,151.2,-999.0
2009,8,11,18.4,117.1,-999.0
2009,8,12,11.6,63.3,-999.0
2009,8,13,13.7,236.1,-999.0
2009,8,14,23.0,221.7,-999.0
2009,8,15,25.9,220.0,-999.0
2009,8,16,17.7,112.1,-999.0
2009,8,17,18.9,215.0,-999.0
2009,8,18,24.3,225.8,-999.0
2009,8,19,17.2,242.9,-999.0
2009,8,20,13.0,204.2,-999.0
2009,8,21,26.0,44.2,-999.0
2009,8,22,13.0,240.0,-999.0
2009,8,23,31.6,64.2,-999.0
2009,8,24,10.4,179.2,-999.0
2009,8,25,16.7,242.5,-999.0
2009,8,26,22.7,250.4,-999.0
2009,8,27,12.2,277.1,-999.0
2009,8,28,11.5,191.7,-999.0
2009,8,29,42.0,55.0,-999.0
2009,8,30,16.2,154.6,-999.0
2009,8,31,12.3,275.8,-999.0
2009,9,1,20.5,234.6,-999.0
2009,9,2,28.1,226.7,-999.0
2009,9,3,23.9,227.5,-999.0
2009,9,4,20.7,182.9,-999.0
2009,9,5,16.2,209.6,-999.0
2009,9,6,9.1,236.2,-999.0
2009,9,7,23.5,230.4,-999.0
2009,9,8,19.8,179.6,-999.0
2009,9,9,25.5,105.4,-999.0
2009,9,10,11.4,237.5,-999.0
2009,9,11,22.8,222.1,-999.0
2009,9,12,16.6,228.8,-999.0
2009,9,13,12.0,247.1,-999.0
2009,9,14,18.2,257.9,-999.0
2009,9,15,28.8,83.8,-999.0
2009,9,16,25.8,111.7,-999.0
2009,9,17,16.2,242.9,-999.0
2009,9,18,18.4,258.8,-999.0
2009,9,19,11.6,272.1,-999.0
2009,9,20,31.6,219.2,-999.0
2009,9,21,16.0,227.5,-999.0
2009,9,22,18.6,227.1,-999.0
2009,9,23,20.9,205.8,-999.0
2009,9,24,12.0,269.6,-999.0
2009,9,25,26.8,112.5,-999.0
2009,9,26,18.3,246.7,-999.0
2009,9,27,16.4,135.0,-999.0
2009,9,28,28.7,42.9,-999.0
2009,9,29,7.8,190.0,-999.0
2009,9,30,21.8,228.3,-999.0
2009,10,1,25.5,228.3,-999.0
2009,10,2,15.5,246.2,-999.0
2009,10,3,35.6,67.5,-999.0
2009,10,4,37.0,39.6,-999.0
2009,10,5,12.2,166.7,-999.0
2009,10,6,18.4,234.6,-999.0
2009,10,7,41.5,82.5,-999.0
2009,10,8,12.8,203.8,-999.0
2009,10,9,11.9,237.9,-999.0
2009,10,10,15.7,220.9,-999.0
2009,10,11,24.9,237.9,-999.0
2009,10,12,19.2,239.6,-999.0
2009,10,13,7.3,214.6,-999.0
2009,10,14,10.5,291.2,-999.0
2009,10,15,9.6,268.8,-999.0
2009,10,16,33.2,77.1,-999.0
2009,10,17,28.8,72.5,-999.0
2009,10,18,26.2,97.1,-999.0
2009,10,19,14.2,239.2,-999.0
2009,10,20,17.2,247.9,-999.0
2009,10,21,15.0,173.3,-999.0
2009,10,22,32.7,73.3,-999.0
2009,10,23,14.3,197.9,-999.0
2009,10,24,38.1,39.6,-999.0
2009,10,25,24.2,222.5,-999.0
2009,10,26,17.8,223.8,-999.0
2009,10,27,37.7,41.2,-999.0
2009,10,28,46.8,42.9,-999.0
2009,10,29,15.4,85.0,-999.0
2009,10,30,6.5,184.5,-999.0
2009,10,31,22.6,245.4,-999.0
2009,11,1,19.3,266.2,-999.0
2009,11,2,23.2,87.1,-999.0
2009,11,3,14.8,145.4,-999.0
2009,11,4,16.2,253.8,-999.0
2009,11,5,22.2,95.0,-999.0
2009,11,6,17.3,198.8,-999.0
2009,11,7,8.8,263.3,-999.0
2009,11,8,26.1,217.9,-999.0
2009,11,9,16.3,227.1,-999.0
2009,11,10,17.7,251.2,-999.0
2009,11,11,16.8,218.3,-999.0
2009,11,12,23.7,225.8,-999.0
2009,11,13,4.0,191.0,-999.0
2009,11,14,6.1,142.7,-999.0
2009,11,15,14.7,123.3,-999.0
2009,11,16,19.4,250.4,-999.0
2009,11,17,10.8,255.7,-999.0
2009,11,18,33.9,222.1,-999.0
2009,11,19,18.5,229.2,-999.0
2009,11,20,15.9,174.2,-999.0
2009,11,21,25.2,239.2,-999.0
2009,11,22,6.5,200.8,-999.0
2009,11,23,7.4,240.9,-999.0
2009,11,24,11.2,140.8,-999.0
2009,11,25,42.1,47.1,-999.0
2009,11,26,12.2,106.4,-999.0
2009,11,27,44.3,45.0,-999.0
2009,11,28,15.0,266.7,-999.0
2009,11,29,17.0,247.1,-999.0
2009,11,30,17.1,142.9,-999.0
2009,12,1,14.3,246.7,-999.0
2009,12,2,18.0,235.2,-999.0
2009,12,3,44.7,60.8,-999.0
2009,12,4,18.9,213.8,-999.0
2009,12,5,10.6,252.1,-999.0
2009,12,6,14.3,280.0,-999.0
2009,12,7,15.2,242.1,-999.0
2009,12,8,8.9,271.7,-999.0
2009,12,9,40.1,112.5,-999.0
2009,12,10,28.4,172.1,-999.0
2009,12,11,34.0,243.8,-999.0
2009,12,12,25.8,235.8,-999.0
2009,12,13,15.1,234.6,-999.0
2009,12,14,19.9,223.3,-999.0
2009,12,15,39.0,82.5,-999.0
2009,12,16,20.1,256.2,-999.0
2009,12,17,29.8,237.9,-999.0
2009,12,18,29.3,234.6,-999.0
2009,12,19,21.1,234.3,-999.0
2009,12,20,9.1,259.6,-999.0
2009,12,21,19.7,220.0,-999.0
2009,12,22,26.3,222.1,-999.0
2009,12,23,12.3,235.0,-999.0
2009,12,24,11.4,178.3,-999.0
2009,12,25,22.0,159.6,-999.0
2009,12,26,31.7,53.8,-999.0
2009,12,27,27.9,62.5,-999.0
2009,12,28,14.9,223.9,-999.0
2009,12,29,14.9,293.3,-999.0
2009,12,30,27.4,228.8,-999.0
2009,12,31,16.9,148.3,-999.0
2010,1,1,38.4,42.1,-999.0
2010,1,2,31.6,94.6,-999.0
2010,1,3,48.9,62.9,-999.0
2010,1,4,17.0,237.1,-999.0
2010,1,5,18.9,216.7,-999.0
2010,1,6,22.2,233.8,-999.0
2010,1,7,16.8,257.9,-999.0
2010,1,8,12.8,239.6,-999.0
2010,1,9,17.1,268.8,-999.0
2010,1,10,22.6,227.9,-999.0
2010,1,11,18.2,255.8,-999.0
2010,1,12,10.6,312.5,-999.0
2010,1,13,17.3,232.9,-999.0
2010,1,14,17.2,240.0,-999.0
2010,1,15,22.6,227.9,-999.0
2010,1,16,22.2,237.9,-999.0
2010,1,17,29.7,70.0,-999.0
2010,1,18,32.6,40.8,-999.0
2010,1,19,16.8,48.3,-999.0
2010,1,20,20.8,80.8,-999.0
2010,1,21,22.2,231.7,-999.0
2010,1,22,10.9,209.2,-999.0
2010,1,23,10.6,237.9,-999.0
2010,1,24,16.5,142.1,-999.0
2010,1,25,21.5,72.1,-999.0
2010,1,26,27.1,227.9,-999.0
2010,1,27,19.2,234.6,-999.0
2010,1,28,16.7,167.9,-999.0
2010,1,29,26.7,241.7,-999.0
2010,1,30,30.5,230.4,-999.0
2010,1,31,27.4,227.9,-999.0
2010,2,1,22.2,250.0,-999.0
2010,2,2,17.3,249.2,-999.0
2010,2,3,16.2,234.6,-999.0
2010,2,4,18.9,250.0,-999.0
2010,2,5,13.5,262.1,-999.0
2010,2,6,13.2,255.4,-999.0
2010,2,7,10.4,250.4,-999.0
2010,2,8,22.8,228.8,-999.0
2010,2,9,27.0,215.0,-999.0
2010,2,10,20.3,137.5,-999.0
2010,2,11,15.4,105.0,-999.0
2010,2,12,26.2,217.5,-999.0
2010,2,13,23.8,226.2,-999.0
2010,2,14,30.0,227.1,-999.0
2010,2,15,31.6,226.7,-999.0
2010,2,16,10.8,234.8,-999.0
2010,2,17,12.8,234.6,-999.0
2010,2,18,19.7,224.8,-999.0
2010,2,19,30.0,228.3,-999.0
2010,2,20,22.0,246.2,-999.0
2010,2,21,15.2,220.4,-999.0
2010,2,22,21.0,100.9,-999.0
2010,2,23,25.8,48.8,-999.0
2010,2,24,36.0,42.1,-999.0
2010,2,25,65.0,40.0,-999.0
2010,2,26,78.2,41.2,-999.0
2010,2,27,58.2,42.5,-999.0
2010,2,28,41.1,43.3,-999.0
2010,3,1,35.5,48.8,-999.0
2010,3,2,29.2,49.2,-999.0
2010,3,3,26.9,51.2,-999.0
2010,3,4,47.8,48.3,-999.0
2010,3,5,29.8,111.2,-999.0
2010,3,6,14.6,219.2,-999.0
2010,3,7,18.2,233.3,-999.0
2010,3,8,16.4,244.2,-999.0
2010,3,9,12.9,265.8,-999.0
2010,3,10,13.1,221.7,-999.0
2010,3,11,14.6,117.4,-999.0
2010,3,12,22.3,42.9,-999.0
2010,3,13,34.6,42.9,-999.0
2010,3,14,43.2,40.8,-999.0
2010,3,15,40.5,41.7,-999.0
2010,3,16,11.1,167.0,-999.0
2010,3,17,21.3,222.5,-999.0
2010,3,18,12.4,222.5,-999.0
2010,3,19,19.2,79.6,-999.0
2010,3,20,12.8,150.9,-999.0
2010,3,21,13.4,158.3,-999.0
2010,3,22,19.0,203.3,-999.0
2010,3,23,64.8,39.6,-999.0
2010,3,24,21.9,181.7,-999.0
2010,3,25,15.2,255.8,-999.0
2010,3,26,12.9,217.4,-999.0
2010,3,27,11.4,242.5,-999.0
2010,3,28,14.6,105.8,-999.0
2010,3,29,21.8,95.0,-999.0
2010,3,30,34.4,112.9,-999.0
2010,3,31,51.7,49.6,-999.0
2010,4,1,18.1,45.4,-999.0
2010,4,2,12.6,48.3,-999.0
2010,4,3,12.1,188.6,-999.0
2010,4,4,22.3,227.9,-999.0
2010,4,5,13.2,231.7,-999.0
2010,4,6,19.3,230.0,-999.0
2010,4,7,11.0,109.1,-999.0
2010,4,8,34.7,66.1,-999.0
2010,4,9,20.6,101.7,-999.0
2010,4,10,25.5,250.0,-999.0
2010,4,11,21.2,256.2,-999.0
2010,4,12,12.7,196.2,-999.0
2010,4,13,8.9,155.4,-999.0
2010,4,14,17.1,210.8,-999.0
2010,4,15,31.4,78.3,-999.0
2010,4,16,40.2,42.5,-999.0
2010,4,17,28.0,74.6,-999.0
2010,4,18,28.2,107.1,-999.0
2010,4,19,12.6,117.5,-999.0
2010,4,20,10.7,156.2,-999.0
2010,4,21,13.8,110.8,-999.0
2010,4,22,29.7,41.2,-999.0
2010,4,23,8.2,86.8,-999.0
2010,4,24,14.5,235.0,-999.0
2010,4,25,10.4,87.5,-999.0
2010,4,26,51.2,63.8,-999.0
2010,4,27,50.4,45.8,-999.0
2010,4,28,25.7,114.6,-999.0
2010,4,29,14.8,283.3,-999.0
2010,4,30,12.4,245.4,-999.0
2010,5,1,14.1,220.8,-999.0
2010,5,2,18.6,199.6,-999.0
2010,5,3,15.9,131.7,-999.0
2010,5,4,14.8,215.4,-999.0
2010,5,5,18.0,42.1,-999.0
2010,5,6,17.0,125.8,-999.0
2010,5,7,18.6,267.9,-999.0
2010,5,8,31.0,78.8,-999.0
2010,5,9,14.0,262.1,-999.0
2010,5,10,11.2,300.4,-999.0
2010,5,11,20.5,187.1,-999.0
2010,5,12,20.5,148.8,-999.0
2010,5,13,11.5,219.1,-999.0
2010,5,14,20.5,88.8,-999.0
2010,5,15,27.2,74.6,-999.0
2010,5,16,13.5,204.6,-999.0
2010,5,17,11.8,72.1,-999.0
2010,5,18,17.3,228.8,-999.0
2010,5,19,16.4,222.5,-999.0
2010,5,20,19.1,258.8,-999.0
2010,5,21,11.5,124.6,-999.0
2010,5,22,12.8,229.2,-999.0
2010,5,23,21.4,229.6,-999.0
2010,5,24,25.9,218.8,-999.0
2010,5,25,19.0,143.3,-999.0
2010,5,26,28.2,60.8,-999.0
2010,5,27,28.0,76.7,-999.0
2010,5,28,20.3,80.4,-999.0
2010,5,29,13.2,235.8,-999.0
2010,5,30,15.4,272.9,-999.0
2010,5,31,13.2,234.6,-999.0
2010,6,1,22.6,65.4,-999.0
2010,6,2,16.2,151.7,-999.0
2010,6,3,31.4,72.1,-999.0
2010,6,4,20.2,238.3,-999.0
2010,6,5,42.2,69.2,-999.0
2010,6,6,23.3,104.6,-999.0
2010,6,7,12.8,255.8,-999.0
2010,6,8,10.9,242.9,-999.0
2010,6,9,15.8,114.2,-999.0
2010,6,10,25.4,85.0,-999.0
2010,6,11,23.8,224.6,-999.0
2010,6,12,10.0,125.2,-999.0
2010,6,13,6.5,115.9,-999.0
2010,6,14,15.7,253.3,-999.0
2010,6,15,10.5,192.5,-999.0
2010,6,16,11.3,224.6,-999.0
2010,6,17,10.3,183.8,-999.0
2010,6,18,27.1,217.5,-999.0
2010,6,19,21.6,223.8,-999.0
2010,6,20,17.2,155.0,-999.0
2010,6,21,10.7,194.8,-999.0
2010,6,22,10.2,126.7,-999.0
2010,6,23,8.0,145.4,-999.0
2010,6,24,9.6,195.4,-999.0
2010,6,25,13.2,263.8,-999.0
2010,6,26,17.5,223.3,-999.0
2010,6,27,23.2,172.9,-999.0
2010,6,28,47.6,42.9,-999.0
2010,6,29,18.2,66.2,-999.0
2010,6,30,18.6,258.3,-999.0
2010,7,1,15.5,255.0,-999.0
2010,7,2,15.9,226.2,-999.0
2010,7,3,23.3,230.8,-999.0
2010,7,4,23.6,225.0,-999.0
2010,7,5,13.2,175.0,-999.0
2010,7,6,15.1,74.2,-999.0
2010,7,7,22.1,203.8,-999.0
2010,7,8,19.0,37.9,-999.0
2010,7,9,13.6,221.7,-999.0
2010,7,10,19.5,225.4,-999.0
2010,7,11,8.9,155.0,-999.0
2010,7,12,9.4,235.0,-999.0
2010,7,13,11.5,132.1,-999.0
2010,7,14,17.1,76.5,-999.0
2010,7,15,14.7,149.6,-999.0
2010,7,16,16.6,207.9,-999.0
2010,7,17,24.9,227.9,-999.0
2010,7,18,21.5,238.3,-999.0
2010,7,19,16.0,232.9,-999.0
2010,7,20,17.5,234.6,-999.0
2010,7,21,11.0,227.1,-999.0
2010,7,22,10.8,198.8,-999.0
2010,7,23,14.5,124.6,-999.0
2010,7,24,18.1,74.3,-999.0
2010,7,25,13.0,263.3,-999.0
2010,7,26,16.3,275.8,-999.0
2010,7,27,20.9,228.3,-999.0
2010,7,28,25.8,234.2,-999.0
2010,7,29,14.0,262.9,-999.0
2010,7,30,9.7,259.2,-999.0
2010,7,31,8.3,222.1,-999.0
2010,8,1,6.9,229.2,-999.0
2010,8,2,8.7,185.0,-999.0
2010,8,3,15.6,230.4,-999.0
2010,8,4,13.5,230.8,-999.0
2010,8,5,16.8,230.8,-999.0
2010,8,6,19.0,249.2,-999.0
2010,8,7,17.9,238.3,-999.0
2010,8,8,17.2,239.2,-999.0
2010,8,9,20.4,229.6,-999.0
2010,8,10,16.6,231.2,-999.0
2010,8,11,22.0,117.5,-999.0
2010,8,12,17.8,127.5,-999.0
2010,8,13,10.4,177.5,-999.0
2010,8,14,10.0,254.6,-999.0
2010,8,15,12.0,221.2,-999.0
2010,8,16,9.0,243.3,-999.0
2010,8,17,17.9,235.4,-999.0
2010,8,18,13.7,237.5,-999.0
2010,8,19,16.1,225.0,-999.0
2010,8,20,11.5,304.6,-999.0
2010,8,21,19.8,230.4,-999.0
2010,8,22,39.7,90.8,-999.0
2010,8,23,43.1,45.4,-999.0
2010,8,24,15.8,75.0,-999.0
2010,8,25,13.8,138.3,-999.0
2010,8,26,18.5,163.9,-999.0
2010,8,27,17.6,260.0,-999.0
2010,8,28,21.2,225.0,-999.0
2010,8,29,28.9,226.2,-999.0
2010,8,30,24.3,223.8,-999.0
2010,8,31,23.5,214.6,-999.0
2010,9,1,24.5,222.9,-999.0
2010,9,2,16.7,178.3,-999.0
2010,9,3,34.5,43.8,-999.0
2010,9,4,27.7,145.0,-999.0
2010,9,5,31.8,233.3,-999.0
2010,9,6,26.0,233.8,-999.0
2010,9,7,19.8,130.8,-999.0
2010,9,8,36.8,49.6,-999.0
2010,9,9,32.0,52.5,-999.0
2010,9,10,21.0,80.8,-999.0
2010,9,11,15.8,144.6,-999.0
2010,9,12,31.5,47.9,-999.0
2010,9,13,7.3,192.9,-999.0
2010,9,14,12.2,252.5,-999.0
2010,9,15,11.8,270.0,-999.0
2010,9,16,16.3,245.4,-999.0
2010,9,17,17.8,131.7,-999.0
2010,9,18,15.2,245.4,-999.0
2010,9,19,15.2,204.6,-999.0
2010,9,20,10.4,281.2,-999.0
2010,9,21,13.7,254.6,-999.0
2010,9,22,22.0,243.3,-999.0
2010,9,23,18.8,235.8,-999.0
2010,9,24,39.1,52.9,-999.0
2010,9,25,41.2,52.9,-999.0
2010,9,26,45.0,41.7,-999.0
2010,9,27,13.8,63.3,-999.0
2010,9,28,23.9,45.0,-999.0
2010,9,29,19.9,177.1,-999.0
2010,9,30,17.2,136.2,-999.0
2010,10,1,10.2,270.4,-999.0
2010,10,2,13.2,264.6,-999.0
2010,10,3,10.4,215.4,-999.0
2010,10,4,13.1,188.3,-999.0
2010,10,5,8.7,179.6,-999.0
2010,10,6,42.7,45.0,-999.0
2010,10,7,21.5,170.8,-999.0
2010,10,8,19.8,253.8,-999.0
2010,10,9,15.6,281.7,-999.0
2010,10,10,24.6,239.6,-999.0
2010,10,11,16.6,257.5,-999.0
2010,10,12,15.3,240.8,-999.0
2010,10,13,12.6,245.0,-999.0
2010,10,14,16.3,151.8,-999.0
2010,10,15,66.1,37.1,-999.0
2010,10,16,29.3,127.5,-999.0
2010,10,17,19.7,241.7,-999.0
2010,10,18,20.2,251.2,-999.0
2010,10,19,21.8,234.6,-999.0
2010,10,20,16.6,243.3,-999.0
2010,10,21,16.5,181.2,-999.0
2010,10,22,24.0,242.5,-999.0
2010,10,23,13.5,267.9,-999.0
2010,10,24,13.2,242.9,-999.0
2010,10,25,37.2,43.8,-999.0
2010,10,26,42.5,48.8,-999.0
2010,10,27,19.0,120.5,-999.0
2010,10,28,17.1,219.6,-999.0
2010,10,29,17.6,242.9,-999.0
2010,10,30,16.7,253.8,-999.0
2010,10,31,10.0,276.2,-999.0
2010,11,1,12.4,158.8,-999.0
2010,11,2,10.8,270.8,-999.0
2010,11,3,17.6,233.3,-999.0
2010,11,4,15.9,175.8,-999.0
2010,11,5,45.2,85.4,-999.0
2010,11,6,15.2,225.8,-999.0
2010,11,7,13.0,169.6,-999.0
2010,11,8,51.9,53.8,-999.0
2010,11,9,47.5,51.7,-999.0
2010,11,10,51.2,46.2,-999.0
2010,11,11,25.2,100.4,-999.0
2010,11,12,14.3,223.8,-999.0
2010,11,13,17.0,159.2,-999.0
2010,11,14,39.6,43.3,-999.0
2010,11,15,8.3,201.9,-999.0
2010,11,16,8.2,218.7,-999.0
2010,11,17,38.2,62.9,-999.0
2010,11,18,19.9,255.0,-999.0
2010,11,19,10.2,281.2,-999.0
2010,11,20,14.5,273.8,-999.0
2010,11,21,14.8,258.8,-999.0
2010,11,22,27.4,52.9,-999.0
2010,11,23,38.4,71.2,-999.0
2010,11,24,16.5,273.8,-999.0
2010,11,25,21.8,232.9,-999.0
2010,11,26,23.4,141.7,-999.0
2010,11,27,12.3,252.5,-999.0
2010,11,28,28.5,227.1,-999.0
2010,11,29,18.1,234.6,-999.0
2010,11,30,23.4,97.9,-999.0
2010,12,1,41.0,39.6,-999.0
2010,12,2,25.7,166.2,-999.0
2010,12,3,10.2,227.8,-999.0
2010,12,4,19.6,125.0,-999.0
2010,12,5,31.9,220.0,-999.0
2010,12,6,18.3,243.8,-999.0
2010,12,7,34.9,223.8,-999.0
2010,12,8,31.2,227.9,-999.0
2010,12,9,21.1,237.5,-999.0
2010,12,10,11.3,255.0,-999.0
2010,12,11,13.2,256.2,-999.0
2010,12,12,42.4,58.8,-999.0
2010,12,13,21.2,131.7,-999.0
2010,12,14,20.0,228.8,-999.0
2010,12,15,27.5,225.8,-999.0
2010,12,16,15.7,239.6,-999.0
2010,12,17,20.2,234.2,-999.0
2010,12,18,13.0,240.8,-999.0
2010,12,19,10.9,237.1,-999.0
2010,12,20,6.6,264.6,-999.0
2010,12,21,23.5,102.1,-999.0
2010,12,22,23.9,60.8,-999.0
2010,12,23,18.2,94.2,-999.0
2010,12,24,12.3,238.8,-999.0
2010,12,25,8.3,248.3,-999.0
2010,12,26,19.5,149.1,-999.0
2010,12,27,41.0,167.9,-999.0
2010,12,28,13.9,220.0,-999.0
2010,12,29,13.5,229.2,-999.0
2010,12,30,26.1,227.5,-999.0
2010,12,31,28.8,210.0,-999.0
