Year,Month,Day,Tmin,Tair,Tmax,Prcp,Snow,SnDh
2005,1,1,-10.0,-4.5,1.0,0.0,0.0,10.0
2005,1,2,-19.0,-11.0,-3.0,4.2,4.2,10.0
2005,1,3,-11.0,-5.5,0.0,0.0,0.0,12.0
2005,1,4,-12.0,-8.8,-5.5,1.6,1.6,12.0
2005,1,5,-20.0,-16.5,-13.0,0.0,0.0,10.0
2005,1,6,-23.0,-11.8,-0.5,4.8,4.8,10.0
2005,1,7,-10.0,-6.3,-2.5,0.0,0.0,14.0
2005,1,8,-9.0,-5.8,-2.5,0.0,0.0,12.0
2005,1,9,-18.0,-10.3,-2.5,4.2,4.2,12.0
2005,1,10,-10.4,-5.2,0.0,1.4,1.4,16.0
2005,1,11,-18.5,-14.3,-10.0,0.0,0.0,16.0
2005,1,12,-21.5,-8.8,4.0,4.8,4.8,12.0
2005,1,13,-7.5,3.3,14.0,16.2,3.6,12.0
2005,1,14,-9.0,-4.5,0.0,1.4,1.4,0.0
2005,1,15,-18.5,-13.3,-8.0,0.0,0.0,10.0
2005,1,16,-12.0,-10.0,-8.0,0.0,0.0,10.0
2005,1,17,-16.0,-14.3,-12.5,-999.0,-999.0,10.0
2005,1,18,-25.0,-22.9,-20.8,0.0,0.0,10.0
2005,1,19,-26.0,-17.5,-9.0,3.2,3.2,10.0
2005,1,20,-19.0,-17.0,-15.0,0.0,0.0,12.0
2005,1,21,-28.0,-23.5,-19.0,0.0,0.0,12.0
2005,1,22,-28.5,-23.3,-18.0,0.0,0.0,10.0
2005,1,23,-21.0,-18.9,-16.7,0.0,0.0,10.0
2005,1,24,-25.5,-19.3,-13.0,3.0,3.0,10.0
2005,1,25,-20.0,-17.8,-15.5,0.0,0.0,12.0
2005,1,26,-21.5,-17.5,-13.5,0.0,0.0,10.0
2005,1,27,-27.5,-23.0,-18.5,0.0,0.0,10.0
2005,1,28,-25.5,-19.3,-13.0,0.0,0.0,10.0
2005,1,29,-20.0,-13.3,-6.5,0.0,0.0,10.0
2005,1,30,-12.5,-8.2,-3.8,0.0,0.0,10.0
2005,1,31,-22.5,-13.3,-4.0,0.0,0.0,10.0
2005,2,1,-19.0,-11.0,-3.0,0.0,0.0,10.0
2005,2,2,-16.5,-7.3,2.0,0.0,0.0,10.0
2005,2,3,-15.5,-5.8,4.0,0.0,0.0,10.0
2005,2,4,-12.0,-3.7,4.7,0.0,0.0,10.0
2005,2,5,-10.0,-2.5,5.0,0.0,0.0,10.0
2005,2,6,-9.0,-1.8,5.5,0.0,0.0,10.0
2005,2,7,-5.0,1.3,7.5,0.0,0.0,10.0
2005,2,8,1.0,3.0,5.0,3.4,0.0,10.0
2005,2,9,-4.0,-3.0,-2.0,0.0,0.0,0.0
2005,2,10,-7.0,-6.5,-6.0,8.2,8.2,10.0
2005,2,11,-9.5,-6.5,-3.5,3.0,3.0,14.0
2005,2,12,-11.5,-7.0,-2.5,0.8,0.8,18.0
2005,2,13,-15.0,-11.8,-8.5,0.0,0.0,18.0
2005,2,14,-19.5,-8.0,3.5,3.8,0.0,18.0
2005,2,15,-2.0,1.0,4.0,2.4,0.0,12.0
2005,2,16,-5.0,-1.5,2.0,5.0,1.6,10.0
2005,2,17,-13.5,-9.5,-5.5,0.0,0.0,8.0
2005,2,19,-999.0,-999.0,-999.0,0.0,0.0,8.0
2005,2,20,-999.0,-999.0,-999.0,0.0,0.0,8.0
2005,2,21,-999.0,-999.0,-999.0,8.4,8.4,8.0
2005,2,22,-10.0,-6.5,-3.0,4.6,4.6,20.0
2005,2,23,-11.0,-8.0,-5.0,1.2,1.2,18.0
2005,2,24,-21.5,-14.3,-7.0,0.0,0.0,18.0
2005,2,25,-18.5,-12.3,-6.0,0.0,0.0,14.0
2005,2,26,-21.0,-13.8,-6.5,0.0,0.0,14.0
2005,2,27,-16.0,-11.0,-6.0,0.0,0.0,14.0
2005,2,28,-16.0,-10.3,-4.5,0.0,0.0,14.0
2005,3,1,-8.5,-6.8,-5.0,11.0,11.0,14.0
2005,3,2,-8.5,-6.5,-4.5,2.6,2.6,18.0
2005,3,3,-16.5,-12.3,-8.0,0.0,0.0,30.0
2005,3,4,-15.0,-10.5,-6.0,0.0,0.0,30.0
2005,3,5,-15.0,-8.5,-2.0,1.6,1.6,26.0
2005,3,6,-10.5,-5.8,-1.0,5.6,5.6,28.0
2005,3,7,-22.0,-14.5,-7.0,14.0,14.0,30.0
2005,3,8,-12.0,-10.0,-8.0,12.0,12.0,40.0
2005,3,9,-17.0,-14.5,-12.0,0.0,0.0,50.0
2005,3,10,-20.5,-14.8,-9.0,0.0,0.0,40.0
2005,3,11,-16.5,-9.3,-2.0,1.2,1.2,38.0
2005,3,12,-5.0,-3.8,-2.5,8.2,8.2,38.0
2005,3,13,-8.0,-4.0,0.0,0.0,0.0,44.0
2005,3,14,-10.5,-6.3,-2.0,7.2,7.2,40.0
2005,3,15,-5.0,-2.0,1.0,2.4,2.4,42.0
2005,3,16,-4.0,-2.0,0.0,1.6,1.6,40.0
2005,3,17,-6.5,-3.8,-1.0,0.0,0.0,40.0
2005,3,18,-8.5,-1.8,5.0,0.0,0.0,40.0
2005,3,19,-8.0,-3.0,2.0,0.0,0.0,38.0
2005,3,20,-6.5,-1.0,4.5,0.0,0.0,38.0
2005,3,21,-14.0,-4.3,5.5,0.0,0.0,38.0
2005,3,22,-12.5,-4.3,4.0,0.0,0.0,36.0
2005,3,23,-6.5,-2.3,2.0,0.0,0.0,30.0
2005,3,24,-6.5,0.2,6.8,0.0,0.0,30.0
2005,3,25,-3.0,-1.5,0.0,0.0,0.0,28.0
2005,3,26,-16.0,-7.8,0.5,0.0,0.0,38.0
2005,3,27,-12.0,-3.0,6.0,0.0,0.0,38.0
2005,3,28,-4.0,1.0,6.0,0.6,0.0,36.0
2005,3,29,0.0,2.5,5.0,0.0,0.0,36.0
2005,3,30,-5.0,0.8,6.5,0.0,0.0,26.0
2005,3,31,-0.5,4.3,9.0,4.6,0.0,24.0
2005,4,1,1.0,3.3,5.5,1.6,0.0,10.0
2005,4,2,0.5,3.3,6.0,31.4,0.0,0.0
2005,4,3,1.5,3.8,6.0,6.8,0.0,0.0
2005,4,4,1.0,2.5,4.0,16.8,0.0,0.0
2005,4,5,1.0,5.0,9.0,0.0,0.0,0.0
2005,4,6,1.5,6.8,12.0,0.0,0.0,0.0
2005,4,7,1.0,2.0,3.0,19.0,0.0,0.0
2005,4,8,-1.0,3.5,8.0,0.0,0.0,0.0
2005,4,9,-4.0,2.8,9.5,0.0,0.0,0.0
2005,4,10,3.0,5.5,8.0,0.0,0.0,0.0
2005,4,11,-5.5,0.3,6.0,0.0,0.0,0.0
2005,4,12,-4.5,0.8,6.0,0.0,0.0,0.0
2005,4,13,-0.5,3.5,7.5,2.4,0.0,0.0
2005,4,14,-3.0,2.8,8.5,0.0,0.0,0.0
2005,4,15,-5.5,3.0,11.5,0.0,0.0,0.0
2005,4,16,-3.0,7.5,18.0,0.0,0.0,0.0
2005,4,17,5.0,12.3,19.5,0.0,0.0,0.0
2005,4,18,-1.5,6.8,15.0,0.0,0.0,0.0
2005,4,19,-2.5,9.0,20.5,1.6,0.0,0.0
2005,4,20,7.5,8.8,10.0,0.0,0.0,0.0
2005,4,21,-3.0,2.5,8.0,0.0,0.0,0.0
2005,4,22,-4.0,4.3,12.5,3.6,0.0,0.0
2005,4,23,3.0,4.0,5.0,27.2,0.0,0.0
2005,4,24,2.5,6.0,9.5,12.0,0.0,0.0
2005,4,25,4.0,5.5,7.0,5.8,0.0,0.0
2005,4,26,1.8,8.9,16.0,0.0,0.0,0.0
2005,4,27,1.5,8.3,15.0,4.2,0.0,0.0
2005,4,28,2.5,4.3,6.0,19.8,0.0,0.0
2005,4,29,0.0,4.5,9.0,7.4,0.0,0.0
2005,4,30,1.5,7.8,14.0,12.6,0.0,0.0
2005,5,1,7.0,9.5,12.0,1.8,0.0,0.0
2005,5,2,3.0,7.3,11.5,-999.0,-999.0,0.0
2005,5,3,3.0,7.0,11.0,2.6,0.0,0.0
2005,5,4,1.5,6.3,11.0,0.0,0.0,0.0
2005,5,5,-999.0,-999.0,-999.0,0.0,0.0,0.0
2005,5,6,-0.5,9.3,19.0,0.0,0.0,0.0
2005,5,7,2.5,8.8,15.0,0.0,0.0,0.0
2005,5,8,6.0,8.0,10.0,0.0,0.0,0.0
2005,5,9,7.0,14.5,22.0,0.0,0.0,0.0
2005,5,10,8.5,16.8,25.0,0.0,0.0,0.0
2005,5,11,11.6,18.6,25.5,1.4,0.0,0.0
2005,5,12,0.0,3.8,7.5,0.0,0.0,0.0
2005,5,13,-999.0,-999.0,-999.0,0.0,0.0,0.0
2005,5,14,-1.6,5.2,12.0,9.2,0.0,0.0
2005,5,15,6.0,8.3,10.5,2.2,0.0,0.0
2005,5,16,3.5,8.0,12.5,3.0,0.0,0.0
2005,5,17,6.5,9.8,13.0,0.0,0.0,0.0
2005,5,18,5.0,9.8,14.5,3.0,0.0,0.0
2005,5,19,4.0,10.0,16.0,0.0,0.0,0.0
2005,5,20,2.5,8.8,15.0,0.0,0.0,0.0
2005,5,21,5.5,7.8,10.0,0.0,0.0,0.0
2005,5,22,6.5,7.5,8.5,5.4,0.0,0.0
2005,5,23,5.5,8.8,12.0,1.2,0.0,0.0
2005,5,24,6.0,12.0,18.0,0.0,0.0,0.0
2005,5,25,4.0,11.5,19.0,0.0,0.0,0.0
2005,5,26,5.5,8.0,10.5,1.0,0.0,0.0
2005,5,27,7.0,9.5,12.0,1.2,0.0,0.0
2005,5,28,7.5,12.8,18.0,4.4,0.0,0.0
2005,5,29,10.0,13.0,16.0,-999.0,-999.0,0.0
2005,5,30,10.0,14.5,19.0,0.0,0.0,0.0
2005,5,31,11.0,16.5,22.0,0.0,0.0,0.0
2005,6,1,7.0,16.5,26.0,0.0,0.0,0.0
2005,6,2,9.5,18.8,28.0,0.0,0.0,0.0
2005,6,3,16.0,22.5,29.0,0.0,0.0,0.0
2005,6,4,17.5,23.8,30.0,0.0,0.0,0.0
2005,6,5,10.5,16.9,23.2,0.0,0.0,0.0
2005,6,6,11.5,17.8,24.0,15.4,0.0,0.0
2005,6,7,19.5,21.3,23.0,1.0,0.0,0.0
2005,6,8,10.0,13.5,17.0,2.0,0.0,0.0
2005,6,9,6.5,15.3,24.0,2.0,0.0,0.0
2005,6,10,16.0,22.5,29.0,1.6,0.0,0.0
2005,6,11,15.0,22.3,29.5,0.0,0.0,0.0
2005,6,12,20.5,24.8,29.0,27.6,0.0,0.0
2005,6,13,21.5,25.3,29.0,1.5,0.0,0.0
2005,6,14,12.0,13.5,15.0,40.8,0.0,0.0
2005,6,15,10.5,13.3,16.0,21.4,0.0,0.0
2005,6,16,10.0,12.0,14.0,5.0,0.0,0.0
2005,6,17,10.0,11.0,12.0,1.2,0.0,0.0
2005,6,18,9.0,11.5,14.0,0.0,0.0,0.0
2005,6,19,4.0,13.0,22.0,0.0,0.0,0.0
2005,6,20,8.5,16.3,24.0,0.0,0.0,0.0
2005,6,21,16.0,21.5,27.0,0.6,0.0,0.0
2005,6,22,11.0,14.5,18.0,0.0,0.0,0.0
2005,6,23,3.0,12.1,21.2,0.0,0.0,0.0
2005,6,24,12.0,19.5,27.0,2.6,0.0,0.0
2005,6,25,19.5,25.0,30.5,34.4,0.0,0.0
2005,6,26,15.5,21.8,28.0,0.0,0.0,0.0
2005,6,27,13.5,22.3,31.0,0.0,0.0,0.0
2005,6,28,20.0,26.0,32.0,0.0,0.0,0.0
2005,6,29,19.5,23.5,27.5,0.0,0.0,0.0
2005,6,30,14.0,20.8,27.5,0.0,0.0,0.0
2005,7,1,20.0,25.0,30.0,18.2,0.0,0.0
2005,7,2,13.0,17.5,22.0,0.0,0.0,0.0
2005,7,3,12.0,18.8,25.5,0.0,0.0,0.0
2005,7,4,13.1,20.8,28.5,3.0,0.0,0.0
2005,7,5,19.0,22.0,25.0,13.2,0.0,0.0
2005,7,6,14.0,17.0,20.0,0.0,0.0,0.0
2005,7,7,7.5,16.0,24.5,0.0,0.0,0.0
2005,7,8,9.0,18.0,27.0,0.0,0.0,0.0
2005,7,9,15.0,17.0,19.0,24.1,0.0,0.0
2005,7,10,14.5,22.0,29.5,11.4,0.0,0.0
2005,7,11,17.0,23.3,29.5,0.0,0.0,0.0
2005,7,12,14.0,22.0,30.0,0.0,0.0,0.0
2005,7,13,15.0,22.0,29.0,5.0,0.0,0.0
2005,7,14,19.0,22.5,26.0,5.2,0.0,0.0
2005,7,15,12.0,20.0,28.0,0.0,0.0,0.0
2005,7,16,12.5,21.0,29.5,0.0,0.0,0.0
2005,7,17,18.0,23.0,28.0,0.0,0.0,0.0
2005,7,18,22.5,25.3,28.0,0.0,0.0,0.0
2005,7,19,22.0,25.8,29.5,6.0,0.0,0.0
2005,7,20,18.0,21.0,24.0,0.0,0.0,0.0
2005,7,21,13.0,20.5,28.0,0.0,0.0,0.0
2005,7,22,15.5,21.3,27.0,5.6,0.0,0.0
2005,7,23,10.5,19.8,29.0,0.0,0.0,0.0
2005,7,24,8.5,16.0,23.5,17.2,0.0,0.0
2005,7,25,12.5,18.8,25.0,2.4,0.0,0.0
2005,7,26,16.0,21.0,26.0,2.6,0.0,0.0
2005,7,27,16.0,18.5,21.0,2.4,0.0,0.0
2005,7,28,7.0,15.0,23.0,0.0,0.0,0.0
2005,7,29,8.5,16.8,25.0,2.4,0.0,0.0
2005,7,30,7.0,14.0,21.0,0.0,0.0,0.0
2005,7,31,6.0,14.3,22.5,8.2,0.0,0.0
2005,8,1,15.0,19.8,24.5,1.8,0.0,0.0
2005,8,2,15.5,21.0,26.5,0.0,0.0,0.0
2005,8,3,10.5,17.8,25.0,0.0,0.0,0.0
2005,8,4,9.0,18.8,28.5,0.0,0.0,0.0
2005,8,5,20.0,23.5,27.0,0.0,0.0,0.0
2005,8,6,8.5,16.5,24.5,0.0,0.0,0.0
2005,8,7,11.0,19.0,27.0,0.0,0.0,0.0
2005,8,8,17.0,23.5,30.0,0.0,0.0,0.0
2005,8,9,19.0,24.3,29.5,0.0,0.0,0.0
2005,8,10,22.0,24.8,27.5,2.0,0.0,0.0
2005,8,11,19.0,22.5,26.0,0.0,0.0,0.0
2005,8,12,9.5,17.8,26.0,4.4,0.0,0.0
2005,8,13,18.0,22.0,26.0,0.0,0.0,0.0
2005,8,14,16.5,19.5,22.5,0.0,0.0,0.0
2005,8,15,11.0,18.5,26.0,0.0,0.0,0.0
2005,8,16,13.5,20.3,27.0,1.2,0.0,0.0
2005,8,17,12.5,16.5,20.5,0.0,0.0,0.0
2005,8,18,3.5,10.8,18.0,0.0,0.0,0.0
2005,8,19,7.5,15.8,24.0,1.2,0.0,0.0
2005,8,20,15.5,18.5,21.5,3.4,0.0,0.0
2005,8,21,18.5,21.5,24.5,7.8,0.0,0.0
2005,8,22,12.0,16.0,20.0,9.0,0.0,0.0
2005,8,23,11.0,14.8,18.5,0.0,0.0,0.0
2005,8,24,12.0,16.0,20.0,0.0,0.0,0.0
2005,8,25,7.0,16.3,25.5,0.0,0.0,0.0
2005,8,26,10.0,17.5,25.0,0.0,0.0,0.0
2005,8,27,10.5,19.5,28.5,0.0,0.0,0.0
2005,8,28,15.0,19.8,24.5,6.2,0.0,0.0
2005,8,29,16.0,21.5,27.0,0.0,0.0,0.0
2005,8,30,18.0,22.0,26.0,8.4,0.0,0.0
2005,8,31,15.5,19.3,23.0,45.4,0.0,0.0
2005,9,1,16.0,19.8,23.5,0.0,0.0,0.0
2005,9,2,16.0,20.5,25.0,0.0,0.0,0.0
2005,9,3,12.5,17.5,22.5,0.0,0.0,0.0
2005,9,4,10.5,14.8,19.0,0.0,0.0,0.0
2005,9,5,4.0,12.3,20.5,0.0,0.0,0.0
2005,9,6,8.0,16.0,24.0,0.0,0.0,0.0
2005,9,7,13.0,20.5,28.0,0.0,0.0,0.0
2005,9,8,13.5,16.0,18.5,21.4,0.0,0.0
2005,9,9,11.5,15.3,19.0,0.0,0.0,0.0
2005,9,10,3.0,10.0,17.0,0.0,0.0,0.0
2005,9,11,3.0,11.0,19.0,0.0,0.0,0.0
2005,9,12,16.0,21.0,26.0,0.0,0.0,0.0
2005,9,13,12.5,20.0,27.5,0.0,0.0,0.0
2005,9,14,18.5,23.8,29.0,0.0,0.0,0.0
2005,9,15,17.0,19.5,22.0,0.0,0.0,0.0
2005,9,16,11.0,15.5,20.0,10.8,0.0,0.0
2005,9,17,14.0,15.3,16.5,-999.0,-999.0,0.0
2005,9,18,12.0,14.8,17.5,0.0,0.0,0.0
2005,9,19,11.5,16.3,21.0,0.0,0.0,0.0
2005,9,20,8.5,14.8,21.0,3.4,0.0,0.0
2005,9,21,8.0,14.0,20.0,7.2,0.0,0.0
2005,9,22,9.0,14.8,20.5,4.8,0.0,0.0
2005,9,23,12.5,15.3,18.0,0.0,0.0,0.0
2005,9,24,1.5,8.8,16.0,0.0,0.0,0.0
2005,9,25,3.0,10.3,17.5,29.4,0.0,0.0
2005,9,26,10.0,14.0,18.0,38.6,0.0,0.0
2005,9,27,8.5,12.8,17.0,0.0,0.0,0.0
2005,9,28,8.0,14.5,21.0,0.0,0.0,0.0
2005,9,29,10.0,14.5,19.0,10.2,0.0,0.0
2005,9,30,3.5,7.8,12.0,0.0,0.0,0.0
2005,10,1,3.0,10.5,18.0,0.0,0.0,0.0
2005,10,2,11.0,17.0,23.0,0.0,0.0,0.0
2005,10,3,9.5,16.8,24.0,0.0,0.0,0.0
2005,10,4,14.5,20.3,26.0,0.0,0.0,0.0
2005,10,5,13.0,19.5,26.0,0.0,0.0,0.0
2005,10,6,7.5,13.8,20.0,28.0,0.0,0.0
2005,10,7,8.0,13.5,19.0,46.8,0.0,0.0
2005,10,8,4.5,6.8,9.0,0.0,0.0,0.0
2005,10,9,5.0,7.0,9.0,2.0,0.0,0.0
2005,10,10,5.0,6.5,8.0,2.2,0.0,0.0
2005,10,11,5.5,7.5,9.5,0.0,0.0,0.0
2005,10,12,2.5,7.8,13.0,0.0,0.0,0.0
2005,10,13,5.0,9.3,13.5,0.0,0.0,0.0
2005,10,14,8.0,12.5,17.0,11.4,0.0,0.0
2005,10,15,12.0,12.5,13.0,62.4,0.0,0.0
2005,10,16,7.5,8.3,9.0,22.2,0.0,0.0
2005,10,17,7.0,9.0,11.0,2.8,0.0,0.0
2005,10,18,5.5,7.8,10.0,0.0,0.0,0.0
2005,10,19,4.0,6.0,8.0,19.0,0.0,0.0
2005,10,20,1.0,4.0,7.0,0.0,0.0,0.0
2005,10,21,-1.0,3.3,7.5,0.0,0.0,0.0
2005,10,22,-3.5,3.8,11.0,0.0,0.0,0.0
2005,10,23,2.5,4.8,7.0,3.6,0.0,0.0
2005,10,24,3.0,5.0,7.0,0.6,0.0,0.0
2005,10,25,1.5,3.3,5.0,20.2,0.0,0.0
2005,10,26,0.0,2.5,5.0,1.2,0.0,0.0
2005,10,27,0.0,2.0,4.0,0.0,0.0,0.0
2005,10,28,0.0,2.0,4.0,0.0,0.0,0.0
2005,10,29,-4.0,1.8,7.5,0.0,0.0,0.0
2005,10,30,-2.0,4.8,11.5,0.0,0.0,0.0
2005,10,31,8.0,10.5,13.0,0.0,0.0,0.0
2005,11,1,9.5,13.3,17.0,3.6,0.0,0.0
2005,11,2,3.0,5.5,8.0,0.0,0.0,0.0
2005,11,3,-1.0,4.0,9.0,1.8,0.0,0.0
2005,11,4,-2.0,0.5,3.0,0.0,0.0,0.0
2005,11,5,-1.0,1.0,3.0,0.0,0.0,0.0
2005,11,6,1.0,5.8,10.5,10.4,0.0,0.0
2005,11,7,2.5,4.0,5.5,0.0,0.0,0.0
2005,11,8,-2.0,0.5,3.0,0.0,0.0,0.0
2005,11,9,-3.5,1.5,6.5,9.2,0.0,0.0
2005,11,10,0.5,3.0,5.5,2.4,0.0,0.0
2005,11,11,-2.5,-1.0,0.5,0.0,0.0,0.0
2005,11,12,-6.0,-0.5,5.0,0.0,0.0,0.0
2005,11,13,-3.5,6.3,16.0,0.0,0.0,0.0
2005,11,14,2.0,5.5,9.0,0.0,0.0,0.0
2005,11,15,-1.5,1.5,4.5,19.4,6.2,0.0
2005,11,16,-1.5,8.3,18.0,7.0,0.0,0.0
2005,11,17,-0.5,1.3,3.0,5.8,5.8,0.0
2005,11,18,-8.0,-6.0,-4.0,0.0,0.0,0.0
2005,11,19,-13.0,-4.5,4.0,0.0,0.0,0.0
2005,11,20,0.0,3.0,6.0,3.2,0.0,0.0
2005,11,21,3.5,5.5,7.5,2.4,0.0,0.0
2005,11,22,-2.5,0.5,3.5,13.8,9.4,0.0
2005,11,23,-8.5,-7.5,-6.5,0.0,0.0,10.0
2005,11,24,-12.0,-8.0,-4.0,9.6,9.6,10.0
2005,11,25,-12.0,-9.8,-7.5,0.0,0.0,10.0
2005,11,26,-17.0,-11.3,-5.5,0.0,0.0,10.0
2005,11,27,-13.0,-6.3,0.5,0.0,0.0,10.0
2005,11,28,-9.0,0.5,10.0,4.2,0.0,10.0
2005,11,29,1.5,8.3,15.0,10.2,0.0,0.0
2005,11,30,5.0,7.3,9.5,0.0,0.0,0.0
2005,12,1,1.0,2.8,4.5,2.4,2.4,0.0
2005,12,2,-0.5,0.0,0.5,15.0,15.0,0.0
2005,12,3,-8.0,-7.0,-6.0,2.4,2.4,10.0
2005,12,4,-9.0,-6.8,-4.5,2.8,2.8,10.0
2005,12,5,-8.5,-5.5,-2.5,0.0,0.0,12.0
2005,12,6,-11.5,-7.3,-3.0,0.0,0.0,10.0
2005,12,7,-13.0,-11.3,-9.5,0.0,0.0,10.0
2005,12,8,-17.0,-12.5,-8.0,0.0,0.0,10.0
2005,12,9,-15.0,-9.0,-3.0,6.2,6.2,10.0
2005,12,10,-11.0,-6.0,-1.0,2.4,2.4,16.0
2005,12,11,-5.0,-3.3,-1.5,2.4,2.4,16.0
2005,12,12,-16.5,-13.8,-11.0,0.0,0.0,18.0
2005,12,13,-22.5,-17.5,-12.5,0.0,0.0,18.0
2005,12,14,-25.0,-17.5,-10.0,0.0,0.0,18.0
2005,12,15,-25.0,-16.5,-8.0,1.4,1.4,18.0
2005,12,16,-20.0,-11.5,-3.0,29.0,29.0,18.0
2005,12,17,-7.5,-4.8,-2.0,0.0,0.0,30.0
2005,12,18,-5.0,-4.3,-3.5,0.0,0.0,28.0
2005,12,19,-8.5,-6.8,-5.0,1.2,1.2,26.0
2005,12,20,-10.0,-7.8,-5.5,0.0,0.0,28.0
2005,12,21,-23.0,-17.5,-12.0,4.0,4.0,28.0
2005,12,22,-21.0,-11.0,-1.0,3.2,3.2,28.0
2005,12,23,-5.0,-2.5,0.0,3.4,3.4,28.0
2005,12,24,-5.0,-2.3,0.5,3.6,3.6,30.0
2005,12,25,-4.5,-3.3,-2.0,21.0,21.0,30.0
2005,12,26,-6.1,-4.5,-2.8,-999.0,-999.0,58.0
2005,12,27,-12.5,-8.5,-4.5,0.0,0.0,46.0
2005,12,28,-11.0,-6.5,-2.0,0.0,0.0,46.0
2005,12,29,-5.0,-3.3,-1.5,6.4,6.4,40.0
2005,12,30,-12.5,-8.8,-5.0,0.0,0.0,46.0
2005,12,31,-26.5,-19.5,-12.5,0.0,0.0,46.0
2006,1,1,-17.0,-13.0,-9.0,0.0,0.0,46.0
2006,1,2,-15.0,-10.3,-5.5,0.0,0.0,46.0
2006,1,3,-17.5,-11.8,-6.0,0.0,0.0,46.0
2006,1,4,-15.0,-10.5,-6.0,2.4,2.4,46.0
2006,1,5,-11.0,-8.0,-5.0,5.2,5.2,48.0
2006,1,6,-9.5,-7.5,-5.5,1.2,1.2,64.0
2006,1,7,-16.0,-14.3,-12.5,0.0,0.0,64.0
2006,1,8,-21.0,-12.8,-4.5,2.4,2.4,64.0
2006,1,9,-9.5,-6.5,-3.5,5.4,5.4,48.0
2006,1,10,-8.5,-4.4,-0.3,0.0,0.0,64.0
2006,1,11,-5.0,-1.0,3.0,22.0,0.0,60.0
2006,1,12,0.5,1.5,2.5,1.2,0.0,46.0
2006,1,13,-3.0,3.3,9.5,7.2,0.0,40.0
2006,1,14,0.5,4.8,9.0,20.0,2.4,32.0
2006,1,15,-17.5,-16.8,-16.0,0.0,0.0,30.0
2006,1,16,-19.0,-15.0,-11.0,0.0,0.0,30.0
2006,1,17,-16.5,-7.3,2.0,19.6,0.0,30.0
2006,1,18,-10.0,-1.5,7.0,19.2,1.6,30.0
2006,1,19,-6.0,-4.0,-2.0,1.2,1.2,30.0
2006,1,20,-6.0,-1.3,3.5,5.6,0.0,30.0
2006,1,21,-5.0,-1.5,2.0,17.2,7.0,28.0
2006,1,22,-18.5,-13.5,-8.5,0.0,0.0,30.0
2006,1,23,-17.0,-9.5,-2.0,0.0,0.0,30.0
2006,1,24,-5.0,-2.8,-0.5,2.4,2.4,30.0
2006,1,25,-3.0,-2.0,-1.0,2.8,2.8,30.0
2006,1,26,-11.5,-8.3,-5.0,0.0,0.0,32.0
2006,1,27,-15.0,-7.0,1.0,0.0,0.0,30.0
2006,1,28,-5.0,-0.8,3.5,0.0,0.0,30.0
2006,1,29,-9.5,-6.8,-4.0,3.2,3.2,28.0
2006,1,30,-10.0,-7.3,-4.5,3.8,3.8,20.0
2006,1,31,-7.5,-5.0,-2.5,1.2,1.2,30.0
2006,2,1,-5.5,-3.8,-2.0,0.0,0.0,30.0
2006,2,2,-5.5,-1.5,2.5,0.0,0.0,30.0
2006,2,3,-5.0,0.0,5.0,21.4,0.0,30.0
2006,2,4,1.0,3.5,6.0,11.0,0.0,26.0
2006,2,5,0.0,1.0,2.0,7.6,0.0,26.0
2006,2,6,-7.5,-6.8,-6.0,0.0,0.0,26.0
2006,2,7,-11.0,-9.0,-7.0,0.0,0.0,26.0
2006,2,8,-12.0,-10.5,-9.0,0.0,0.0,26.0
2006,2,9,-20.0,-16.5,-13.0,0.0,0.0,26.0
2006,2,10,-23.5,-18.5,-13.5,0.0,0.0,26.0
2006,2,11,-22.0,-15.3,-8.5,0.0,0.0,26.0
2006,2,12,-22.0,-15.5,-9.0,0.0,0.0,26.0
2006,2,13,-18.0,-11.5,-5.0,2.4,2.4,26.0
2006,2,14,-8.5,-3.8,1.0,4.2,4.2,28.0
2006,2,15,-9.0,-1.5,6.0,0.0,0.0,28.0
2006,2,16,-10.5,-7.8,-5.0,6.4,3.6,24.0
2006,2,17,-15.0,-5.3,4.5,6.4,0.0,26.0
2006,2,18,-21.0,-19.5,-18.0,0.0,0.0,28.0
2006,2,19,-22.5,-15.3,-8.0,0.0,0.0,28.0
2006,2,20,-11.5,-8.3,-5.0,-999.0,-999.0,28.0
2006,2,21,-7.0,-5.3,-3.5,0.0,0.0,28.0
2006,2,22,-9.0,-5.8,-2.5,1.6,1.6,28.0
2006,2,23,-9.0,-4.8,-0.5,3.4,3.4,30.0
2006,2,24,-9.0,-6.0,-3.0,0.0,0.0,32.0
2006,2,25,-21.5,-17.3,-13.0,0.0,0.0,30.0
2006,2,26,-21.5,-17.5,-13.5,0.0,0.0,30.0
2006,2,27,-20.0,-15.8,-11.5,0.0,0.0,30.0
2006,2,28,-15.0,-13.8,-12.5,0.0,0.0,30.0
2006,3,1,-21.0,-13.8,-6.5,7.6,7.6,28.0
2006,3,2,-15.0,-10.3,-5.5,0.0,0.0,26.0
2006,3,3,-17.5,-11.3,-5.0,-999.0,-999.0,34.0
2006,3,4,-9.5,-6.3,-3.0,0.0,0.0,30.0
2006,3,5,-8.5,-6.0,-3.5,0.0,0.0,30.0
2006,3,6,-8.0,-4.5,-1.0,0.0,0.0,30.0
2006,3,7,-12.0,-7.5,-3.0,0.0,0.0,30.0
2006,3,8,-16.0,-9.5,-3.0,0.0,0.0,30.0
2006,3,9,-12.0,-3.5,5.0,1.6,0.0,30.0
2006,3,10,1.0,3.8,6.5,6.4,0.0,26.0
2006,3,11,1.0,3.8,6.5,0.0,0.0,20.0
2006,3,12,0.0,3.3,6.5,0.0,0.0,20.0
2006,3,13,-5.0,0.8,6.5,9.6,0.0,14.0
2006,3,14,1.0,3.3,5.6,1.2,0.0,14.0
2006,3,15,-5.5,-4.8,-4.0,0.0,0.0,14.0
2006,3,16,-7.0,-4.4,-1.8,-999.0,-999.0,14.0
2006,3,17,-11.5,-8.0,-4.5,0.0,0.0,14.0
2006,3,18,-14.0,-10.3,-6.5,0.0,0.0,14.0
2006,3,19,-12.0,-8.5,-5.0,0.0,0.0,14.0
2006,3,20,-14.5,-8.0,-1.5,1.2,1.2,14.0
2006,3,21,-10.5,-5.5,-0.5,0.0,0.0,14.0
2006,3,22,-3.5,-0.8,2.0,0.0,0.0,14.0
2006,3,23,-2.0,1.0,4.0,0.0,0.0,13.0
2006,3,24,0.0,3.5,7.0,0.0,0.0,12.0
2006,3,25,0.0,4.0,8.0,0.0,0.0,10.0
2006,3,26,-1.0,3.3,7.5,0.0,0.0,10.0
2006,3,27,-4.0,0.0,4.0,0.0,0.0,0.0
2006,3,28,-4.0,2.3,8.5,0.0,0.0,0.0
2006,3,29,1.0,6.0,11.0,0.0,0.0,0.0
2006,3,30,1.0,7.0,13.0,0.0,0.0,0.0
2006,3,31,5.0,11.5,18.0,1.0,0.0,0.0
2006,4,1,7.0,13.0,19.0,8.4,0.0,0.0
2006,4,2,0.0,4.3,8.5,0.0,0.0,0.0
2006,4,3,-3.0,3.8,10.5,11.4,0.0,0.0
2006,4,4,0.0,1.5,3.0,18.5,8.2,0.0
2006,4,5,-2.0,-0.3,1.5,0.0,0.0,12.0
2006,4,6,-2.5,2.3,7.0,0.0,0.0,10.0
2006,4,7,2.0,5.3,8.5,14.8,0.0,0.0
2006,4,8,-6.0,-1.3,3.5,0.0,0.0,0.0
2006,4,9,-6.0,0.5,7.0,0.0,0.0,0.0
2006,4,10,-1.0,6.0,13.0,0.0,0.0,0.0
2006,4,11,-1.5,7.3,16.0,0.0,0.0,0.0
2006,4,12,2.0,12.5,23.0,0.0,0.0,0.0
2006,4,13,6.0,10.0,14.0,0.0,0.0,0.0
2006,4,14,2.0,8.0,14.0,7.2,0.0,0.0
2006,4,15,4.0,5.5,7.0,10.6,0.0,0.0
2006,4,16,1.5,3.8,6.0,2.8,0.0,0.0
2006,4,17,3.0,5.5,8.0,0.0,0.0,0.0
2006,4,18,-1.0,7.0,15.0,0.0,0.0,0.0
2006,4,19,1.0,11.5,22.0,0.0,0.0,0.0
2006,4,20,0.0,7.8,15.5,0.0,0.0,0.0
2006,4,21,0.0,7.0,14.0,0.0,0.0,0.0
2006,4,22,-2.0,7.5,17.0,0.0,0.0,0.0
2006,4,23,5.0,9.0,13.0,17.0,0.0,0.0
2006,4,24,4.0,6.5,9.0,2.2,0.0,0.0
2006,4,25,3.0,5.5,8.0,4.6,0.0,0.0
2006,4,26,-3.0,2.5,8.0,1.6,0.0,0.0
2006,4,27,-3.0,1.8,6.5,0.0,0.0,0.0
2006,4,28,-4.5,3.0,10.5,0.0,0.0,0.0
2006,4,29,-5.0,5.0,15.0,0.0,0.0,0.0
2006,4,30,-2.0,9.5,21.0,0.0,0.0,0.0
2006,5,1,3.0,12.0,21.0,0.0,0.0,0.0
2006,5,2,7.0,8.0,9.0,14.2,0.0,0.0
2006,5,3,6.0,11.3,16.5,2.0,0.0,0.0
2006,5,4,10.0,16.0,22.0,6.8,0.0,0.0
2006,5,5,11.0,14.8,18.5,0.0,0.0,0.0
2006,5,6,7.0,10.5,14.0,8.6,0.0,0.0
2006,5,7,-1.0,5.3,11.5,0.0,0.0,0.0
2006,5,8,4.5,11.5,18.5,0.0,0.0,0.0
2006,5,9,5.0,13.5,22.0,2.6,0.0,0.0
2006,5,10,6.5,8.8,11.0,0.0,0.0,0.0
2006,5,11,7.0,15.0,23.0,0.0,0.0,0.0
2006,5,12,12.5,13.5,14.5,0.0,0.0,0.0
2006,5,13,10.0,15.0,20.0,0.0,0.0,0.0
2006,5,14,10.5,17.0,23.5,0.0,0.0,0.0
2006,5,15,7.5,15.8,24.0,0.0,0.0,0.0
2006,5,16,10.0,12.5,15.0,6.6,0.0,0.0
2006,5,17,9.5,11.3,13.0,0.0,0.0,0.0
2006,5,18,6.0,9.3,12.5,4.8,0.0,0.0
2006,5,19,5.0,7.5,10.0,18.8,0.0,0.0
2006,5,20,7.0,9.3,11.5,14.2,0.0,0.0
2006,5,21,7.0,10.5,14.0,14.6,0.0,0.0
2006,5,22,5.0,7.0,9.0,0.0,0.0,0.0
2006,5,23,3.5,7.3,11.0,3.0,0.0,0.0
2006,5,24,7.0,12.0,17.0,0.0,0.0,0.0
2006,5,25,7.0,13.3,19.5,2.6,0.0,0.0
2006,5,26,12.0,17.0,22.0,0.0,0.0,0.0
2006,5,27,12.0,17.5,23.0,0.0,0.0,0.0
2006,5,28,10.0,17.5,25.0,0.0,0.0,0.0
2006,5,29,17.5,22.5,27.5,1.4,0.0,0.0
2006,5,30,12.0,15.3,18.5,4.0,0.0,0.0
2006,5,31,12.0,20.5,29.0,9.6,0.0,0.0
2006,6,1,16.5,19.0,21.5,0.0,0.0,0.0
2006,6,2,7.5,16.0,24.5,0.0,0.0,0.0
2006,6,3,10.5,12.3,14.0,8.2,0.0,0.0
2006,6,4,7.5,13.8,20.0,0.0,0.0,0.0
2006,6,5,5.0,15.3,25.5,0.0,0.0,0.0
2006,6,6,15.0,21.5,28.0,0.0,0.0,0.0
2006,6,7,11.5,17.2,22.8,0.0,0.0,0.0
2006,6,8,10.0,11.5,13.0,3.4,0.0,0.0
2006,6,9,10.0,12.3,14.5,7.0,0.0,0.0
2006,6,10,10.0,12.0,14.0,17.4,0.0,0.0
2006,6,11,10.0,14.8,19.5,4.6,0.0,0.0
2006,6,12,14.0,18.5,23.0,0.0,0.0,0.0
2006,6,13,13.0,18.5,24.0,0.0,0.0,0.0
2006,6,14,11.0,17.5,24.0,0.0,0.0,0.0
2006,6,15,6.0,15.0,24.0,0.0,0.0,0.0
2006,6,16,12.0,20.0,28.0,0.0,0.0,0.0
2006,6,17,18.0,21.0,24.0,0.0,0.0,0.0
2006,6,18,19.0,25.3,31.5,0.0,0.0,0.0
2006,6,19,21.0,25.3,29.5,5.4,0.0,0.0
2006,6,20,16.0,19.5,23.0,20.6,0.0,0.0
2006,6,21,9.5,16.0,22.5,0.0,0.0,0.0
2006,6,22,12.5,18.3,24.0,1.6,0.0,0.0
2006,6,23,15.0,17.8,20.5,0.0,0.0,0.0
2006,6,24,5.0,14.5,24.0,0.0,0.0,0.0
2006,6,25,9.5,18.3,27.0,0.0,0.0,0.0
2006,6,26,15.0,19.5,24.0,-999.0,-999.0,0.0
2006,6,27,18.0,23.0,28.0,12.0,0.0,0.0
2006,6,28,20.0,22.5,25.0,3.4,0.0,0.0
2006,6,29,17.0,21.8,26.5,4.8,0.0,0.0
2006,6,30,14.0,16.0,18.0,19.2,0.0,0.0
2006,7,1,13.0,18.0,23.0,10.0,0.0,0.0
2006,7,2,13.5,20.0,26.5,5.8,0.0,0.0
2006,7,3,10.0,17.0,24.0,-999.0,-999.0,0.0
2006,7,4,16.0,21.0,26.0,6.4,0.0,0.0
2006,7,5,17.5,20.4,23.3,2.0,0.0,0.0
2006,7,6,11.0,16.0,21.0,0.0,0.0,0.0
2006,7,7,13.5,19.3,25.0,0.0,0.0,0.0
2006,7,8,18.0,23.0,28.0,0.0,0.0,0.0
2006,7,9,18.0,22.5,27.0,0.0,0.0,0.0
2006,7,10,18.0,22.8,27.5,0.0,0.0,0.0
2006,7,11,13.0,20.3,27.5,51.4,0.0,0.0
2006,7,12,17.0,22.3,27.6,-999.0,-999.0,0.0
2006,7,13,16.0,22.3,28.5,0.0,0.0,0.0
2006,7,14,21.0,26.0,31.0,0.0,0.0,0.0
2006,7,15,21.0,25.0,29.0,0.0,0.0,0.0
2006,7,16,20.0,24.8,29.5,0.0,0.0,0.0
2006,7,17,21.0,26.0,31.0,27.8,0.0,0.0
2006,7,18,18.5,21.3,24.0,0.0,0.0,0.0
2006,7,19,10.0,18.5,27.0,0.0,0.0,0.0
2006,7,20,14.0,21.8,29.5,2.2,0.0,0.0
2006,7,21,19.0,22.5,26.0,0.0,0.0,0.0
2006,7,22,16.0,19.3,22.5,9.2,0.0,0.0
2006,7,23,16.0,19.0,22.0,1.4,0.0,0.0
2006,7,24,13.0,18.8,24.5,12.2,0.0,0.0
2006,7,25,17.0,21.3,25.5,-999.0,-999.0,0.0
2006,7,26,16.0,22.0,28.0,24.8,0.0,0.0
2006,7,27,21.5,25.0,28.5,0.0,0.0,0.0
2006,7,28,21.0,23.8,26.5,1.2,0.0,0.0
2006,7,29,20.0,24.0,28.0,0.0,0.0,0.0
2006,7,30,9.0,15.8,22.5,0.0,0.0,0.0
2006,7,31,14.0,19.8,25.5,2.0,0.0,0.0
2006,8,1,19.5,24.3,29.0,13.6,0.0,0.0
2006,8,2,21.0,24.0,27.0,6.2,0.0,0.0
2006,8,3,15.5,21.5,27.5,0.0,0.0,0.0
2006,8,4,19.0,23.5,28.0,0.0,0.0,0.0
2006,8,5,11.0,16.4,21.8,0.0,0.0,0.0
2006,8,6,11.0,18.0,25.0,0.0,0.0,0.0
2006,8,7,15.0,21.0,27.0,0.0,0.0,0.0
2006,8,8,13.8,18.4,23.0,0.0,0.0,0.0
2006,8,9,8.0,16.0,24.0,5.8,0.0,0.0
2006,8,10,14.5,18.0,21.5,3.6,0.0,0.0
2006,8,11,7.0,13.3,19.5,0.0,0.0,0.0
2006,8,12,7.0,12.5,18.0,2.4,0.0,0.0
2006,8,13,6.0,13.0,20.0,0.0,0.0,0.0
2006,8,14,11.0,16.5,22.0,8.4,0.0,0.0
2006,8,15,16.0,19.8,23.5,3.2,0.0,0.0
2006,8,16,14.0,18.5,23.0,-999.0,-999.0,0.0
2006,8,17,10.0,17.0,24.0,0.0,0.0,0.0
2006,8,18,14.0,20.5,27.0,0.0,0.0,0.0
2006,8,19,16.0,21.5,27.0,8.4,0.0,0.0
2006,8,20,13.0,15.0,17.0,22.8,0.0,0.0
2006,8,21,11.0,17.0,23.0,0.0,0.0,0.0
2006,8,22,15.0,18.5,22.0,24.6,0.0,0.0
2006,8,23,7.0,12.3,17.5,0.0,0.0,0.0
2006,8,24,7.0,12.0,17.0,0.0,0.0,0.0
2006,8,25,2.0,10.0,18.0,0.0,0.0,0.0
2006,8,26,3.5,12.0,20.5,0.0,0.0,0.0
2006,8,27,7.0,13.5,20.0,16.0,0.0,0.0
2006,8,28,-999.0,-999.0,-999.0,-999.0,-999.0,0.0
2006,8,29,10.5,17.3,24.0,0.0,0.0,0.0
2006,8,30,10.5,13.8,17.0,0.0,0.0,0.0
2006,8,31,6.0,13.5,21.0,0.0,0.0,0.0
2006,9,1,5.0,13.0,21.0,0.0,0.0,0.0
2006,9,2,8.0,14.5,21.0,0.0,0.0,0.0
2006,9,3,12.0,14.0,16.0,24.6,0.0,0.0
2006,9,4,13.0,14.5,16.0,4.2,0.0,0.0
2006,9,5,13.0,17.3,21.5,0.0,0.0,0.0
2006,9,6,14.0,16.5,19.0,0.0,0.0,0.0
2006,9,7,4.0,12.0,20.0,0.0,0.0,0.0
2006,9,8,12.0,18.0,24.0,1.6,0.0,0.0
2006,9,9,10.5,13.3,16.0,3.8,0.0,0.0
2006,9,10,2.0,9.0,16.0,0.0,0.0,0.0
2006,9,11,0.0,9.8,19.5,0.0,0.0,0.0
2006,9,12,-999.0,-999.0,-999.0,-999.0,-999.0,0.0
2006,9,13,-999.0,-999.0,-999.0,6.4,0.0,0.0
2006,9,14,12.0,14.5,17.0,1.2,0.0,0.0
2006,9,15,13.6,17.1,20.5,0.0,0.0,0.0
2006,9,16,11.0,16.5,22.0,0.0,0.0,0.0
2006,9,17,-999.0,-999.0,-999.0,0.0,0.0,0.0
2006,9,18,13.5,18.8,24.0,0.0,0.0,0.0
2006,9,19,9.0,15.5,22.0,7.4,0.0,0.0
2006,9,20,11.0,13.5,16.0,1.0,0.0,0.0
2006,9,21,4.0,8.0,12.0,0.0,0.0,0.0
2006,9,22,1.0,7.8,14.5,0.0,0.0,0.0
2006,9,23,8.0,13.3,18.5,9.4,0.0,0.0
2006,9,24,10.0,16.5,23.0,1.2,0.0,0.0
2006,9,25,4.0,8.3,12.5,0.6,0.0,0.0
2006,9,26,7.0,9.0,11.0,0.0,0.0,0.0
2006,9,27,5.0,12.5,20.0,0.0,0.0,0.0
2006,9,28,12.0,17.3,22.5,2.2,0.0,0.0
2006,9,29,8.5,10.8,13.0,25.0,0.0,0.0
2006,9,30,4.0,9.5,15.0,1.4,0.0,0.0
2006,10,1,5.0,9.3,13.5,11.8,0.0,0.0
2006,10,2,8.0,10.5,13.0,0.0,0.0,0.0
2006,10,3,8.5,12.3,16.0,0.0,0.0,0.0
2006,10,4,6.0,11.5,17.0,14.0,0.0,0.0
2006,10,5,1.0,6.0,11.0,0.0,0.0,0.0
2006,10,6,-3.0,5.5,14.0,0.0,0.0,0.0
2006,10,7,-3.0,6.3,15.5,0.0,0.0,0.0
2006,10,8,5.0,11.8,18.5,0.0,0.0,0.0
2006,10,9,12.0,16.0,20.0,0.0,0.0,0.0
2006,10,10,1.0,6.5,12.0,0.0,0.0,0.0
2006,10,11,3.0,9.0,15.0,11.6,0.0,0.0
2006,10,12,9.5,13.3,17.0,12.8,0.0,0.0
2006,10,13,1.0,5.3,9.5,0.0,0.0,0.0
2006,10,14,0.0,6.3,12.5,0.0,0.0,0.0
2006,10,15,2.0,5.0,8.0,0.0,0.0,0.0
2006,10,16,3.5,7.3,11.0,0.0,0.0,0.0
2006,10,17,0.0,6.8,13.5,11.6,0.0,0.0
2006,10,18,6.0,9.0,12.0,4.3,0.0,0.0
2006,10,19,10.0,12.8,15.5,13.2,0.0,0.0
2006,10,20,5.0,6.3,7.5,50.2,0.0,0.0
2006,10,21,3.0,4.0,5.0,0.0,0.0,0.0
2006,10,22,-3.0,2.0,7.0,2.2,0.0,0.0
2006,10,23,1.0,3.5,6.0,7.8,0.0,0.0
2006,10,24,3.5,4.3,5.0,2.6,0.0,0.0
2006,10,25,3.0,5.8,8.5,2.0,0.0,0.0
2006,10,26,2.0,4.8,7.5,1.8,0.0,0.0
2006,10,27,0.0,2.5,5.0,5.2,0.0,0.0
2006,10,28,-3.0,2.5,8.0,36.0,0.0,0.0
2006,10,29,0.0,1.5,3.0,1.4,0.0,0.0
2006,10,30,1.0,2.5,4.0,0.0,0.0,0.0
2006,10,31,-2.0,3.0,8.0,7.8,0.0,0.0
2006,11,1,2.0,4.8,7.5,0.0,0.0,0.0
2006,11,2,0.0,2.5,5.0,0.0,0.0,0.0
2006,11,3,-2.0,0.5,3.0,0.0,0.0,0.0
2006,11,4,-5.5,-1.8,2.0,0.0,0.0,0.0
2006,11,5,-4.0,0.5,5.0,7.4,0.0,0.0
2006,11,6,0.0,2.8,5.5,0.0,0.0,0.0
2006,11,7,-2.0,5.8,13.5,1.4,0.0,0.0
2006,11,8,4.0,5.8,7.5,5.0,0.0,0.0
2006,11,9,4.0,7.5,11.0,6.6,0.0,0.0
2006,11,10,4.0,5.5,7.0,0.0,0.0,0.0
2006,11,11,1.0,3.0,5.0,14.6,0.0,0.0
2006,11,12,1.0,2.0,3.0,4.0,0.0,0.0
2006,11,13,2.0,4.0,6.0,1.6,0.0,0.0
2006,11,14,4.5,6.8,9.0,6.8,0.0,0.0
2006,11,15,6.5,8.3,10.0,1.8,0.0,0.0
2006,11,16,7.0,13.5,20.0,2.4,0.0,0.0
2006,11,17,7.5,12.8,18.0,1.8,0.0,0.0
2006,11,18,1.0,3.0,5.0,0.0,0.0,0.0
2006,11,19,-0.5,0.5,1.5,5.0,5.0,0.0
2006,11,20,-4.0,-3.0,-2.0,0.0,0.0,0.0
2006,11,21,-6.0,-2.5,1.0,0.0,0.0,0.0
2006,11,22,-3.0,1.5,6.0,0.0,0.0,0.0
2006,11,23,-6.0,0.8,7.5,0.0,0.0,0.0
2006,11,24,-6.0,-0.8,4.5,0.0,0.0,0.0
2006,11,25,-7.5,-0.3,7.0,0.0,0.0,0.0
2006,11,26,-4.0,2.0,8.0,5.2,0.0,0.0
2006,11,27,-1.0,0.5,2.0,1.6,0.0,0.0
2006,11,28,-5.0,-1.8,1.5,0.0,0.0,0.0
2006,11,29,-2.0,6.5,15.0,2.4,0.0,0.0
2006,11,30,4.5,11.0,17.5,23.8,0.0,0.0
2006,12,1,-2.5,0.0,2.5,16.2,7.4,0.0
2006,12,2,-3.0,-2.0,-1.0,1.6,1.6,8.0
2006,12,3,-9.5,-5.3,-1.0,13.0,13.0,10.0
2006,12,4,-8.5,-6.8,-5.0,0.0,0.0,18.0
2006,12,5,-15.0,-10.5,-6.0,0.0,0.0,18.0
2006,12,6,-15.0,-6.3,2.5,0.0,0.0,18.0
2006,12,7,-1.0,1.0,3.0,0.0,0.0,14.0
2006,12,8,-13.0,-8.8,-4.5,0.0,0.0,14.0
2006,12,9,-12.5,-5.5,1.5,0.0,0.0,14.0
2006,12,10,0.0,1.0,2.0,0.0,0.0,14.0
2006,12,11,-2.0,0.5,3.0,0.0,0.0,18.0
2006,12,12,-11.0,-3.3,4.5,0.0,0.0,14.0
2006,12,13,-8.5,-1.3,6.0,4.8,0.0,14.0
2006,12,14,1.0,4.5,8.0,0.0,0.0,0.0
2006,12,15,0.0,4.0,8.0,2.6,0.0,0.0
2006,12,16,0.0,2.0,4.0,0.0,0.0,0.0
2006,12,17,-2.0,1.0,4.0,1.4,0.0,0.0
2006,12,18,0.0,1.8,3.5,0.0,0.0,0.0
2006,12,19,-9.5,-7.3,-5.0,0.0,0.0,0.0
2006,12,20,-13.0,-5.3,2.5,0.0,0.0,0.0
2006,12,21,-2.0,0.5,3.0,0.0,0.0,0.0
2006,12,22,-11.0,-5.0,1.0,12.2,0.0,0.0
2006,12,23,-6.0,-1.0,4.0,16.0,0.0,0.0
2006,12,24,1.5,2.8,4.0,2.4,0.0,0.0
2006,12,25,-2.0,0.0,2.0,2.0,2.0,0.0
2006,12,26,-4.0,-2.0,0.0,9.6,9.6,0.0
2006,12,27,-10.0,-8.8,-7.5,0.0,0.0,18.0
2006,12,28,-12.0,-10.3,-8.5,0.0,0.0,18.0
2006,12,29,-20.5,-15.3,-10.0,0.0,0.0,18.0
2006,12,30,-16.0,-11.8,-7.5,-999.0,-999.0,18.0
2006,12,31,-13.0,-5.5,2.0,1.2,0.0,16.0
2007,1,1,-13.5,-4.3,5.0,3.0,0.0,16.0
2007,1,2,-6.5,-3.0,0.5,0.0,0.0,0.0
2007,1,3,-6.5,-1.0,4.5,0.0,0.0,0.0
2007,1,4,1.0,5.0,9.0,5.6,0.0,0.0
2007,1,5,4.5,6.3,8.0,10.2,0.0,0.0
2007,1,6,5.0,8.5,12.0,9.0,0.0,0.0
2007,1,7,-5.0,-1.8,1.5,4.2,4.2,0.0
2007,1,8,-4.5,0.0,4.5,13.4,0.0,0.0
2007,1,9,-2.0,-1.0,0.0,1.2,1.2,0.0
2007,1,10,-14.0,-11.3,-8.5,0.0,0.0,0.0
2007,1,11,-16.0,-7.5,1.0,7.6,7.6,0.0
2007,1,12,-8.0,-3.0,2.0,14.8,6.4,8.0
2007,1,13,-9.0,-8.5,-8.0,0.0,0.0,14.0
2007,1,14,-17.5,-11.3,-5.0,0.0,0.0,14.0
2007,1,15,-15.0,-12.3,-9.5,14.2,14.2,14.0
2007,1,16,-19.0,-17.0,-15.0,0.0,0.0,18.0
2007,1,17,-29.0,-22.0,-15.0,0.0,0.0,18.0
2007,1,18,-26.6,-14.8,-3.0,0.0,0.0,18.0
2007,1,19,-6.0,-4.0,-2.0,2.6,2.6,18.0
2007,1,20,-15.5,-14.0,-12.5,0.0,0.0,22.0
2007,1,21,-22.0,-18.0,-14.0,0.0,0.0,18.0
2007,1,22,-18.5,-12.8,-7.0,0.0,0.0,18.0
2007,1,23,-21.0,-12.3,-3.5,3.4,3.4,18.0
2007,1,24,-16.0,-11.8,-7.5,0.0,0.0,18.0
2007,1,25,-25.0,-21.0,-17.0,0.0,0.0,18.0
2007,1,26,-27.5,-23.8,-20.0,0.0,0.0,18.0
2007,1,27,-25.0,-20.0,-15.0,0.0,0.0,18.0
2007,1,28,-20.5,-15.5,-10.5,0.0,0.0,18.0
2007,1,29,-23.0,-17.5,-12.0,0.0,0.0,18.0
2007,1,30,-26.0,-21.0,-16.0,0.0,0.0,18.0
2007,1,31,-25.5,-17.8,-10.0,0.0,0.0,18.0
2007,2,1,-23.0,-14.3,-5.5,2.4,2.4,18.0
2007,2,2,-12.0,-6.3,-0.5,6.2,6.2,18.0
2007,2,3,-10.0,-8.5,-7.0,5.6,5.6,18.0
2007,2,4,-13.0,-11.5,-10.0,3.8,3.8,18.0
2007,2,5,-24.5,-21.3,-18.0,0.0,0.0,18.0
2007,2,6,-22.0,-17.8,-13.5,0.0,0.0,16.0
2007,2,7,-17.0,-15.0,-13.0,1.4,1.4,16.0
2007,2,8,-18.0,-15.3,-12.5,0.0,0.0,16.0
2007,2,9,-20.0,-16.0,-12.0,0.0,0.0,16.0
2007,2,10,-16.0,-12.5,-9.0,0.0,0.0,16.0
2007,2,11,-20.0,-13.3,-6.5,0.0,0.0,16.0
2007,2,12,-18.0,-14.0,-10.0,0.0,0.0,16.0
2007,2,13,-26.0,-21.0,-16.0,0.0,0.0,16.0
2007,2,14,-19.0,-14.5,-10.0,28.0,28.0,18.0
2007,2,15,-17.5,-16.3,-15.0,4.2,4.2,30.0
2007,2,16,-18.0,-13.5,-9.0,0.0,0.0,22.0
2007,2,17,-12.0,-8.3,-4.5,1.4,1.4,18.0
2007,2,18,-12.0,-8.3,-4.5,0.0,0.0,20.0
2007,2,19,-24.5,-20.3,-16.0,0.0,0.0,18.0
2007,2,20,-22.0,-16.0,-10.0,1.4,1.4,18.0
2007,2,21,-21.0,-14.3,-7.5,0.0,0.0,18.0
2007,2,22,-23.0,-14.3,-5.5,0.0,0.0,18.0
2007,2,23,-18.0,-14.3,-10.5,0.0,0.0,18.0
2007,2,24,-15.5,-10.3,-5.0,0.0,0.0,18.0
2007,2,25,-15.5,-10.0,-4.5,0.0,0.0,18.0
2007,2,26,-22.0,-12.0,-2.0,0.0,0.0,18.0
2007,2,27,-17.0,-6.8,3.5,0.0,0.0,18.0
2007,2,28,-12.5,-8.3,-4.0,0.0,0.0,18.0
2007,3,1,-18.5,-12.5,-6.5,0.6,0.6,18.0
2007,3,2,-15.0,-8.3,-1.5,16.2,16.2,18.0
2007,3,3,-7.0,-2.0,3.0,3.2,3.2,30.0
2007,3,4,-3.5,-2.0,-0.5,3.6,3.6,30.0
2007,3,5,-11.0,-7.3,-3.5,1.6,1.6,30.0
2007,3,6,-26.0,-22.0,-18.0,0.0,0.0,28.0
2007,3,7,-26.0,-18.8,-11.5,0.0,0.0,26.0
2007,3,8,-24.5,-21.5,-18.5,0.0,0.0,26.0
2007,3,9,-25.0,-17.0,-9.0,0.0,0.0,26.0
2007,3,10,-13.0,-3.8,5.5,0.0,0.0,26.0
2007,3,11,0.5,2.5,4.5,0.0,0.0,20.0
2007,3,12,-3.5,0.5,4.5,0.0,0.0,20.0
2007,3,13,0.0,5.3,10.5,3.8,0.0,14.0
2007,3,14,3.0,6.8,10.5,24.6,0.0,0.0
2007,3,15,-6.0,-1.3,3.5,2.2,0.0,0.0
2007,3,16,-14.5,-10.8,-7.0,15.4,15.4,0.0
2007,3,17,-10.0,-7.5,-5.0,9.8,9.8,20.0
2007,3,18,-10.0,-7.3,-4.5,2.2,2.2,30.0
2007,3,19,-16.0,-7.5,1.0,2.4,2.4,26.0
2007,3,20,-12.0,-8.5,-5.0,0.0,0.0,30.0
2007,3,21,-24.0,-10.3,3.5,3.2,0.0,20.0
2007,3,22,-7.0,2.0,11.0,4.4,0.0,20.0
2007,3,23,0.0,1.5,3.0,0.0,0.0,0.0
2007,3,24,-8.0,-2.0,4.0,0.0,0.0,0.0
2007,3,25,-7.0,0.3,7.5,0.0,0.0,0.0
2007,3,26,-1.0,2.8,6.5,3.8,0.0,0.0
2007,3,27,2.0,4.3,6.5,0.0,0.0,0.0
2007,3,28,-3.0,0.3,3.5,0.0,0.0,0.0
2007,3,29,-6.0,0.5,7.0,0.0,0.0,0.0
2007,3,30,-2.0,2.8,7.5,0.0,0.0,0.0
2007,3,31,-7.0,-1.5,4.0,0.0,0.0,0.0
2007,4,1,-6.0,3.0,12.0,2.2,0.0,0.0
2007,4,2,0.0,3.0,6.0,-999.0,-999.0,0.0
2007,4,3,1.0,3.3,5.5,1.3,0.0,0.0
2007,4,4,-0.5,0.3,1.0,10.0,10.0,0.0
2007,4,5,-2.0,-0.5,1.0,6.0,6.0,10.0
2007,4,6,-5.0,-4.0,-3.0,1.6,1.6,20.0
2007,4,7,-10.0,-5.5,-1.0,1.6,1.6,20.0
2007,4,8,-6.0,-2.5,1.0,2.8,2.8,20.0
2007,4,9,-2.0,-0.3,1.5,0.0,0.0,20.0
2007,4,10,-2.0,-0.5,1.0,0.0,0.0,15.0
2007,4,11,-7.0,-1.0,5.0,0.0,0.0,15.0
2007,4,12,-7.0,-0.5,6.0,17.4,17.4,-999.0
2007,4,13,-0.5,1.0,2.5,1.4,1.4,20.0
2007,4,14,-1.0,3.0,7.0,0.0,0.0,20.0
2007,4,15,-2.0,1.5,5.0,8.8,2.0,10.0
2007,4,16,-2.0,0.0,2.0,10.2,0.0,15.0
2007,4,17,-1.5,0.5,2.5,0.0,0.0,5.0
2007,4,18,-1.0,3.0,7.0,0.0,0.0,10.0
2007,4,19,-3.0,5.3,13.5,0.0,0.0,0.0
2007,4,20,-3.0,8.0,19.0,0.0,0.0,0.0
2007,4,21,-1.0,8.3,17.5,0.0,0.0,0.0
2007,4,22,-2.0,8.8,19.5,0.0,0.0,0.0
2007,4,23,14.0,18.8,23.5,9.2,0.0,0.0
2007,4,24,2.0,6.3,10.5,0.0,0.0,0.0
2007,4,25,-3.0,4.0,11.0,0.0,0.0,0.0
2007,4,26,-4.0,5.5,15.0,0.0,0.0,0.0
2007,4,27,4.0,7.0,10.0,9.6,0.0,0.0
2007,4,28,4.0,5.0,6.0,4.2,0.0,0.0
2007,4,29,4.0,5.5,7.0,5.0,0.0,0.0
2007,4,30,5.0,7.5,10.0,13.2,0.0,0.0
2007,5,1,1.0,6.0,11.0,0.0,0.0,0.0
2007,5,2,-2.5,4.8,12.0,0.0,0.0,0.0
2007,5,3,-1.0,6.3,13.5,0.0,0.0,0.0
2007,5,4,0.0,7.3,14.5,0.0,0.0,0.0
2007,5,5,1.5,6.3,11.0,0.0,0.0,0.0
2007,5,6,0.0,7.8,15.5,0.0,0.0,0.0
2007,5,7,6.0,13.0,20.0,0.0,0.0,0.0
2007,5,8,12.5,19.0,25.5,0.0,0.0,0.0
2007,5,9,8.0,17.8,27.5,0.0,0.0,0.0
2007,5,10,14.0,21.3,28.5,0.0,0.0,0.0
2007,5,11,15.0,19.5,24.0,0.0,0.0,0.0
2007,5,12,-2.5,4.5,11.5,0.0,0.0,0.0
2007,5,13,-3.0,4.8,12.5,0.0,0.0,0.0
2007,5,14,-2.0,9.0,20.0,8.4,0.0,0.0
2007,5,15,8.0,10.0,12.0,6.2,0.0,0.0
2007,5,16,2.0,3.0,4.0,16.6,0.0,0.0
2007,5,17,2.0,4.8,7.5,1.2,0.0,0.0
2007,5,18,0.0,6.0,12.0,0.0,0.0,0.0
2007,5,19,-1.0,10.0,21.0,0.0,0.0,0.0
2007,5,20,4.0,6.0,8.0,17.6,0.0,0.0
2007,5,21,3.0,9.5,16.0,0.0,0.0,0.0
2007,5,22,-1.5,8.5,18.5,0.0,0.0,0.0
2007,5,23,6.5,15.0,23.5,0.0,0.0,0.0
2007,5,24,11.0,20.3,29.5,0.0,0.0,0.0
2007,5,25,17.0,24.0,31.0,0.0,0.0,0.0
2007,5,26,15.0,18.5,22.0,0.0,0.0,0.0
2007,5,27,3.5,10.8,18.0,32.2,0.0,0.0
2007,5,28,14.0,16.5,19.0,1.8,0.0,0.0
2007,5,29,8.5,15.3,22.0,0.6,0.0,0.0
2007,5,30,13.0,14.5,16.0,4.0,0.0,0.0
2007,5,31,11.0,15.0,19.0,0.0,0.0,0.0
2007,6,1,14.0,19.5,25.0,0.0,0.0,0.0
2007,6,2,13.0,14.8,16.5,2.0,0.0,0.0
2007,6,3,11.1,15.8,20.5,1.6,0.0,0.0
2007,6,4,14.5,15.8,17.0,16.8,0.0,0.0
2007,6,5,11.0,16.5,22.0,14.6,0.0,0.0
2007,6,6,6.0,8.8,11.5,0.0,0.0,0.0
2007,6,7,3.0,10.8,18.5,0.0,0.0,0.0
2007,6,8,9.5,19.3,29.0,0.0,0.0,0.0
2007,6,9,19.5,22.8,26.0,0.0,0.0,0.0
2007,6,10,14.0,19.0,24.0,0.0,0.0,0.0
2007,6,11,12.0,19.8,27.5,0.0,0.0,0.0
2007,6,12,12.5,19.8,27.0,0.0,0.0,0.0
2007,6,13,10.5,18.0,25.5,0.0,0.0,0.0
2007,6,14,8.0,17.3,26.5,0.0,0.0,0.0
2007,6,15,10.0,19.5,29.0,0.0,0.0,0.0
2007,6,16,12.5,21.0,29.5,0.0,0.0,0.0
2007,6,17,18.0,19.5,21.0,1.0,0.0,0.0
2007,6,18,7.0,16.0,25.0,0.0,0.0,0.0
2007,6,19,11.5,20.8,30.0,21.2,0.0,0.0
2007,6,20,18.0,21.0,24.0,-999.0,-999.0,0.0
2007,6,21,11.0,15.5,20.0,0.0,0.0,0.0
2007,6,22,12.0,16.0,20.0,1.0,0.0,0.0
2007,6,23,10.0,13.5,17.0,0.0,0.0,0.0
2007,6,24,10.0,16.0,22.0,0.0,0.0,0.0
2007,6,25,14.0,19.3,24.5,13.6,0.0,0.0
2007,6,26,18.0,23.8,29.5,0.0,0.0,0.0
2007,6,27,17.0,22.0,27.0,24.4,0.0,0.0
2007,6,28,16.0,19.0,22.0,0.0,0.0,0.0
2007,6,29,5.0,12.5,20.0,3.0,0.0,0.0
2007,6,30,10.0,13.5,17.0,2.2,0.0,0.0
2007,7,1,6.5,11.8,17.0,2.0,0.0,0.0
2007,7,2,8.0,13.3,18.5,1.0,0.0,0.0
2007,7,3,9.5,16.0,22.5,0.0,0.0,0.0
2007,7,4,12.0,18.5,25.0,8.9,0.0,0.0
2007,7,5,15.0,17.8,20.5,6.1,0.0,0.0
2007,7,6,14.5,18.8,23.0,0.0,0.0,0.0
2007,7,7,10.0,14.5,19.0,4.4,0.0,0.0
2007,7,8,12.5,17.5,22.5,0.0,0.0,0.0
2007,7,9,8.5,14.0,19.5,22.8,0.0,0.0
2007,7,10,15.0,20.5,26.0,31.0,0.0,0.0
2007,7,11,19.0,23.5,28.0,4.6,0.0,0.0
2007,7,12,13.5,17.8,22.0,0.0,0.0,0.0
2007,7,13,14.0,18.0,22.0,8.0,0.0,0.0
2007,7,14,12.5,17.8,23.0,6.6,0.0,0.0
2007,7,15,14.0,19.0,24.0,3.2,0.0,0.0
2007,7,16,13.0,18.0,23.0,1.4,0.0,0.0
2007,7,17,11.0,17.5,24.0,0.0,0.0,0.0
2007,7,18,14.0,19.5,25.0,0.0,0.0,0.0
2007,7,19,14.0,16.5,19.0,24.6,0.0,0.0
2007,7,20,13.5,14.8,16.0,49.4,0.0,0.0
2007,7,21,12.0,18.0,24.0,0.0,0.0,0.0
2007,7,22,7.0,16.5,26.0,0.0,0.0,0.0
2007,7,23,9.5,18.5,27.5,0.0,0.0,0.0
2007,7,24,15.0,21.5,28.0,0.0,0.0,0.0
2007,7,25,18.0,22.5,27.0,0.0,0.0,0.0
2007,7,26,17.5,23.3,29.0,0.0,0.0,0.0
2007,7,27,20.0,24.8,29.5,0.0,0.0,0.0
2007,7,28,17.0,22.0,27.0,20.8,0.0,0.0
2007,7,29,16.0,20.5,25.0,0.0,0.0,0.0
2007,7,30,10.0,18.3,26.5,0.0,0.0,0.0
2007,7,31,17.0,22.3,27.5,0.0,0.0,0.0
2007,8,1,9.5,17.8,26.0,0.0,0.0,0.0
2007,8,2,19.5,25.3,31.0,0.0,0.0,0.0
2007,8,3,20.5,23.8,27.0,2.0,0.0,0.0
2007,8,4,16.0,20.0,24.0,0.0,0.0,0.0
2007,8,5,9.0,16.5,24.0,0.0,0.0,0.0
2007,8,6,9.0,13.5,18.0,38.0,0.0,0.0
2007,8,7,16.0,20.0,24.0,2.4,0.0,0.0
2007,8,8,14.5,19.3,24.0,14.6,0.0,0.0
2007,8,9,7.0,14.5,22.0,0.0,0.0,0.0
2007,8,10,9.5,17.5,25.5,0.0,0.0,0.0
2007,8,11,13.5,19.8,26.0,0.0,0.0,0.0
2007,8,12,12.0,20.0,28.0,7.2,0.0,0.0
2007,8,13,15.5,18.8,22.0,0.0,0.0,0.0
2007,8,14,7.5,13.3,19.0,3.4,0.0,0.0
2007,8,15,14.0,18.0,22.0,0.0,0.0,0.0
2007,8,16,8.0,14.0,20.0,2.4,0.0,0.0
2007,8,17,6.0,14.0,22.0,10.2,0.0,0.0
2007,8,18,10.0,13.0,16.0,0.0,0.0,0.0
2007,8,19,5.0,11.5,18.0,0.0,0.0,0.0
2007,8,20,2.0,10.3,18.5,0.0,0.0,0.0
2007,8,21,3.0,12.5,22.0,0.0,0.0,0.0
2007,8,22,6.0,15.0,24.0,0.0,0.0,0.0
2007,8,23,12.0,16.3,20.5,3.4,0.0,0.0
2007,8,24,18.0,21.3,24.5,11.0,0.0,0.0
2007,8,25,18.0,21.3,24.5,8.4,0.0,0.0
2007,8,26,16.0,18.5,21.0,0.0,0.0,0.0
2007,8,27,6.5,14.3,22.0,0.0,0.0,0.0
2007,8,28,8.0,16.5,25.0,0.0,0.0,0.0
2007,8,29,13.0,21.3,29.5,12.5,0.0,0.0
2007,8,30,15.0,15.5,16.0,1.5,0.0,0.0
2007,8,31,7.5,14.5,21.5,0.0,0.0,0.0
2007,9,1,8.0,13.6,19.2,0.0,0.0,0.0
2007,9,2,4.0,12.5,21.0,2.6,0.0,0.0
2007,9,3,14.0,19.3,24.5,0.0,0.0,0.0
2007,9,4,7.0,12.5,18.0,0.0,0.0,0.0
2007,9,5,3.0,10.0,17.0,0.0,0.0,0.0
2007,9,6,7.5,16.0,24.5,13.0,0.0,0.0
2007,9,7,21.0,25.0,29.0,0.0,0.0,0.0
2007,9,8,22.0,24.3,26.5,0.0,0.0,0.0
2007,9,9,7.5,12.8,18.0,0.0,0.0,0.0
2007,9,10,8.0,14.0,20.0,0.0,0.0,0.0
2007,9,11,12.0,15.0,18.0,37.4,0.0,0.0
2007,9,12,11.5,14.3,17.0,0.0,0.0,0.0
2007,9,13,2.5,8.5,14.5,0.0,0.0,0.0
2007,9,14,5.0,14.5,24.0,14.0,0.0,0.0
2007,9,15,-999.0,-999.0,-999.0,8.0,0.0,0.0
2007,9,16,-999.0,-999.0,-999.0,0.0,0.0,0.0
2007,9,17,5.0,11.5,18.0,0.0,0.0,0.0
2007,9,18,3.0,12.3,21.5,0.0,0.0,0.0
2007,9,19,7.5,15.5,23.5,0.0,0.0,0.0
2007,9,20,12.0,17.5,23.0,0.0,0.0,0.0
2007,9,21,7.0,15.3,23.5,0.0,0.0,0.0
2007,9,22,13.0,19.5,26.0,3.4,0.0,0.0
2007,9,23,10.0,14.5,19.0,0.0,0.0,0.0
2007,9,24,5.0,13.5,22.0,0.0,0.0,0.0
2007,9,25,14.0,20.3,26.5,4.0,0.0,0.0
2007,9,26,18.0,21.8,25.5,5.4,0.0,0.0
2007,9,27,10.0,11.8,13.5,31.6,0.0,0.0
2007,9,28,9.0,10.8,12.5,3.4,0.0,0.0
2007,9,29,6.5,11.0,15.5,0.0,0.0,0.0
2007,9,30,-1.0,7.3,15.5,0.0,0.0,0.0
2007,10,1,9.0,14.8,20.5,0.0,0.0,0.0
2007,10,2,10.0,16.0,22.0,0.0,0.0,0.0
2007,10,3,10.0,16.8,23.5,0.0,0.0,0.0
2007,10,4,13.0,17.3,21.5,0.0,0.0,0.0
2007,10,5,11.0,17.5,24.0,0.0,0.0,0.0
2007,10,6,7.0,13.3,19.5,0.0,0.0,0.0
2007,10,7,4.0,8.5,13.0,4.6,0.0,0.0
2007,10,8,6.0,9.5,13.0,0.0,0.0,0.0
2007,10,9,1.0,7.0,13.0,1.4,0.0,0.0
2007,10,10,7.0,9.3,11.5,1.4,0.0,0.0
2007,10,11,7.0,9.8,12.5,11.2,0.0,0.0
2007,10,12,7.0,8.0,9.0,22.6,0.0,0.0
2007,10,13,3.5,6.0,8.5,13.2,0.0,0.0
2007,10,14,4.0,6.0,8.0,0.0,0.0,0.0
2007,10,15,3.0,5.8,8.5,0.0,0.0,0.0
2007,10,16,0.0,4.8,9.5,0.0,0.0,0.0
2007,10,17,0.5,5.8,11.0,0.0,0.0,0.0
2007,10,18,1.5,9.3,17.0,0.0,0.0,0.0
2007,10,19,8.0,16.0,24.0,15.8,0.0,0.0
2007,10,20,14.5,15.8,17.0,0.0,0.0,0.0
2007,10,21,10.0,15.0,20.0,0.0,0.0,0.0
2007,10,22,15.0,18.8,22.5,0.0,0.0,0.0
2007,10,23,14.5,15.3,16.0,21.7,0.0,0.0
2007,10,24,1.5,5.8,10.0,0.0,0.0,0.0
2007,10,25,1.0,6.0,11.0,0.0,0.0,0.0
2007,10,26,-2.0,7.0,16.0,8.4,0.0,0.0
2007,10,27,5.0,10.0,15.0,21.2,0.0,0.0
2007,10,28,3.5,5.0,6.5,0.0,0.0,0.0
2007,10,29,-4.5,0.3,5.0,0.0,0.0,0.0
2007,10,30,-2.0,3.0,8.0,0.0,0.0,0.0
2007,10,31,-1.0,7.8,16.5,2.2,0.0,0.0
2007,11,1,5.0,7.5,10.0,0.0,0.0,0.0
2007,11,2,-3.0,1.8,6.5,0.0,0.0,0.0
2007,11,3,-4.0,1.3,6.5,0.0,0.0,0.0
2007,11,4,-2.5,3.5,9.5,0.0,0.0,0.0
2007,11,5,-6.0,1.8,9.5,11.6,0.0,0.0
2007,11,6,2.0,4.0,6.0,6.4,0.0,0.0
2007,11,7,1.0,2.8,4.5,1.4,0.0,0.0
2007,11,8,-1.0,0.0,1.0,0.0,0.0,0.0
2007,11,9,-4.0,-0.8,2.5,0.0,0.0,0.0
2007,11,10,-6.0,-3.0,0.0,0.0,0.0,0.0
2007,11,11,-7.0,-2.3,2.5,0.0,0.0,0.0
2007,11,12,-6.0,-0.5,5.0,2.9,0.0,0.0
2007,11,13,0.0,3.5,7.0,0.0,0.0,0.0
2007,11,14,3.0,8.0,13.0,6.0,0.0,0.0
2007,11,15,5.0,5.0,5.0,15.8,0.0,0.0
2007,11,16,-3.0,-1.0,1.0,4.0,4.0,0.0
2007,11,17,-4.0,-2.5,-1.0,0.0,0.0,0.0
2007,11,18,-8.0,-3.5,1.0,0.0,0.0,0.0
2007,11,19,-13.5,-6.5,0.5,0.0,0.0,0.0
2007,11,20,-9.5,-4.3,1.0,0.0,0.0,0.0
2007,11,21,-0.5,1.0,2.5,6.4,6.4,0.0
2007,11,22,-1.0,-0.3,0.5,8.8,8.8,-999.0
2007,11,23,-8.0,-7.5,-7.0,1.2,1.2,20.0
2007,11,24,-14.0,-7.5,-1.0,0.0,0.0,20.0
2007,11,25,-6.5,-2.3,2.0,2.4,2.4,20.0
2007,11,26,0.5,1.8,3.0,0.0,0.0,20.0
2007,11,27,0.0,0.5,1.0,0.0,0.0,20.0
2007,11,28,-12.0,-6.3,-0.5,0.0,0.0,18.0
2007,11,29,-12.5,-5.0,2.5,0.0,0.0,18.0
2007,11,30,-7.0,-4.5,-2.0,2.4,2.4,16.0
2007,12,1,-14.5,-13.0,-11.5,0.0,0.0,18.0
2007,12,2,-18.5,-12.1,-5.7,-999.0,-999.0,18.0
2007,12,3,-13.0,-9.0,-5.0,15.8,15.8,-999.0
2007,12,4,-10.0,-7.5,-5.0,4.8,4.8,30.0
2007,12,5,-8.5,-7.3,-6.0,2.6,2.6,30.0
2007,12,6,-15.0,-10.8,-6.5,0.0,0.0,30.0
2007,12,7,-14.0,-7.8,-1.5,3.8,3.8,30.0
2007,12,8,-9.0,-5.0,-1.0,0.0,0.0,30.0
2007,12,9,-21.0,-16.5,-12.0,0.0,0.0,30.0
2007,12,10,-19.0,-12.5,-6.0,0.0,0.0,26.0
2007,12,11,-11.5,-6.0,-0.5,4.6,4.6,26.0
2007,12,12,-11.0,-5.8,-0.5,0.0,0.0,30.0
2007,12,13,-22.0,-16.0,-10.0,8.4,8.4,30.0
2007,12,14,-16.0,-10.5,-5.0,1.6,1.6,38.0
2007,12,15,-24.0,-19.0,-14.0,1.2,1.2,36.0
2007,12,16,-19.0,-13.5,-8.0,28.2,28.2,36.0
2007,12,17,-15.0,-12.5,-10.0,0.0,0.0,54.0
2007,12,18,-21.5,-17.3,-13.0,0.0,0.0,54.0
2007,12,19,-24.0,-17.0,-10.0,3.4,3.4,54.0
2007,12,20,-12.0,-10.0,-8.0,1.8,1.8,56.0
2007,12,21,-9.0,-7.5,-6.0,0.0,0.0,56.0
2007,12,22,-7.0,-1.5,4.0,0.0,0.0,54.0
2007,12,23,-3.0,3.0,9.0,-999.0,-999.0,50.0
2007,12,24,-5.0,-2.8,-0.5,0.0,0.0,40.0
2007,12,25,-5.0,-2.8,-0.5,0.0,0.0,36.0
2007,12,26,-5.0,-2.5,0.0,0.0,0.0,36.0
2007,12,27,-5.0,-3.8,-2.5,12.6,12.6,36.0
2007,12,28,-5.0,-2.5,0.0,7.6,7.6,46.0
2007,12,29,-3.5,-0.8,2.0,0.0,0.0,54.0
2007,12,30,-8.0,-6.1,-4.2,2.4,2.4,46.0
2007,12,31,-11.0,-8.0,-5.0,1.6,1.6,47.0
2008,1,1,-10.5,-7.0,-3.5,4.2,4.2,50.0
2008,1,2,-21.5,-19.0,-16.5,0.0,0.0,56.0
2008,1,3,-27.0,-18.3,-9.5,0.0,0.0,56.0
2008,1,4,-22.0,-12.8,-3.5,0.0,0.0,50.0
2008,1,5,-5.0,-1.8,1.5,0.0,0.0,50.0
2008,1,6,-3.0,1.5,6.0,0.0,0.0,50.0
2008,1,7,3.0,7.0,11.0,7.2,0.0,40.0
2008,1,8,2.0,6.0,10.0,2.6,0.0,26.0
2008,1,9,2.0,6.8,11.5,-999.0,-999.0,20.0
2008,1,10,-1.0,0.0,1.0,0.0,0.0,0.0
2008,1,11,-6.0,-1.0,4.0,7.2,0.0,0.0
2008,1,12,-3.0,-0.8,1.5,0.0,0.0,0.0
2008,1,13,-12.0,-8.5,-5.0,0.0,0.0,0.0
2008,1,14,-10.0,-8.5,-7.0,0.0,0.0,0.0
2008,1,15,-10.0,-8.0,-6.0,0.0,0.0,0.0
2008,1,16,-14.0,-11.3,-8.5,0.0,0.0,0.0
2008,1,17,-15.0,-7.8,-0.5,4.4,4.4,0.0
2008,1,18,-6.0,-2.0,2.0,2.2,2.2,16.0
2008,1,19,-8.0,-6.0,-4.0,7.4,7.4,16.0
2008,1,20,-24.0,-20.3,-16.5,0.0,0.0,18.0
2008,1,21,-29.0,-19.5,-10.0,1.6,1.6,18.0
2008,1,22,-17.0,-11.0,-5.0,3.6,3.6,18.0
2008,1,23,-13.0,-10.0,-7.0,1.4,1.4,26.0
2008,1,24,-26.0,-20.5,-15.0,0.0,0.0,18.0
2008,1,25,-24.0,-17.0,-10.0,1.6,1.6,18.0
2008,1,26,-18.7,-12.9,-7.0,0.0,0.0,18.0
2008,1,27,-20.5,-12.8,-5.0,0.0,0.0,18.0
2008,1,28,-20.0,-12.0,-4.0,0.0,0.0,18.0
2008,1,29,-16.5,-6.0,4.5,4.6,0.0,18.0
2008,1,30,-6.0,-0.5,5.0,9.0,0.0,16.0
2008,1,31,-12.0,-9.8,-7.5,0.0,0.0,16.0
2008,2,1,-15.0,-10.8,-6.5,15.6,15.6,16.0
2008,2,2,-9.5,-6.8,-4.0,1.4,1.4,26.0
2008,2,3,-15.0,-9.8,-4.5,0.0,0.0,26.0
2008,2,4,-16.0,-8.5,-1.0,6.2,6.2,26.0
2008,2,5,-15.0,-7.0,1.0,3.4,0.0,32.0
2008,2,6,-8.0,-6.0,-4.0,2.6,2.6,32.0
2008,2,7,-13.5,-11.8,-10.0,0.0,0.0,32.0
2008,2,8,-15.0,-10.5,-6.0,0.0,0.0,32.0
2008,2,9,-17.0,-8.8,-0.5,2.2,2.2,32.0
2008,2,10,-5.0,-1.8,1.5,-999.0,-999.0,38.0
2008,2,11,-17.0,-15.0,-13.0,0.0,0.0,34.0
2008,2,12,-21.5,-13.3,-5.0,4.2,4.2,34.0
2008,2,13,-20.0,-11.3,-2.5,4.6,4.6,36.0
2008,2,14,-14.5,-10.3,-6.0,3.6,3.6,38.0
2008,2,15,-14.0,-8.0,-2.0,3.2,3.2,38.0
2008,2,16,-24.0,-15.8,-7.5,0.0,0.0,38.0
2008,2,17,-17.0,-3.3,10.5,4.2,0.0,38.0
2008,2,18,-1.0,5.0,11.0,4.0,3.4,28.0
2008,2,19,-5.0,-3.5,-2.0,4.8,4.8,24.0
2008,2,20,-18.0,-15.0,-12.0,0.0,0.0,24.0
2008,2,21,-23.0,-17.0,-11.0,0.0,0.0,24.0
2008,2,22,-16.5,-10.8,-5.0,3.6,3.6,24.0
2008,2,23,-19.0,-10.5,-2.0,0.0,0.0,24.0
2008,2,24,-9.0,-5.5,-2.0,0.0,0.0,24.0
2008,2,25,-5.0,-3.0,-1.0,0.0,0.0,24.0
2008,2,26,-5.0,-2.5,0.0,5.8,5.8,24.0
2008,2,27,-7.0,-6.0,-5.0,0.0,0.0,26.0
2008,2,28,-22.0,-15.3,-8.5,0.0,0.0,26.0
2008,2,29,-18.0,-11.5,-5.0,4.2,4.2,30.0
2008,3,1,-16.0,-10.0,-4.0,3.6,3.6,30.0
2008,3,2,-11.0,-7.0,-3.0,0.0,0.0,34.0
2008,3,3,-15.0,-2.8,9.5,2.6,0.0,30.0
2008,3,4,-7.0,-2.3,2.5,7.6,7.6,20.0
2008,3,5,-12.0,-9.0,-6.0,10.0,10.0,34.0
2008,3,6,-15.0,-7.5,0.0,0.0,0.0,34.0
2008,3,7,-10.0,-1.7,6.6,10.2,10.2,34.0
2008,3,8,-5.0,-3.3,-1.5,23.8,23.8,40.0
2008,3,9,-12.5,-9.8,-7.0,6.4,6.4,66.0
2008,3,10,-19.0,-13.0,-7.0,0.0,0.0,60.0
2008,3,11,-12.5,-7.3,-2.0,3.2,3.2,66.0
2008,3,12,-5.0,-2.5,0.0,0.0,0.0,56.0
2008,3,13,-21.0,-12.0,-3.0,3.6,3.6,56.0
2008,3,14,-10.5,-7.3,-4.0,0.0,0.0,56.0
2008,3,15,-12.0,-5.0,2.0,3.6,3.6,56.0
2008,3,16,-3.0,-0.9,1.3,0.0,0.0,54.0
2008,3,17,-12.5,-6.5,-0.5,0.0,0.0,56.0
2008,3,18,-19.0,-7.5,4.0,0.0,0.0,50.0
2008,3,19,-4.0,-1.3,1.5,9.2,9.2,50.0
2008,3,20,-1.0,-0.5,0.0,5.6,5.6,60.0
2008,3,21,-12.0,-9.0,-6.0,0.0,0.0,60.0
2008,3,22,-11.0,-7.0,-3.0,0.0,0.0,56.0
2008,3,23,-15.0,-11.3,-7.5,0.0,0.0,52.0
2008,3,24,-25.0,-15.5,-6.0,0.0,0.0,50.0
2008,3,25,-20.5,-9.3,2.0,0.0,0.0,50.0
2008,3,26,-2.0,1.3,4.5,0.0,0.0,50.0
2008,3,27,-9.0,-2.8,3.5,0.0,0.0,50.0
2008,3,28,-9.0,-4.2,0.6,0.0,0.0,50.0
2008,3,29,-13.0,-8.0,-3.0,0.0,0.0,48.0
2008,3,30,-12.0,-4.8,2.5,0.0,0.0,48.0
2008,3,31,-6.0,-1.0,4.0,7.0,0.0,48.0
2008,4,1,0.0,5.5,11.0,4.4,0.0,48.0
2008,4,2,-6.5,-3.3,0.0,0.0,0.0,40.0
2008,4,3,-6.0,-0.8,4.5,0.0,0.0,40.0
2008,4,4,-4.0,2.3,8.5,9.4,3.2,40.0
2008,4,5,0.0,2.5,5.0,0.0,0.0,34.0
2008,4,6,-2.0,2.3,6.5,0.0,0.0,30.0
2008,4,7,1.0,5.5,10.0,0.0,0.0,30.0
2008,4,8,-2.0,5.5,13.0,0.0,0.0,30.0
2008,4,9,-1.0,8.3,17.5,0.0,0.0,20.0
2008,4,10,2.5,4.3,6.0,0.0,0.0,10.0
2008,4,11,0.0,2.5,5.0,6.4,6.4,10.0
2008,4,12,0.0,0.3,0.5,4.8,4.8,20.0
2008,4,13,-1.0,1.3,3.5,0.0,0.0,20.0
2008,4,14,-2.5,1.8,6.0,0.0,0.0,20.0
2008,4,15,-5.0,1.5,8.0,0.0,0.0,10.0
2008,4,16,3.0,8.5,14.0,0.0,0.0,0.0
2008,4,17,2.5,10.3,18.0,0.0,0.0,0.0
2008,4,18,0.0,8.3,16.5,0.0,0.0,0.0
2008,4,19,4.0,8.4,12.7,0.0,0.0,0.0
2008,4,20,1.0,9.3,17.5,0.0,0.0,0.0
2008,4,21,3.0,9.3,15.5,0.0,0.0,0.0
2008,4,22,2.0,12.5,23.0,0.0,0.0,0.0
2008,4,23,2.5,13.0,23.5,0.0,0.0,0.0
2008,4,24,1.0,8.5,16.0,0.0,0.0,0.0
2008,4,25,-1.0,7.8,16.5,0.0,0.0,0.0
2008,4,26,0.5,9.6,18.6,1.2,0.0,0.0
2008,4,27,8.0,14.0,20.0,0.0,0.0,0.0
2008,4,28,7.5,12.0,16.5,22.6,0.0,0.0
2008,4,29,2.0,5.0,8.0,19.8,0.0,0.0
2008,4,30,-0.5,4.0,8.5,0.0,0.0,0.0
2008,5,1,-3.0,3.5,10.0,0.0,0.0,0.0
2008,5,2,-4.0,4.3,12.5,0.0,0.0,0.0
2008,5,3,0.0,4.8,9.5,1.4,0.0,0.0
2008,5,4,5.6,8.3,11.0,-999.0,-999.0,0.0
2008,5,5,7.0,12.5,18.0,0.0,0.0,0.0
2008,5,6,3.0,12.0,21.0,0.0,0.0,0.0
2008,5,7,2.0,8.8,15.5,7.6,0.0,0.0
2008,5,8,9.0,12.5,16.0,0.0,0.0,0.0
2008,5,9,1.5,8.5,15.5,0.0,0.0,0.0
2008,5,10,3.0,8.5,14.0,0.0,0.0,0.0
2008,5,11,1.0,8.5,16.0,0.0,0.0,0.0
2008,5,12,3.5,10.3,17.0,0.0,0.0,0.0
2008,5,13,3.5,12.8,22.0,0.0,0.0,0.0
2008,5,14,4.0,13.5,23.0,0.0,0.0,0.0
2008,5,15,11.5,14.0,16.5,4.4,0.0,0.0
2008,5,16,-0.5,8.8,18.0,0.0,0.0,0.0
2008,5,17,-0.5,9.8,20.0,0.0,0.0,0.0
2008,5,18,7.4,13.2,19.0,6.0,0.0,0.0
2008,5,19,6.0,8.5,11.0,3.4,0.0,0.0
2008,5,20,4.0,9.3,14.5,0.0,0.0,0.0
2008,5,21,2.0,9.3,16.5,5.0,0.0,0.0
2008,5,22,4.5,8.0,11.5,1.6,0.0,0.0
2008,5,23,6.5,11.3,16.0,0.0,0.0,0.0
2008,5,24,7.5,13.3,19.0,0.0,0.0,0.0
2008,5,25,2.0,12.3,22.5,1.6,0.0,0.0
2008,5,26,11.5,14.8,18.0,4.2,0.0,0.0
2008,5,27,7.5,10.5,13.5,0.0,0.0,0.0
2008,5,28,0.5,7.8,15.0,-999.0,-999.0,0.0
2008,5,29,8.0,13.5,19.0,0.0,0.0,0.0
2008,5,30,-0.5,9.0,18.5,4.0,0.0,0.0
2008,5,31,10.0,11.5,13.0,8.8,0.0,0.0
2008,6,1,9.5,12.3,15.0,5.6,0.0,0.0
2008,6,2,8.5,13.3,18.0,5.6,0.0,0.0
2008,6,3,8.0,13.3,18.5,6.0,0.0,0.0
2008,6,4,6.0,12.5,19.0,0.0,0.0,0.0
2008,6,5,7.0,15.0,23.0,0.0,0.0,0.0
2008,6,6,11.0,16.0,21.0,0.0,0.0,0.0
2008,6,7,15.0,22.5,30.0,0.0,0.0,0.0
2008,6,8,21.0,25.8,30.5,0.0,0.0,0.0
2008,6,9,18.0,20.5,23.0,0.0,0.0,0.0
2008,6,10,13.0,22.3,31.5,3.8,0.0,0.0
2008,6,11,14.0,18.5,23.0,7.8,0.0,0.0
2008,6,12,7.0,13.5,20.0,0.0,0.0,0.0
2008,6,13,4.0,14.5,25.0,0.0,0.0,0.0
2008,6,14,10.5,19.0,27.5,27.4,0.0,0.0
2008,6,15,13.0,16.3,19.5,1.6,0.0,0.0
2008,6,16,13.0,17.5,22.0,16.6,0.0,0.0
2008,6,17,13.0,17.8,22.5,41.1,0.0,0.0
2008,6,18,12.0,15.5,19.0,12.8,0.0,0.0
2008,6,19,10.5,14.5,18.5,2.4,0.0,0.0
2008,6,20,12.0,16.8,21.5,0.0,0.0,0.0
2008,6,21,11.5,17.3,23.0,42.0,0.0,0.0
2008,6,22,11.0,16.0,21.0,10.0,0.0,0.0
2008,6,23,14.0,18.3,22.5,9.8,0.0,0.0
2008,6,24,13.5,18.3,23.0,0.0,0.0,0.0
2008,6,25,10.0,17.5,25.0,1.4,0.0,0.0
2008,6,26,16.5,19.5,22.5,0.6,0.0,0.0
2008,6,27,15.0,20.0,25.0,0.0,0.0,0.0
2008,6,28,12.0,17.0,22.0,83.8,0.0,0.0
2008,6,29,16.0,21.0,26.0,23.6,0.0,0.0
2008,6,30,15.0,19.8,24.5,0.0,0.0,0.0
2008,7,1,16.0,19.5,23.0,0.0,0.0,0.0
2008,7,2,15.5,20.8,26.0,0.0,0.0,0.0
2008,7,3,16.5,18.3,20.0,13.0,0.0,0.0
2008,7,4,11.0,17.3,23.5,0.0,0.0,0.0
2008,7,5,13.0,19.3,25.5,0.0,0.0,0.0
2008,7,6,15.0,22.0,29.0,0.0,0.0,0.0
2008,7,7,15.0,22.0,29.0,0.0,0.0,0.0
2008,7,8,19.0,24.5,30.0,1.6,0.0,0.0
2008,7,9,21.0,23.0,25.0,5.6,0.0,0.0
2008,7,10,17.0,19.8,22.5,2.0,0.0,0.0
2008,7,11,11.0,16.8,22.5,0.0,0.0,0.0
2008,7,12,11.5,19.0,26.5,0.0,0.0,0.0
2008,7,13,18.5,20.8,23.0,14.2,0.0,0.0
2008,7,14,18.0,20.9,23.7,0.0,0.0,0.0
2008,7,15,16.0,19.5,23.0,0.0,0.0,0.0
2008,7,16,14.0,20.0,26.0,2.6,0.0,0.0
2008,7,17,13.0,19.3,25.5,2.4,0.0,0.0
2008,7,18,15.0,17.8,20.5,8.0,0.0,0.0
2008,7,19,17.0,20.8,24.5,11.4,0.0,0.0
2008,7,20,12.5,18.3,24.0,0.0,0.0,0.0
2008,7,21,13.5,18.8,24.0,0.0,0.0,0.0
2008,7,22,15.0,19.0,23.0,-999.0,-999.0,0.0
2008,7,23,16.1,20.8,25.5,3.0,0.0,0.0
2008,7,24,18.0,21.8,25.5,11.2,0.0,0.0
2008,7,25,16.5,21.0,25.5,0.0,0.0,0.0
2008,7,26,17.5,22.5,27.5,8.0,0.0,0.0
2008,7,27,20.0,22.5,25.0,0.0,0.0,0.0
2008,7,28,13.5,19.3,25.0,5.8,0.0,0.0
2008,7,29,17.0,20.8,24.5,0.0,0.0,0.0
2008,7,30,13.0,18.0,23.0,11.4,0.0,0.0
2008,7,31,17.0,20.0,23.0,22.6,0.0,0.0
2008,8,1,15.5,20.0,24.5,9.4,0.0,0.0
2008,8,2,15.0,20.0,25.0,7.2,0.0,0.0
2008,8,3,16.0,18.5,21.0,3.6,0.0,0.0
2008,8,4,14.5,16.5,18.5,0.0,0.0,0.0
2008,8,5,13.0,17.3,21.5,0.0,0.0,0.0
2008,8,6,13.0,15.5,18.0,15.6,0.0,0.0
2008,8,7,14.0,16.0,18.0,12.2,0.0,0.0
2008,8,8,15.0,16.5,18.0,8.6,0.0,0.0
2008,8,9,14.0,17.8,21.5,1.3,0.0,0.0
2008,8,10,13.0,18.8,24.5,0.0,0.0,0.0
2008,8,11,14.0,19.3,24.5,9.2,0.0,0.0
2008,8,12,13.0,19.3,25.5,0.0,0.0,0.0
2008,8,13,10.5,16.3,22.0,0.0,0.0,0.0
2008,8,14,11.0,17.8,24.5,0.0,0.0,0.0
2008,8,15,7.0,16.3,25.5,0.0,0.0,0.0
2008,8,16,12.0,18.3,24.5,2.6,0.0,0.0
2008,8,17,16.5,18.8,21.0,0.0,0.0,0.0
2008,8,18,10.0,18.3,26.5,16.2,0.0,0.0
2008,8,19,10.0,13.0,16.0,0.0,0.0,0.0
2008,8,20,7.0,13.8,20.5,0.0,0.0,0.0
2008,8,21,11.0,17.8,24.5,0.0,0.0,0.0
2008,8,22,15.0,21.0,27.0,0.0,0.0,0.0
2008,8,23,14.0,21.5,29.0,0.0,0.0,0.0
2008,8,24,18.5,23.3,28.0,13.6,0.0,0.0
2008,8,25,16.0,17.0,18.0,0.0,0.0,0.0
2008,8,26,9.0,14.0,19.0,0.0,0.0,0.0
2008,8,27,7.0,16.5,26.0,0.0,0.0,0.0
2008,8,28,11.0,19.0,27.0,0.0,0.0,0.0
2008,8,29,11.5,18.3,25.0,2.0,0.0,0.0
2008,8,30,16.0,20.5,25.0,1.8,0.0,0.0
2008,8,31,11.0,17.0,23.0,0.0,0.0,0.0
2008,9,1,9.0,17.3,25.5,0.0,0.0,0.0
2008,9,2,12.0,20.3,28.5,0.0,0.0,0.0
2008,9,3,13.0,20.5,28.0,0.0,0.0,0.0
2008,9,4,17.0,20.8,24.5,0.0,0.0,0.0
2008,9,5,11.0,20.5,30.0,0.0,0.0,0.0
2008,9,6,19.0,21.5,24.0,2.4,0.0,0.0
2008,9,7,14.0,15.2,16.3,1.4,0.0,0.0
2008,9,8,11.0,16.0,21.0,2.2,0.0,0.0
2008,9,9,12.0,13.8,15.5,9.6,0.0,0.0
2008,9,10,5.0,10.0,15.0,0.0,0.0,0.0
2008,9,11,1.0,10.0,19.0,0.0,0.0,0.0
2008,9,12,6.5,11.0,15.5,14.0,0.0,0.0
2008,9,13,13.0,16.8,20.5,0.0,0.0,0.0
2008,9,14,11.0,18.0,25.0,25.0,0.0,0.0
2008,9,15,14.0,15.5,17.0,0.0,0.0,0.0
2008,9,16,4.0,10.5,17.0,0.0,0.0,0.0
2008,9,17,7.0,12.0,17.0,4.0,0.0,0.0
2008,9,18,2.0,7.0,12.0,0.0,0.0,0.0
2008,9,19,-2.0,6.8,15.5,0.0,0.0,0.0
2008,9,20,6.5,13.6,20.6,0.0,0.0,0.0
2008,9,21,8.0,12.8,17.5,0.0,0.0,0.0
2008,9,22,-1.5,6.3,14.0,0.0,0.0,0.0
2008,9,23,-1.5,7.8,17.0,1.2,0.0,0.0
2008,9,24,10.0,16.0,22.0,0.0,0.0,0.0
2008,9,25,8.5,17.3,26.0,0.0,0.0,0.0
2008,9,26,9.0,15.5,22.0,17.6,0.0,0.0
2008,9,27,13.0,15.5,18.0,0.0,0.0,0.0
2008,9,28,14.5,16.1,17.6,4.4,0.0,0.0
2008,9,29,11.0,15.0,19.0,0.0,0.0,0.0
2008,9,30,11.0,14.5,18.0,5.4,0.0,0.0
2008,10,1,9.0,12.0,15.0,19.6,0.0,0.0
2008,10,2,7.0,9.5,12.0,12.6,0.0,0.0
2008,10,3,4.0,7.0,10.0,3.2,0.0,0.0
2008,10,4,5.0,7.5,10.0,0.0,0.0,0.0
2008,10,5,4.0,7.0,10.0,0.0,0.0,0.0
2008,10,6,-0.5,4.8,10.0,0.0,0.0,0.0
2008,10,7,-0.5,6.5,13.5,0.0,0.0,0.0
2008,10,8,2.0,8.8,15.5,4.8,0.0,0.0
2008,10,9,7.0,12.3,17.5,7.2,0.0,0.0
2008,10,10,8.0,11.0,14.0,0.0,0.0,0.0
2008,10,11,3.0,9.3,15.5,0.0,0.0,0.0
2008,10,12,-0.5,7.0,14.5,10.2,0.0,0.0
2008,10,13,9.5,12.3,15.0,0.0,0.0,0.0
2008,10,14,11.0,16.3,21.5,3.2,0.0,0.0
2008,10,15,3.5,8.0,12.5,2.4,0.0,0.0
2008,10,16,7.0,9.0,11.0,2.0,0.0,0.0
2008,10,17,0.0,5.0,10.0,0.0,0.0,0.0
2008,10,18,-3.5,2.0,7.5,0.0,0.0,0.0
2008,10,19,-6.5,2.3,11.0,0.0,0.0,0.0
2008,10,20,-4.0,2.5,9.0,2.2,0.0,0.0
2008,10,21,1.1,3.3,5.5,12.6,1.4,0.0
2008,10,22,-1.5,-0.3,1.0,0.0,0.0,0.0
2008,10,23,-7.0,0.3,7.5,0.0,0.0,0.0
2008,10,24,-2.5,4.8,12.0,0.0,0.0,0.0
2008,10,25,-1.0,7.0,15.0,22.4,0.0,0.0
2008,10,26,6.2,9.7,13.2,0.0,0.0,0.0
2008,10,27,5.0,10.0,15.0,1.4,0.0,0.0
2008,10,28,5.0,7.5,10.0,5.4,0.0,0.0
2008,10,29,-0.5,0.3,1.0,9.0,0.0,0.0
2008,10,30,-1.0,1.3,3.5,0.0,0.0,0.0
2008,10,31,-2.5,6.3,15.0,0.0,0.0,0.0
2008,11,1,-3.0,1.0,5.0,0.0,0.0,0.0
2008,11,2,-6.0,-1.5,3.0,0.0,0.0,0.0
2008,11,3,-4.0,2.3,8.5,0.0,0.0,0.0
2008,11,4,5.0,9.8,14.5,0.0,0.0,0.0
2008,11,5,7.0,12.3,17.5,0.0,0.0,0.0
2008,11,6,5.0,12.8,20.5,0.0,0.0,0.0
2008,11,7,4.0,6.5,9.0,7.0,0.0,0.0
2008,11,8,3.0,6.0,9.0,8.2,0.0,0.0
2008,11,9,5.0,7.0,9.0,2.4,0.0,0.0
2008,11,10,1.0,3.0,5.0,0.0,0.0,0.0
2008,11,11,-0.5,1.5,3.5,0.0,0.0,0.0
2008,11,12,-2.0,0.5,3.0,0.0,0.0,0.0
2008,11,13,-5.0,2.0,9.0,1.4,0.0,0.0
2008,11,14,3.5,8.8,14.0,0.0,0.0,0.0
2008,11,15,9.0,12.0,15.0,-999.0,-999.0,0.0
2008,11,17,-999.0,-999.0,-999.0,0.0,0.0,0.0
2008,11,18,-6.0,-5.0,-4.0,0.0,0.0,0.0
2008,11,19,-9.5,-7.0,-4.5,0.0,0.0,0.0
2008,11,20,-7.0,-6.5,-6.0,0.0,0.0,0.0
2008,11,21,-9.0,-6.3,-3.5,0.0,0.0,0.0
2008,11,22,-8.0,-6.0,-4.0,0.0,0.0,0.0
2008,11,23,-10.5,-7.8,-5.0,0.0,0.0,0.0
2008,11,24,-12.5,-5.8,1.0,0.0,0.0,0.0
2008,11,25,-4.0,1.0,6.0,1.6,0.0,0.0
2008,11,26,1.0,3.5,6.0,0.0,0.0,0.0
2008,11,27,-1.0,1.0,3.0,1.2,0.0,0.0
2008,11,28,-1.5,-0.3,1.0,3.0,3.0,0.0
2008,11,29,-3.0,-1.5,0.0,1.0,1.0,0.0
2008,11,30,-4.0,0.0,4.0,-999.0,-999.0,0.0
2008,12,1,-1.5,1.3,4.0,2.4,0.0,0.0
2008,12,2,-0.5,1.3,3.0,0.0,0.0,0.0
2008,12,3,-3.5,-0.3,3.0,1.2,0.0,0.0
2008,12,4,-2.0,0.5,3.0,2.0,0.0,0.0
2008,12,5,-10.5,-7.3,-4.0,0.0,0.0,0.0
2008,12,6,-10.0,-6.3,-2.5,0.0,0.0,0.0
2008,12,7,-11.0,-6.8,-2.5,0.0,0.0,0.0
2008,12,8,-21.0,-16.0,-11.0,1.2,1.2,0.0
2008,12,9,-18.0,-10.5,-3.0,18.6,18.6,0.0
2008,12,10,-12.1,-8.3,-4.5,1.6,1.6,26.0
2008,12,11,-24.0,-16.0,-8.0,3.6,3.6,26.0
2008,12,12,-12.0,-8.5,-5.0,4.2,4.2,30.0
2008,12,13,-21.0,-14.5,-8.0,0.0,0.0,30.0
2008,12,14,-25.0,-9.5,6.0,1.6,1.6,30.0
2008,12,15,-1.0,4.3,9.5,12.4,0.0,26.0
2008,12,16,-11.0,-8.5,-6.0,3.2,3.2,20.0
2008,12,17,-12.0,-9.5,-7.0,4.8,4.8,20.0
2008,12,18,-10.0,-7.8,-5.5,0.0,0.0,20.0
2008,12,19,-22.5,-19.8,-17.0,0.0,0.0,20.0
2008,12,20,-20.5,-17.8,-15.0,0.0,0.0,20.0
2008,12,21,-25.0,-19.0,-13.0,11.0,11.0,20.0
2008,12,22,-16.0,-14.5,-13.0,0.0,0.0,30.0
2008,12,23,-23.0,-13.3,-3.5,0.0,0.0,20.0
2008,12,24,-12.0,-3.0,6.0,7.4,0.0,22.0
2008,12,25,-14.0,-8.0,-2.0,0.0,0.0,10.0
2008,12,26,-22.0,-13.0,-4.0,0.0,0.0,10.0
2008,12,27,-9.0,-4.0,1.0,7.2,0.0,10.0
2008,12,28,-3.0,4.8,12.5,5.0,0.0,10.0
2008,12,29,-6.0,-4.0,-2.0,4.6,4.6,10.0
2008,12,30,-12.0,-7.8,-3.5,3.4,3.4,16.0
2008,12,31,-22.0,-20.0,-18.0,0.0,0.0,10.0
2009,1,1,-23.0,-20.0,-17.0,0.0,0.0,10.0
2009,1,2,-21.0,-15.8,-10.5,0.0,0.0,10.0
2009,1,3,-16.0,-13.5,-11.0,0.0,0.0,10.0
2009,1,4,-15.0,-13.0,-11.0,3.6,3.6,10.0
2009,1,5,-14.0,-9.0,-4.0,0.0,0.0,16.0
2009,1,6,-16.0,-11.5,-7.0,0.0,0.0,16.0
2009,1,7,-20.0,-14.5,-9.0,12.6,12.6,16.0
2009,1,8,-12.0,-10.0,-8.0,2.6,2.6,20.0
2009,1,9,-17.0,-15.0,-13.0,0.0,0.0,20.0
2009,1,10,-22.0,-18.3,-14.5,0.0,0.0,20.0
2009,1,11,-26.0,-18.0,-10.0,0.0,0.0,20.0
2009,1,12,-20.0,-13.0,-6.0,0.0,0.0,20.0
2009,1,13,-9.0,-5.3,-1.5,0.0,0.0,20.0
2009,1,14,-24.0,-22.5,-21.0,0.0,0.0,14.0
2009,1,15,-30.5,-26.0,-21.5,0.0,0.0,14.0
2009,1,16,-32.0,-27.0,-22.0,0.0,0.0,14.0
2009,1,17,-32.0,-23.5,-15.0,1.4,1.4,14.0
2009,1,18,-21.5,-17.5,-13.5,1.2,1.2,16.0
2009,1,19,-15.5,-12.8,-10.0,7.2,7.2,14.0
2009,1,20,-15.0,-13.0,-11.0,0.0,0.0,20.0
2009,1,21,-20.0,-13.0,-6.0,4.6,4.6,20.0
2009,1,22,-12.0,-7.5,-3.0,3.2,3.2,20.0
2009,1,23,-26.5,-14.8,-3.0,8.0,8.0,16.0
2009,1,24,-22.0,-19.0,-16.0,0.0,0.0,24.0
2009,1,25,-30.0,-23.5,-17.0,0.0,0.0,20.0
2009,1,26,-37.0,-27.0,-17.0,0.0,0.0,16.0
2009,1,27,-25.5,-19.3,-13.0,0.0,0.0,16.0
2009,1,28,-22.0,-15.5,-9.0,9.2,9.2,16.0
2009,1,29,-12.0,-9.3,-6.5,0.0,0.0,20.0
2009,1,30,-11.0,-7.5,-4.0,-999.0,-999.0,20.0
2009,1,31,-17.0,-12.8,-8.5,2.4,2.4,22.0
2009,2,1,-24.0,-12.5,-1.0,0.0,0.0,22.0
2009,2,2,-10.0,-5.3,-0.5,0.0,0.0,20.0
2009,2,3,-22.0,-15.0,-8.0,0.0,0.0,20.0
2009,2,4,-19.0,-16.5,-14.0,0.0,0.0,20.0
2009,2,5,-23.5,-19.3,-15.0,0.0,0.0,20.0
2009,2,6,-20.5,-14.3,-8.0,0.0,0.0,20.0
2009,2,7,-16.0,-5.5,5.0,4.0,4.0,20.0
2009,2,8,-10.0,-6.3,-2.5,0.0,0.0,16.0
2009,2,9,-21.0,-15.8,-10.5,0.0,0.0,16.0
2009,2,10,-19.5,-7.8,4.0,0.0,0.0,16.0
2009,2,11,-6.5,0.5,7.5,11.2,0.0,16.0
2009,2,12,-2.0,-1.0,0.0,6.0,3.0,-999.0
2009,2,13,-16.5,-12.8,-9.0,0.0,0.0,0.0
2009,2,14,-12.5,-8.8,-5.0,0.0,0.0,0.0
2009,2,15,-10.0,-8.0,-6.0,0.0,0.0,0.0
2009,2,16,-11.0,-7.3,-3.5,0.0,0.0,0.0
2009,2,17,-8.5,-5.3,-2.0,0.0,0.0,0.0
2009,2,18,-13.0,-5.8,1.5,0.0,0.0,0.0
2009,2,19,-3.0,-1.5,0.0,14.6,14.6,0.0
2009,2,20,-12.0,-10.0,-8.0,2.6,2.6,20.0
2009,2,21,-11.0,-8.5,-6.0,0.0,0.0,16.0
2009,2,22,-11.5,-6.8,-2.0,12.4,12.4,14.0
2009,2,23,-7.0,-5.5,-4.0,2.4,2.4,24.0
2009,2,24,-12.0,-9.5,-7.0,0.0,0.0,18.0
2009,2,25,-14.0,-7.0,0.0,0.0,0.0,18.0
2009,2,26,-12.0,-3.0,6.0,0.0,0.0,18.0
2009,2,27,0.0,5.0,10.0,12.8,0.0,16.0
2009,2,28,-19.0,-15.8,-12.5,0.0,0.0,0.0
2009,3,1,-20.0,-13.0,-6.0,0.0,0.0,0.0
2009,3,2,-12.5,-10.8,-9.0,13.6,13.6,0.0
2009,3,3,-18.5,-14.0,-9.5,0.0,0.0,16.0
2009,3,4,-21.0,-14.8,-8.5,0.0,0.0,16.0
2009,3,5,-19.0,-10.0,-1.0,12.6,12.6,16.0
2009,3,6,-6.0,-0.5,5.0,-999.0,-999.0,20.0
2009,3,7,1.0,3.3,5.5,0.0,0.0,0.0
2009,3,8,0.0,2.0,4.0,0.0,0.0,0.0
2009,3,9,-8.5,-5.0,-1.5,0.0,0.0,0.0
2009,3,10,-13.0,-5.0,3.0,3.0,0.0,0.0
2009,3,11,-0.5,3.8,8.0,1.8,0.0,0.0
2009,3,12,-18.0,-13.5,-9.0,0.0,0.0,0.0
2009,3,13,-16.0,-10.5,-5.0,0.0,0.0,0.0
2009,3,14,-9.0,-3.8,1.5,0.0,0.0,0.0
2009,3,15,-2.0,1.5,5.0,0.0,0.0,0.0
2009,3,16,-10.0,-4.5,1.0,0.0,0.0,0.0
2009,3,17,-8.0,0.8,9.5,0.0,0.0,0.0
2009,3,18,-6.0,1.8,9.5,0.0,0.0,0.0
2009,3,19,-1.5,0.0,1.5,0.0,0.0,0.0
2009,3,20,-12.0,-7.0,-2.0,0.0,0.0,0.0
2009,3,21,-8.5,-2.8,3.0,1.0,1.0,0.0
2009,3,22,-4.5,-3.0,-1.5,0.0,0.0,0.0
2009,3,23,-15.5,-9.0,-2.5,0.0,0.0,0.0
2009,3,24,-14.0,-6.0,2.0,0.0,0.0,0.0
2009,3,25,-9.0,-1.0,7.0,0.0,0.0,0.0
2009,3,26,-5.0,0.0,5.0,8.4,0.0,0.0
2009,3,27,0.5,3.3,6.0,1.0,0.0,0.0
2009,3,28,-0.5,6.8,14.0,0.0,0.0,0.0
2009,3,29,1.0,3.5,6.0,12.4,0.0,0.0
2009,3,30,0.0,1.0,2.0,2.0,0.0,0.0
2009,3,31,-1.0,1.5,4.0,0.0,0.0,0.0
2009,4,1,-2.0,4.5,11.0,1.8,0.0,0.0
2009,4,2,5.0,9.0,13.0,0.0,0.0,0.0
2009,4,3,0.5,9.5,18.5,7.4,0.0,0.0
2009,4,4,3.0,4.0,5.0,4.4,0.0,0.0
2009,4,5,2.5,4.3,6.0,2.2,0.0,0.0
2009,4,6,2.0,4.5,7.0,24.4,0.0,0.0
2009,4,7,1.0,2.5,4.0,9.0,3.0,0.0
2009,4,8,-2.0,0.3,2.5,0.0,0.0,0.0
2009,4,9,-0.5,2.5,5.5,0.0,0.0,0.0
2009,4,10,-1.5,2.0,5.5,0.0,0.0,0.0
2009,4,11,-6.0,-0.3,5.5,0.0,0.0,0.0
2009,4,12,-5.0,-1.0,3.0,0.0,0.0,0.0
2009,4,13,-3.0,3.0,9.0,0.0,0.0,0.0
2009,4,14,-4.0,3.5,11.0,0.0,0.0,0.0
2009,4,15,-5.5,3.3,12.0,0.0,0.0,0.0
2009,4,16,-5.0,3.8,12.5,0.0,0.0,0.0
2009,4,17,0.0,9.0,18.0,0.0,0.0,0.0
2009,4,18,1.0,6.5,12.0,0.0,0.0,0.0
2009,4,19,-6.5,2.3,11.0,0.0,0.0,0.0
2009,4,20,-5.0,5.5,16.0,3.2,0.0,0.0
2009,4,21,3.0,6.3,9.5,8.8,0.0,0.0
2009,4,22,3.5,8.3,13.0,14.1,0.0,0.0
2009,4,23,4.5,6.5,8.5,5.0,0.0,0.0
2009,4,24,-1.5,8.8,19.0,0.0,0.0,0.0
2009,4,25,8.5,17.3,26.0,0.0,0.0,0.0
2009,4,26,7.0,10.5,14.0,0.0,0.0,0.0
2009,4,27,0.5,14.5,28.5,0.0,0.0,0.0
2009,4,28,9.0,15.5,22.0,7.2,0.0,0.0
2009,4,29,-1.5,5.5,12.5,0.0,0.0,0.0
2009,4,30,-3.0,8.5,20.0,10.6,0.0,0.0
2009,5,1,8.0,14.0,20.0,6.0,0.0,0.0
2009,5,2,3.0,7.5,12.0,0.0,0.0,0.0
2009,5,3,5.0,10.5,16.0,0.0,0.0,0.0
2009,5,4,2.5,10.3,18.0,0.0,0.0,0.0
2009,5,5,0.0,9.5,19.0,0.0,0.0,0.0
2009,5,6,8.0,11.5,15.0,1.0,0.0,0.0
2009,5,7,6.5,8.3,10.0,9.6,0.0,0.0
2009,5,8,8.0,12.5,17.0,1.2,0.0,0.0
2009,5,9,6.0,12.8,19.5,16.8,0.0,0.0
2009,5,10,5.0,5.3,5.5,7.8,0.0,0.0
2009,5,11,2.0,8.0,14.0,0.0,0.0,0.0
2009,5,12,2.0,9.5,17.0,0.0,0.0,0.0
2009,5,13,-0.5,9.5,19.5,0.0,0.0,0.0
2009,5,14,8.0,13.8,19.5,7.4,0.0,0.0
2009,5,15,9.0,13.0,17.0,0.0,0.0,0.0
2009,5,16,2.0,9.9,17.8,11.4,0.0,0.0
2009,5,17,7.0,8.8,10.5,0.0,0.0,0.0
2009,5,18,1.5,6.8,12.0,0.0,0.0,0.0
2009,5,19,4.5,10.8,17.0,1.6,0.0,0.0
2009,5,20,0.5,10.5,20.5,1.0,0.0,0.0
2009,5,21,3.0,16.0,29.0,1.6,0.0,0.0
2009,5,22,11.5,15.3,19.0,0.0,0.0,0.0
2009,5,23,0.5,10.0,19.5,0.0,0.0,0.0
2009,5,24,10.0,16.5,23.0,0.0,0.0,0.0
2009,5,25,2.0,6.5,11.0,0.0,0.0,0.0
2009,5,26,-4.0,5.8,15.5,0.0,0.0,0.0
2009,5,27,5.0,10.0,15.0,7.2,0.0,0.0
2009,5,28,6.0,12.3,18.5,29.4,0.0,0.0
2009,5,29,10.0,13.8,17.5,9.2,0.0,0.0
2009,5,30,10.0,12.5,15.0,6.0,0.0,0.0
2009,5,31,7.5,11.3,15.0,5.4,0.0,0.0
2009,6,1,2.0,8.5,15.0,2.6,0.0,0.0
2009,6,2,7.0,11.8,16.5,0.0,0.0,0.0
2009,6,3,7.0,11.8,16.5,0.0,0.0,0.0
2009,6,4,5.0,11.5,18.0,0.0,0.0,0.0
2009,6,5,5.0,13.8,22.5,0.0,0.0,0.0
2009,6,6,10.5,16.8,23.0,0.0,0.0,0.0
2009,6,7,4.0,10.8,17.5,0.0,0.0,0.0
2009,6,8,4.0,10.8,17.5,0.0,0.0,0.0
2009,6,9,4.5,10.3,16.0,14.2,0.0,0.0
2009,6,10,10.0,13.3,16.5,4.2,0.0,0.0
2009,6,11,12.0,16.5,21.0,14.6,0.0,0.0
2009,6,12,12.5,16.3,20.0,0.0,0.0,0.0
2009,6,13,8.0,15.5,23.0,0.0,0.0,0.0
2009,6,14,9.0,16.8,24.5,1.2,0.0,0.0
2009,6,15,9.0,15.5,22.0,0.0,0.0,0.0
2009,6,16,8.0,16.0,24.0,0.0,0.0,0.0
2009,6,17,11.0,18.0,25.0,0.0,0.0,0.0
2009,6,18,10.5,16.3,22.0,20.6,0.0,0.0
2009,6,19,13.5,16.5,19.5,0.8,0.0,0.0
2009,6,20,15.0,17.5,20.0,2.0,0.0,0.0
2009,6,21,15.0,18.5,22.0,0.0,0.0,0.0
2009,6,22,13.5,17.0,20.5,0.0,0.0,0.0
2009,6,23,9.5,17.5,25.5,0.0,0.0,0.0
2009,6,24,15.0,21.0,27.0,0.0,0.0,0.0
2009,6,25,16.0,22.5,29.0,34.0,0.0,0.0
2009,6,26,15.0,20.0,25.0,46.6,0.0,0.0
2009,6,27,15.0,18.8,22.5,19.0,0.0,0.0
2009,6,28,15.0,19.3,23.5,21.6,0.0,0.0
2009,6,29,14.5,18.0,21.5,7.6,0.0,0.0
2009,6,30,16.0,20.3,24.5,1.4,0.0,0.0
2009,7,1,13.5,18.8,24.0,3.2,0.0,0.0
2009,7,2,16.5,19.3,22.0,16.0,0.0,0.0
2009,7,3,15.0,18.5,22.0,6.6,0.0,0.0
2009,7,4,15.0,17.0,19.0,26.6,0.0,0.0
2009,7,5,11.5,15.3,19.0,0.0,0.0,0.0
2009,7,6,9.0,16.0,23.0,1.6,0.0,0.0
2009,7,7,11.0,15.5,20.0,3.4,0.0,0.0
2009,7,8,12.5,15.8,19.0,0.0,0.0,0.0
2009,7,9,8.0,16.5,25.0,0.0,0.0,0.0
2009,7,10,9.5,17.5,25.5,0.0,0.0,0.0
2009,7,11,15.5,20.5,25.5,36.0,0.0,0.0
2009,7,12,15.0,18.3,21.5,2.6,0.0,0.0
2009,7,13,11.0,15.0,19.0,2.6,0.0,0.0
2009,7,14,9.0,13.8,18.5,7.6,0.0,0.0
2009,7,15,8.5,13.3,18.0,0.0,0.0,0.0
2009,7,16,13.0,16.5,20.0,4.2,0.0,0.0
2009,7,17,15.0,20.5,26.0,14.4,0.0,0.0
2009,7,18,16.5,20.3,24.0,1.0,0.0,0.0
2009,7,19,14.5,18.3,22.0,0.0,0.0,0.0
2009,7,20,15.0,19.8,24.5,0.0,0.0,0.0
2009,7,21,12.0,19.5,27.0,2.8,0.0,0.0
2009,7,22,16.0,17.8,19.5,0.0,0.0,0.0
2009,7,23,13.0,18.5,24.0,0.0,0.0,0.0
2009,7,24,15.5,17.8,20.0,0.0,0.0,0.0
2009,7,25,14.0,17.0,20.0,6.8,0.0,0.0
2009,7,26,12.0,14.5,17.0,19.8,0.0,0.0
2009,7,27,14.0,19.5,25.0,0.0,0.0,0.0
2009,7,28,17.0,21.5,26.0,6.2,0.0,0.0
2009,7,29,18.5,23.3,28.0,2.2,0.0,0.0
2009,7,30,18.5,22.5,26.5,0.0,0.0,0.0
2009,7,31,17.0,19.3,21.5,0.0,0.0,0.0
2009,8,1,15.5,20.8,26.0,0.0,0.0,0.0
2009,8,2,17.5,22.3,27.0,10.2,0.0,0.0
2009,8,3,17.0,20.5,24.0,0.0,0.0,0.0
2009,8,4,15.5,21.3,27.0,1.4,0.0,0.0
2009,8,5,18.5,21.3,24.0,0.0,0.0,0.0
2009,8,6,12.0,16.5,21.0,34.4,0.0,0.0
2009,8,7,12.0,15.0,18.0,3.2,0.0,0.0
2009,8,8,6.0,14.0,22.0,0.0,0.0,0.0
2009,8,9,12.5,18.3,24.0,0.0,0.0,0.0
2009,8,10,18.0,21.0,24.0,26.0,0.0,0.0
2009,8,11,17.0,21.5,26.0,0.0,0.0,0.0
2009,8,12,13.0,20.0,27.0,0.0,0.0,0.0
2009,8,13,14.5,21.3,28.0,0.0,0.0,0.0
2009,8,14,18.0,23.5,29.0,0.0,0.0,0.0
2009,8,15,19.0,24.0,29.0,0.0,0.0,0.0
2009,8,16,18.0,23.5,29.0,2.8,0.0,0.0
2009,8,17,21.0,25.5,30.0,6.4,0.0,0.0
2009,8,18,21.5,25.8,30.0,-999.0,-999.0,0.0
2009,8,19,-999.0,-999.0,-999.0,0.0,0.0,0.0
2009,8,20,12.0,18.3,24.5,10.6,0.0,0.0
2009,8,21,17.5,22.3,27.0,18.0,0.0,0.0
2009,8,22,21.0,24.3,27.5,0.0,0.0,0.0
2009,8,23,19.0,21.0,23.0,0.0,0.0,0.0
2009,8,24,15.0,19.8,24.5,0.0,0.0,0.0
2009,8,25,8.5,16.0,23.5,0.0,0.0,0.0
2009,8,26,16.5,19.8,23.0,0.0,0.0,0.0
2009,8,27,4.5,10.5,16.5,0.0,0.0,0.0
2009,8,28,3.5,10.5,17.5,2.4,0.0,0.0
2009,8,29,8.5,12.0,15.5,13.2,0.0,0.0
2009,8,30,10.5,16.0,21.5,3.4,0.0,0.0
2009,8,31,7.5,13.0,18.5,0.0,0.0,0.0
2009,9,1,6.0,13.5,21.0,0.0,0.0,0.0
2009,9,2,13.5,18.5,23.5,0.0,0.0,0.0
2009,9,3,14.5,19.3,24.0,0.0,0.0,0.0
2009,9,4,13.5,18.8,24.0,0.0,0.0,0.0
2009,9,5,4.5,11.3,18.0,0.0,0.0,0.0
2009,9,6,1.0,10.5,20.0,0.0,0.0,0.0
2009,9,7,4.0,13.0,22.0,0.0,0.0,0.0
2009,9,8,15.0,18.5,22.0,0.0,0.0,0.0
2009,9,9,4.0,12.0,20.0,0.0,0.0,0.0
2009,9,10,3.5,13.3,23.0,0.0,0.0,0.0
2009,9,11,6.0,14.0,22.0,0.0,0.0,0.0
2009,9,12,4.0,14.3,24.5,5.2,0.0,0.0
2009,9,13,10.0,14.0,18.0,0.0,0.0,0.0
2009,9,14,8.0,12.0,16.0,0.0,0.0,0.0
2009,9,15,9.0,12.5,16.0,0.0,0.0,0.0
2009,9,16,5.0,10.0,15.0,0.0,0.0,0.0
2009,9,17,1.5,10.0,18.5,4.2,0.0,0.0
2009,9,18,9.5,12.5,15.5,0.0,0.0,0.0
2009,9,19,6.0,10.0,14.0,0.0,0.0,0.0
2009,9,20,6.0,12.5,19.0,0.0,0.0,0.0
2009,9,21,9.0,17.0,25.0,4.0,0.0,0.0
2009,9,22,8.5,14.0,19.5,10.0,0.0,0.0
2009,9,23,18.0,19.5,21.0,14.0,0.0,0.0
2009,9,24,7.0,12.0,17.0,1.2,0.0,0.0
2009,9,25,7.0,10.8,14.5,0.0,0.0,0.0
2009,9,26,-1.0,7.8,16.5,1.0,0.0,0.0
2009,9,27,9.5,11.8,14.0,34.6,0.0,0.0
2009,9,28,12.5,15.0,17.5,8.2,0.0,0.0
2009,9,29,8.5,12.5,16.5,9.8,0.0,0.0
2009,9,30,7.0,8.0,9.0,0.4,0.0,0.0
2009,10,1,4.5,5.8,7.0,0.0,0.0,0.0
2009,10,2,5.0,7.5,10.0,2.8,0.0,0.0
2009,10,3,5.0,9.0,13.0,5.8,0.0,0.0
2009,10,4,9.5,12.0,14.5,4.2,0.0,0.0
2009,10,5,10.0,12.0,14.0,3.0,0.0,0.0
2009,10,6,8.0,10.5,13.0,4.2,0.0,0.0
2009,10,7,7.0,10.5,14.0,10.4,0.0,0.0
2009,10,8,6.0,8.5,11.0,2.2,0.0,0.0
2009,10,9,7.0,9.0,11.0,15.2,0.0,0.0
2009,10,10,6.0,8.0,10.0,1.4,0.0,0.0
2009,10,11,0.0,4.5,9.0,0.0,0.0,0.0
2009,10,12,0.0,4.5,9.0,3.2,0.0,0.0
2009,10,13,0.5,2.3,4.0,3.0,0.0,0.0
2009,10,14,-3.0,0.5,4.0,0.0,0.0,0.0
2009,10,15,-2.0,1.0,4.0,0.0,0.0,0.0
2009,10,16,-6.5,-0.3,6.0,0.0,0.0,0.0
2009,10,17,-5.0,1.0,7.0,0.0,0.0,0.0
2009,10,18,-5.0,1.0,7.0,0.0,0.0,0.0
2009,10,19,-7.5,0.8,9.0,0.0,0.0,0.0
2009,10,20,0.0,5.0,10.0,0.0,0.0,0.0
2009,10,21,-0.5,3.3,7.0,2.4,0.0,0.0
2009,10,22,0.0,0.5,1.0,15.0,3.0,0.0
2009,10,23,-7.0,-2.0,3.0,19.2,0.0,0.0
2009,10,24,0.0,5.0,10.0,8.6,0.0,0.0
2009,10,25,5.0,6.5,8.0,0.0,0.0,0.0
2009,10,26,-2.0,2.0,6.0,0.0,0.0,0.0
2009,10,27,0.0,4.0,8.0,0.0,0.0,0.0
2009,10,28,0.5,3.3,6.0,0.0,0.0,0.0
2009,10,29,1.0,5.3,9.5,0.0,0.0,0.0
2009,10,30,-1.5,5.8,13.0,1.0,0.0,0.0
2009,10,31,7.0,11.8,16.5,12.2,0.0,0.0
2009,11,1,5.0,7.5,10.0,0.0,0.0,0.0
2009,11,2,-3.0,2.5,8.0,0.0,0.0,0.0
2009,11,3,1.0,3.5,6.0,5.2,0.0,0.0
2009,11,4,-2.5,-0.3,2.0,0.0,0.0,0.0
2009,11,5,-5.0,-1.8,1.5,0.0,0.0,0.0
2009,11,6,-1.0,1.5,4.0,0.0,0.0,0.0
2009,11,7,-2.0,3.8,9.5,0.0,0.0,0.0
2009,11,8,0.0,6.8,13.5,0.0,0.0,0.0
2009,11,9,3.5,10.3,17.0,0.0,0.0,0.0
2009,11,10,1.5,6.3,11.0,0.0,0.0,0.0
2009,11,11,-3.0,3.0,9.0,0.0,0.0,0.0
2009,11,12,-7.0,1.5,10.0,0.0,0.0,0.0
2009,11,13,-6.5,2.8,12.0,0.0,0.0,0.0
2009,11,14,-4.0,4.5,13.0,21.0,0.0,0.0
2009,11,15,6.5,9.0,11.5,0.0,0.0,0.0
2009,11,16,1.5,3.8,6.0,0.0,0.0,0.0
2009,11,17,-2.5,1.3,5.0,0.0,0.0,0.0
2009,11,18,-5.0,1.0,7.0,0.0,0.0,0.0
2009,11,19,-6.0,3.0,12.0,10.4,0.0,0.0
2009,11,20,1.0,6.0,11.0,6.6,0.0,0.0
2009,11,21,1.0,3.5,6.0,0.0,0.0,0.0
2009,11,22,-3.0,1.3,5.5,0.0,0.0,0.0
2009,11,23,-4.0,2.0,8.0,0.0,0.0,0.0
2009,11,24,-3.0,1.5,6.0,0.0,0.0,0.0
2009,11,25,0.0,4.0,8.0,5.6,0.0,0.0
2009,11,26,3.0,7.3,11.5,0.0,0.0,0.0
2009,11,27,3.0,4.0,5.0,35.6,3.0,0.0
2009,11,28,0.0,1.8,3.5,0.0,0.0,0.0
2009,11,29,-1.0,0.5,2.0,5.0,5.0,0.0
2009,11,30,-2.0,-1.0,0.0,1.2,1.2,0.0
2009,12,1,-7.0,-3.3,0.5,0.0,0.0,0.0
2009,12,2,-2.0,1.5,5.0,24.0,0.0,0.0
2009,12,3,0.5,2.0,3.5,13.0,0.0,0.0
2009,12,4,0.0,2.5,5.0,0.0,0.0,0.0
2009,12,5,-2.5,-0.8,1.0,0.0,0.0,0.0
2009,12,6,-5.0,-2.3,0.5,0.0,0.0,0.0
2009,12,7,-8.0,-5.5,-3.0,1.2,1.2,0.0
2009,12,8,-9.5,-6.8,-4.0,0.0,0.0,0.0
2009,12,9,-13.0,-6.8,-0.5,15.6,15.6,0.0
2009,12,10,-7.0,-3.5,0.0,1.4,1.4,12.0
2009,12,11,-9.0,-6.5,-4.0,0.0,0.0,6.0
2009,12,12,-16.0,-10.0,-4.0,0.0,0.0,0.0
2009,12,13,-9.0,-4.0,1.0,2.2,2.2,0.0
2009,12,14,-6.0,-4.0,-2.0,2.2,2.2,10.0
2009,12,15,-5.0,-4.5,-4.0,0.0,0.0,16.0
2009,12,16,-20.0,-17.3,-14.5,0.0,0.0,18.0
2009,12,17,-23.5,-19.8,-16.0,0.0,0.0,18.0
2009,12,18,-21.0,-17.8,-14.5,0.0,0.0,18.0
2009,12,19,-21.0,-15.8,-10.5,0.0,0.0,18.0
2009,12,20,-20.0,-14.5,-9.0,0.0,0.0,18.0
2009,12,21,-14.0,-11.8,-9.5,2.4,2.4,18.0
2009,12,22,-13.5,-12.3,-11.0,15.6,15.6,20.0
2009,12,23,-13.5,-9.8,-6.0,7.0,7.0,28.0
2009,12,24,-10.5,-6.3,-2.0,0.0,0.0,28.0
2009,12,25,-4.5,-3.8,-3.0,0.0,0.0,25.0
2009,12,26,-7.0,-3.3,0.5,1.6,0.0,28.0
2009,12,27,-3.8,-1.2,1.5,15.4,0.0,28.0
2009,12,28,-2.5,-1.3,0.0,0.0,0.0,20.0
2009,12,29,-16.0,-15.5,-15.0,0.0,0.0,20.0
2009,12,30,-22.5,-14.8,-7.0,0.0,0.0,20.0
2009,12,31,-14.5,-8.8,-3.0,4.2,4.2,20.0
2010,1,1,-7.0,-5.5,-4.0,3.8,3.8,20.0
2010,1,2,-7.0,-3.0,1.0,13.0,13.0,26.0
2010,1,3,-6.0,-2.0,2.0,1.4,1.4,36.0
2010,1,4,-7.0,-5.3,-3.5,1.2,1.2,36.0
2010,1,5,-7.5,-5.8,-4.0,0.0,0.0,10.0
2010,1,6,-5.0,-4.5,-4.0,0.0,0.0,10.0
2010,1,7,-8.0,-6.4,-4.7,0.0,0.0,10.0
2010,1,8,-10.0,-8.3,-6.5,0.0,0.0,38.0
2010,1,9,-18.5,-16.0,-13.5,0.0,0.0,38.0
2010,1,10,-20.5,-14.3,-8.0,0.0,0.0,36.0
2010,1,11,-13.5,-9.3,-5.0,0.0,0.0,36.0
2010,1,12,-16.5,-13.8,-11.0,0.0,0.0,36.0
2010,1,13,-20.5,-16.3,-12.0,0.0,0.0,36.0
2010,1,14,-23.0,-11.5,0.0,0.0,0.0,36.0
2010,1,15,-2.0,-0.5,1.0,0.0,0.0,34.0
2010,1,16,-3.5,-1.3,1.0,1.4,1.4,34.0
2010,1,17,-12.0,-9.0,-6.0,0.0,0.0,34.0
2010,1,18,-10.0,-6.5,-3.0,2.6,2.6,34.0
2010,1,19,-5.5,-3.3,-1.0,0.0,0.0,36.0
2010,1,20,-7.5,-4.3,-1.0,0.0,0.0,36.0
2010,1,21,-8.0,-6.0,-4.0,0.0,0.0,36.0
2010,1,22,-14.0,-8.5,-3.0,0.0,0.0,36.0
2010,1,23,-22.5,-15.3,-8.0,0.0,0.0,36.0
2010,1,24,-15.0,-5.0,5.0,3.6,0.0,36.0
2010,1,25,-5.0,1.5,8.0,17.0,0.0,36.0
2010,1,26,0.0,0.3,0.5,5.6,5.6,20.0
2010,1,27,-5.5,-3.3,-1.0,3.6,2.2,24.0
2010,1,28,-8.0,-4.5,-1.0,6.2,6.2,20.0
2010,1,29,-17.5,-17.3,-17.0,1.6,1.6,18.0
2010,1,30,-23.0,-19.8,-16.5,0.0,0.0,18.0
2010,1,31,-19.5,-15.3,-11.0,3.4,3.4,18.0
2010,2,1,-19.0,-15.5,-12.0,0.0,0.0,20.0
2010,2,2,-26.0,-19.5,-13.0,0.0,0.0,18.0
2010,2,3,-22.5,-14.3,-6.0,0.0,0.0,18.0
2010,2,4,-16.0,-13.0,-10.0,0.0,0.0,18.0
2010,2,5,-17.5,-14.3,-11.0,0.0,0.0,18.0
2010,2,6,-22.0,-16.0,-10.0,0.0,0.0,18.0
2010,2,7,-16.5,-12.3,-8.0,3.8,3.8,18.0
2010,2,8,-999.0,-999.0,-999.0,-999.0,-999.0,18.0
2010,2,9,-8.0,-6.5,-5.0,0.0,0.0,18.0
2010,2,10,-15.0,-8.0,-1.0,0.0,0.0,18.0
2010,2,11,-9.0,-6.0,-3.0,0.0,0.0,18.0
2010,2,12,-9.0,-8.5,-8.0,0.0,0.0,18.0
2010,2,13,-9.0,-7.0,-5.0,0.0,0.0,18.0
2010,2,14,-8.5,-6.8,-5.0,2.4,2.4,18.0
2010,2,15,-8.0,-5.8,-3.5,0.0,0.0,18.0
2010,2,16,-5.0,-2.0,1.0,0.0,0.0,18.0
2010,2,17,-4.5,-1.8,1.0,0.0,0.0,18.0
2010,2,18,-3.0,-0.5,2.0,2.6,2.6,18.0
2010,2,19,-5.5,-4.0,-2.5,0.0,0.0,18.0
2010,2,20,-4.0,-2.5,-1.0,0.0,0.0,18.0
2010,2,21,-8.0,-5.0,-2.0,0.0,0.0,18.0
2010,2,22,-4.5,-1.3,2.0,0.0,0.0,18.0
2010,2,23,-2.0,0.5,3.0,0.0,0.0,16.0
2010,2,24,0.0,1.0,2.0,7.6,1.6,16.0
2010,2,25,-1.0,-0.5,0.0,2.6,2.6,20.0
2010,2,26,-2.5,-0.5,1.5,3.0,3.0,24.0
2010,2,27,-1.0,0.8,2.5,0.0,0.0,24.0
2010,2,28,-1.0,0.8,2.5,0.0,0.0,22.0
2010,3,1,-1.0,2.0,5.0,0.0,0.0,20.0
2010,3,2,-2.0,0.5,3.0,0.0,0.0,18.0
2010,3,3,-8.0,-3.4,1.3,0.0,0.0,18.0
2010,3,4,-5.5,-1.8,2.0,0.0,0.0,16.0
2010,3,5,-8.0,-3.3,1.5,0.0,0.0,16.0
2010,3,6,-8.0,-1.3,5.5,0.0,0.0,16.0
2010,3,7,-2.0,1.5,5.0,0.0,0.0,16.0
2010,3,8,-1.0,2.0,5.0,0.0,0.0,16.0
2010,3,9,-3.5,-2.0,-0.5,0.0,0.0,16.0
2010,3,10,-10.0,-3.8,2.5,0.0,0.0,14.0
2010,3,11,-8.0,-0.5,7.0,0.0,0.0,14.0
2010,3,12,-5.5,0.3,6.0,0.0,0.0,14.0
2010,3,13,-5.5,2.0,9.5,0.0,0.0,12.0
2010,3,14,-1.0,2.3,5.5,0.0,0.0,12.0
2010,3,15,-1.0,3.5,8.0,0.0,0.0,0.0
2010,3,16,-6.5,2.8,12.0,0.0,0.0,0.0
2010,3,17,-4.5,2.8,10.0,0.0,0.0,0.0
2010,3,18,2.5,6.3,10.0,0.0,0.0,0.0
2010,3,19,0.0,6.3,12.5,0.0,0.0,0.0
2010,3,20,2.0,3.5,5.0,0.0,0.0,0.0
2010,3,21,-5.0,0.0,5.0,-999.0,-999.0,0.0
2010,3,22,-1.0,3.5,8.0,1.2,0.0,0.0
2010,3,23,-3.5,-2.5,-1.5,9.0,9.0,0.0
2010,3,24,-2.0,0.3,2.5,1.2,1.2,16.0
2010,3,25,-8.5,0.8,10.0,0.0,0.0,16.0
2010,3,26,-14.0,-10.5,-7.0,0.0,0.0,16.0
2010,3,27,-16.5,-8.3,0.0,0.0,0.0,14.0
2010,3,28,-7.5,-0.8,6.0,8.2,0.0,0.0
2010,3,29,1.0,3.0,5.0,11.2,0.0,0.0
2010,3,30,-1.0,1.8,4.5,1.6,0.0,0.0
2010,3,31,1.0,3.0,5.0,0.6,0.0,0.0
2010,4,1,0.5,7.3,14.0,0.0,0.0,0.0
2010,4,2,0.0,11.5,23.0,0.0,0.0,0.0
2010,4,3,5.0,16.5,28.0,0.0,0.0,0.0
2010,4,4,5.0,11.3,17.5,0.0,0.0,0.0
2010,4,5,8.0,14.0,20.0,2.2,0.0,0.0
2010,4,6,6.0,10.8,15.5,3.4,0.0,0.0
2010,4,7,8.0,9.5,11.0,0.0,0.0,0.0
2010,4,8,0.0,4.8,9.5,2.6,0.0,0.0
2010,4,9,5.5,6.5,7.5,1.0,0.0,0.0
2010,4,10,2.0,6.0,10.0,0.0,0.0,0.0
2010,4,11,1.0,6.0,11.0,2.0,0.0,0.0
2010,4,12,-2.0,4.3,10.5,0.0,0.0,0.0
2010,4,13,-5.0,3.5,12.0,0.0,0.0,0.0
2010,4,14,0.0,7.5,15.0,0.0,0.0,0.0
2010,4,15,-4.5,2.5,9.5,0.0,0.0,0.0
2010,4,16,1.0,4.5,8.0,10.0,2.0,0.0
2010,4,17,1.0,1.5,2.0,7.4,0.0,0.0
2010,4,18,0.0,3.1,6.2,4.2,0.0,0.0
2010,4,19,-0.5,6.3,13.0,1.0,0.0,0.0
2010,4,20,3.5,10.8,18.0,0.0,0.0,0.0
2010,4,21,-0.5,8.3,17.0,1.0,0.0,0.0
2010,4,22,2.5,7.8,13.0,0.0,0.0,0.0
2010,4,23,2.5,8.3,14.0,0.0,0.0,0.0
2010,4,24,-1.0,7.5,16.0,5.2,0.0,0.0
2010,4,25,2.0,9.0,16.0,0.0,0.0,0.0
2010,4,26,0.0,6.0,12.0,9.2,9.2,0.0
2010,4,27,-1.0,0.5,2.0,21.2,6.8,0.0
2010,4,28,0.0,6.0,12.0,2.0,0.0,0.0
2010,4,29,0.0,5.0,10.0,0.0,0.0,0.0
2010,4,30,4.0,11.0,18.0,0.0,0.0,0.0
2010,5,1,1.0,11.0,21.0,0.0,0.0,0.0
2010,5,2,10.5,18.3,26.0,1.6,0.0,0.0
2010,5,3,18.0,19.5,21.0,10.2,0.0,0.0
2010,5,4,7.5,14.3,21.0,12.0,0.0,0.0
2010,5,5,7.5,12.8,18.0,3.4,0.0,0.0
2010,5,6,10.0,14.5,19.0,5.4,0.0,0.0
2010,5,7,4.0,8.0,12.0,0.0,0.0,0.0
2010,5,8,-0.5,4.8,10.0,9.6,0.0,0.0
2010,5,9,2.0,3.5,5.0,1.2,0.0,0.0
2010,5,10,-0.5,3.0,6.5,0.0,0.0,0.0
2010,5,11,-3.0,5.5,14.0,0.0,0.0,0.0
2010,5,12,-1.5,5.8,13.0,0.0,0.0,0.0
2010,5,13,-2.0,8.0,18.0,0.0,0.0,0.0
2010,5,14,4.0,10.0,16.0,3.0,0.0,0.0
2010,5,15,6.5,11.3,16.0,0.0,0.0,0.0
2010,5,16,5.0,12.5,20.0,0.0,0.0,0.0
2010,5,17,2.5,13.0,23.5,0.0,0.0,0.0
2010,5,18,3.5,14.8,26.0,0.0,0.0,0.0
2010,5,19,9.5,15.8,22.0,0.0,0.0,0.0
2010,5,20,10.0,16.8,23.5,0.0,0.0,0.0
2010,5,21,0.0,9.9,19.8,0.0,0.0,0.0
2010,5,22,4.5,15.5,26.5,0.0,0.0,0.0
2010,5,23,17.0,23.0,29.0,0.0,0.0,0.0
2010,5,24,16.5,22.8,29.0,0.0,0.0,0.0
2010,5,25,18.5,25.3,32.0,9.2,0.0,0.0
2010,5,26,19.0,24.0,29.0,0.0,0.0,0.0
2010,5,27,7.5,14.8,22.0,0.0,0.0,0.0
2010,5,28,4.0,13.0,22.0,0.0,0.0,0.0
2010,5,29,10.5,17.0,23.5,0.0,0.0,0.0
2010,5,30,10.5,15.8,21.0,0.0,0.0,0.0
2010,5,31,1.5,10.3,19.0,12.0,0.0,0.0
2010,6,1,12.0,15.3,18.6,8.0,0.0,0.0
2010,6,2,12.5,19.0,25.5,9.4,0.0,0.0
2010,6,3,13.5,15.0,16.5,4.2,0.0,0.0
2010,6,4,12.0,17.5,23.0,0.0,0.0,0.0
2010,6,5,11.0,15.0,19.0,7.2,0.0,0.0
2010,6,6,9.0,11.0,13.0,15.9,0.0,0.0
2010,6,7,8.0,13.0,18.0,1.2,0.0,0.0
2010,6,8,6.0,11.8,17.5,0.0,0.0,0.0
2010,6,9,7.5,14.8,22.0,0.0,0.0,0.0
2010,6,10,9.5,14.8,20.0,0.0,0.0,0.0
2010,6,11,5.0,13.8,22.5,0.0,0.0,0.0
2010,6,12,12.3,17.9,23.5,0.0,0.0,0.0
2010,6,13,10.0,17.5,25.0,0.0,0.0,0.0
2010,6,14,10.0,13.8,17.5,0.0,0.0,0.0
2010,6,15,3.0,12.3,21.5,0.0,0.0,0.0
2010,6,16,9.0,16.3,23.5,4.4,0.0,0.0
2010,6,17,13.5,19.8,26.0,0.0,0.0,0.0
2010,6,18,17.0,23.0,29.0,0.0,0.0,0.0
2010,6,19,18.0,24.0,30.0,2.0,0.0,0.0
2010,6,20,19.0,22.8,26.5,11.6,0.0,0.0
2010,6,21,14.0,19.5,25.0,0.0,0.0,0.0
2010,6,22,8.0,17.5,27.0,0.0,0.0,0.0
2010,6,23,18.0,21.0,24.0,30.4,0.0,0.0
2010,6,24,19.0,21.0,23.0,4.0,0.0,0.0
2010,6,25,10.0,16.0,22.0,0.0,0.0,0.0
2010,6,26,12.5,17.6,22.7,17.6,0.0,0.0
2010,6,27,13.0,18.8,24.5,5.2,0.0,0.0
2010,6,28,13.0,14.5,16.0,3.6,0.0,0.0
2010,6,29,12.5,16.5,20.5,5.6,0.0,0.0
2010,6,30,10.5,13.8,17.0,4.2,0.0,0.0
2010,7,1,8.0,13.0,18.0,4.4,0.0,0.0
2010,7,2,8.0,16.0,24.0,0.0,0.0,0.0
2010,7,3,16.0,21.5,27.0,0.0,0.0,0.0
2010,7,4,19.0,22.8,26.5,0.0,0.0,0.0
2010,7,5,21.0,26.3,31.5,1.0,0.0,0.0
2010,7,6,23.0,27.3,31.5,0.0,0.0,0.0
2010,7,7,22.5,27.5,32.5,0.0,0.0,0.0
2010,7,8,24.0,28.3,32.5,0.0,0.0,0.0
2010,7,9,22.0,27.0,32.0,8.6,0.0,0.0
2010,7,10,20.0,23.5,27.0,0.0,0.0,0.0
2010,7,11,15.5,22.8,30.0,0.0,0.0,0.0
2010,7,12,15.0,22.5,30.0,1.0,0.0,0.0
2010,7,13,18.5,22.8,27.0,23.4,0.0,0.0
2010,7,14,19.0,23.4,27.7,0.0,0.0,0.0
2010,7,15,14.5,22.5,30.5,0.0,0.0,0.0
2010,7,16,21.0,24.0,27.0,0.0,0.0,0.0
2010,7,17,20.0,24.3,28.5,3.2,0.0,0.0
2010,7,18,17.5,21.3,25.0,1.4,0.0,0.0
2010,7,19,16.0,19.5,23.0,12.2,0.0,0.0
2010,7,20,14.5,19.8,25.0,0.0,0.0,0.0
2010,7,21,15.0,21.3,27.5,3.2,0.0,0.0
2010,7,22,16.5,21.8,27.0,0.0,0.0,0.0
2010,7,23,9.5,18.3,27.0,2.2,0.0,0.0
2010,7,24,16.5,20.8,25.0,0.0,0.0,0.0
2010,7,25,20.0,21.5,23.0,0.0,0.0,0.0
2010,7,26,12.5,18.8,25.0,0.0,0.0,0.0
2010,7,27,11.5,19.8,28.0,0.0,0.0,0.0
2010,7,28,20.2,24.6,29.0,1.8,0.0,0.0
2010,7,29,16.5,18.8,21.0,0.0,0.0,0.0
2010,7,30,8.0,12.8,17.5,0.0,0.0,0.0
2010,7,31,7.0,15.5,24.0,0.0,0.0,0.0
2010,8,1,-999.0,-999.0,-999.0,0.0,0.0,0.0
2010,8,2,-999.0,-999.0,-999.0,3.2,0.0,0.0
2010,8,3,-999.0,-999.0,-999.0,1.6,0.0,0.0
2010,8,4,-999.0,-999.0,-999.0,0.0,0.0,0.0
2010,8,5,-999.0,-999.0,-999.0,2.4,0.0,0.0
2010,8,6,-999.0,-999.0,-999.0,0.0,0.0,0.0
2010,8,7,-999.0,-999.0,-999.0,0.0,0.0,0.0
2010,8,8,-999.0,-999.0,-999.0,4.6,0.0,0.0
2010,8,9,-999.0,-999.0,-999.0,-999.0,-999.0,0.0
2010,8,14,-999.0,-999.0,-999.0,0.0,0.0,0.0
2010,8,15,-999.0,-999.0,-999.0,2.2,0.0,0.0
2010,8,16,-999.0,-999.0,-999.0,30.0,0.0,0.0
2010,8,17,-999.0,-999.0,-999.0,6.6,0.0,0.0
2010,8,18,-999.0,-999.0,-999.0,0.0,0.0,0.0
2010,8,19,-999.0,-999.0,-999.0,0.6,0.0,0.0
2010,8,20,-999.0,-999.0,-999.0,0.0,0.0,0.0
2010,8,21,-999.0,-999.0,-999.0,1.0,0.0,0.0
2010,8,22,-999.0,-999.0,-999.0,0.0,0.0,0.0
2010,8,23,-999.0,-999.0,-999.0,0.0,0.0,0.0
2010,8,24,-999.0,-999.0,-999.0,0.0,0.0,0.0
2010,8,25,-999.0,-999.0,-999.0,1.8,0.0,0.0
2010,8,26,-999.0,-999.0,-999.0,0.0,0.0,0.0
2010,8,27,-999.0,-999.0,-999.0,2.0,0.0,0.0
2010,8,28,-999.0,-999.0,-999.0,-999.0,-999.0,0.0
2010,8,29,-999.0,-999.0,-999.0,0.0,0.0,0.0
2010,8,30,-999.0,-999.0,-999.0,0.0,0.0,0.0
2010,8,31,-999.0,-999.0,-999.0,0.0,0.0,0.0
2010,9,1,22.5,27.3,32.0,0.0,0.0,0.0
2010,9,2,22.5,25.0,27.5,7.0,0.0,0.0
2010,9,3,20.0,26.0,32.0,0.0,0.0,0.0
2010,9,4,16.0,20.0,24.0,0.6,0.0,0.0
2010,9,5,11.0,13.8,16.5,0.0,0.0,0.0
2010,9,6,10.0,16.0,22.0,14.0,0.0,0.0
2010,9,7,14.0,16.8,19.5,13.2,0.0,0.0
2010,9,8,14.0,17.3,20.5,28.8,0.0,0.0
2010,9,9,10.5,12.3,14.0,5.6,0.0,0.0
2010,9,10,10.0,14.3,18.5,0.0,0.0,0.0
2010,9,11,4.5,12.3,20.0,0.0,0.0,0.0
2010,9,12,7.0,13.0,19.0,3.6,0.0,0.0
2010,9,13,12.0,14.8,17.5,6.0,0.0,0.0
2010,9,14,12.0,14.5,17.0,12.4,0.0,0.0
2010,9,15,8.5,11.5,14.5,2.0,0.0,0.0
2010,9,16,7.0,9.0,11.0,10.4,0.0,0.0
2010,9,17,8.0,12.5,17.0,0.0,0.0,0.0
2010,9,18,5.0,12.0,19.0,2.2,0.0,0.0
2010,9,19,10.5,14.3,18.0,0.0,0.0,0.0
2010,9,20,-999.0,-999.0,-999.0,0.0,0.0,0.0
2010,9,21,2.0,9.8,17.5,2.0,0.0,0.0
2010,9,22,11.0,16.5,22.0,0.0,0.0,0.0
2010,9,23,3.5,8.8,14.0,-999.0,-999.0,0.0
2010,9,24,7.0,11.5,16.0,13.0,0.0,0.0
2010,9,25,9.0,13.5,18.0,4.4,0.0,0.0
2010,9,26,7.0,9.5,12.0,0.0,0.0,0.0
2010,9,27,9.0,15.5,22.0,24.4,0.0,0.0
2010,9,28,-999.0,-999.0,-999.0,-999.0,-999.0,0.0
2010,9,29,15.0,16.0,17.0,0.0,0.0,0.0
2010,9,30,11.5,16.3,21.0,40.4,0.0,0.0
2010,10,1,13.5,13.8,14.0,13.0,0.0,0.0
2010,10,2,-999.0,-999.0,-999.0,0.0,0.0,0.0
2010,10,3,0.0,6.5,13.0,0.0,0.0,0.0
2010,10,4,-1.0,7.0,15.0,0.0,0.0,0.0
2010,10,5,0.0,9.5,19.0,0.0,0.0,0.0
2010,10,6,4.0,9.8,15.5,14.4,0.0,0.0
2010,10,7,8.5,11.3,14.0,6.0,0.0,0.0
2010,10,8,5.0,10.0,15.0,0.0,0.0,0.0
2010,10,9,2.0,6.0,10.0,0.0,0.0,0.0
2010,10,10,2.0,7.3,12.5,0.0,0.0,0.0
2010,10,11,1.0,5.5,10.0,0.0,0.0,0.0
2010,10,12,-1.0,5.3,11.5,0.0,0.0,0.0
2010,10,13,2.0,6.8,11.5,0.0,0.0,0.0
2010,10,14,1.0,6.3,11.5,1.9,0.0,0.0
2010,10,15,4.5,5.5,6.5,43.5,0.0,0.0
2010,10,16,4.0,6.8,9.5,1.0,0.0,0.0
2010,10,17,2.0,6.0,10.0,0.0,0.0,0.0
2010,10,18,0.5,4.0,7.5,1.0,0.0,0.0
2010,10,19,-2.0,3.5,9.0,0.0,0.0,0.0
2010,10,20,4.5,8.3,12.0,0.0,0.0,0.0
2010,10,21,5.5,7.3,9.0,13.0,0.0,0.0
2010,10,22,0.0,3.3,6.5,0.0,0.0,0.0
2010,10,23,-2.0,2.3,6.5,0.0,0.0,0.0
2010,10,24,-4.0,1.5,7.0,3.4,0.0,0.0
2010,10,25,1.0,3.5,6.0,12.6,0.0,0.0
2010,10,26,4.0,10.0,16.0,3.0,0.0,0.0
2010,10,27,5.0,11.8,18.5,0.0,0.0,0.0
2010,10,28,10.5,13.8,17.0,0.0,0.0,0.0
2010,10,29,4.5,5.3,6.0,0.0,0.0,0.0
2010,10,30,-999.0,-999.0,-999.0,0.0,0.0,0.0
2010,10,31,-2.0,-0.3,1.5,0.0,0.0,0.0
2010,11,1,-999.0,-999.0,-999.0,0.0,0.0,0.0
2010,11,2,-2.0,2.0,6.0,0.0,0.0,0.0
2010,11,3,-4.0,1.5,7.0,0.0,0.0,0.0
2010,11,4,-999.0,-999.0,-999.0,28.6,0.0,0.0
2010,11,5,2.5,3.3,4.0,10.2,0.0,0.0
2010,11,6,0.5,2.3,4.0,0.0,0.0,0.0
2010,11,7,-999.0,-999.0,-999.0,0.0,0.0,0.0
2010,11,8,-2.0,1.5,5.0,12.2,0.0,0.0
2010,11,9,3.5,6.7,9.8,0.0,0.0,0.0
2010,11,10,0.0,3.0,6.0,0.0,0.0,0.0
2010,11,11,-999.0,-999.0,-999.0,0.0,0.0,0.0
2010,11,12,-5.0,4.0,13.0,0.0,0.0,0.0
2010,11,13,-4.0,2.0,8.0,0.0,0.0,0.0
2010,11,14,0.0,4.8,9.5,3.2,0.0,0.0
2010,11,15,2.5,5.3,8.0,0.0,0.0,0.0
2010,11,16,1.0,6.0,11.0,18.6,0.0,0.0
2010,11,17,2.0,5.5,9.0,15.2,0.0,0.0
2010,11,18,2.0,3.5,5.0,0.0,0.0,0.0
2010,11,19,-6.0,-2.5,1.0,1.0,1.0,0.0
2010,11,20,-6.0,-2.3,1.5,0.0,0.0,0.0
2010,11,21,-10.0,-5.8,-1.5,2.0,2.0,0.0
2010,11,22,-7.5,-3.8,0.0,8.8,0.0,0.0
2010,11,23,-0.5,4.8,10.0,16.6,0.0,0.0
2010,11,24,-6.0,-3.5,-1.0,0.0,0.0,0.0
2010,11,25,-999.0,-999.0,-999.0,0.0,0.0,0.0
2010,11,26,-9.0,-3.5,2.0,10.0,3.2,0.0
2010,11,27,-4.0,-2.0,0.0,1.6,1.6,0.0
2010,11,28,-10.0,-6.0,-2.0,0.0,0.0,0.0
2010,11,29,-4.5,-0.5,3.5,0.0,0.0,0.0
2010,11,30,-7.0,-0.8,5.5,18.4,0.0,0.0
2010,12,1,1.5,4.5,7.5,15.4,0.0,0.0
2010,12,2,0.0,0.8,1.5,0.0,0.0,0.0
2010,12,3,-999.0,-999.0,-999.0,11.0,11.0,0.0
2010,12,4,-3.0,-2.0,-1.0,5.0,5.0,10.0
2010,12,5,-6.5,-5.8,-5.0,-999.0,-999.0,0.0
2010,12,6,-9.0,-6.5,-4.0,31.2,31.2,-999.0
2010,12,7,-6.0,-5.8,-5.5,15.8,15.8,18.0
2010,12,8,-10.0,-9.5,-9.0,4.2,4.2,18.0
2010,12,9,-999.0,-999.0,-999.0,0.0,0.0,20.0
2010,12,10,-23.0,-12.5,-2.0,2.2,2.2,20.0
2010,12,11,-13.0,-7.5,-2.0,0.0,0.0,20.0
2010,12,12,-7.0,0.5,8.0,7.8,4.0,20.0
2010,12,13,-999.0,-999.0,-999.0,8.0,3.6,0.0
2010,12,14,-14.5,-11.8,-9.0,0.0,0.0,0.0
2010,12,15,-15.0,-14.0,-13.0,4.6,4.6,0.0
2010,12,16,-17.0,-14.0,-11.0,0.0,0.0,6.0
2010,12,17,-999.0,-999.0,-999.0,0.0,0.0,6.0
2010,12,18,-16.5,-9.8,-3.0,0.0,0.0,6.0
2010,12,19,-15.0,-10.3,-5.5,0.0,0.0,6.0
2010,12,20,-9.0,-7.0,-5.0,1.6,1.6,6.0
2010,12,21,-8.5,-4.3,0.0,5.6,5.6,8.0
2010,12,22,-3.0,-1.8,-0.5,12.2,12.2,13.0
2010,12,23,-8.0,-5.0,-2.0,0.0,0.0,20.0
2010,12,24,-13.0,-10.3,-7.5,0.0,0.0,20.0
2010,12,25,-15.0,-12.3,-9.5,0.0,0.0,20.0
2010,12,26,-21.0,-14.5,-8.0,0.0,0.0,20.0
2010,12,27,-12.0,-11.0,-10.0,0.0,0.0,20.0
2010,12,28,-15.5,-11.5,-7.5,0.0,0.0,20.0
2010,12,29,-15.5,-8.8,-2.0,0.0,0.0,20.0
2010,12,30,-999.0,-999.0,-999.0,0.0,0.0,20.0
2010,12,31,-5.5,-0.8,4.0,2.0,0.0,20.0
