Year,Month,Day,Tmin,Tair,Tmax,Prcp,Tdew,RelH,WndS,WndD,Pres,Snow,SnDh
2001,2,1,-15.0,-11.5,-8.0,2.5,-999.0,-999.0,-999.0,-999.0,-999.0,2.5,55.0
2001,2,2,-20.5,-13.3,-6.0,6.4,-999.0,-999.0,-999.0,-999.0,-999.0,6.4,56.0
2001,2,3,-13.0,-9.8,-6.5,6.2,-999.0,-999.0,-999.0,-999.0,-999.0,6.2,59.0
2001,2,4,-28.5,-20.0,-11.5,0.5,-999.0,-999.0,-999.0,-999.0,-999.0,0.5,60.0
2001,2,5,-25.5,-15.0,-4.5,7.1,-999.0,-999.0,-999.0,-999.0,-999.0,7.1,56.0
2001,2,6,-8.5,-6.8,-5.0,3.6,-999.0,-999.0,-999.0,-999.0,-999.0,3.6,59.0
2001,2,7,-10.0,-8.5,-7.0,1.6,-999.0,-999.0,-999.0,-999.0,-999.0,1.6,59.0
2001,2,8,-18.0,-11.8,-5.5,0.0,-999.0,-999.0,-999.0,-999.0,-999.0,0.0,58.0
2001,2,9,-21.0,-8.8,3.5,39.5,-999.0,-999.0,-999.0,-999.0,-999.0,8.6,57.0
2001,2,10,-19.0,-9.0,1.0,5.1,-999.0,-999.0,-999.0,-999.0,-999.0,5.1,56.0
2001,2,11,-26.0,-22.0,-18.0,0.4,-999.0,-999.0,-999.0,-999.0,-999.0,0.4,55.0
2001,2,12,-27.0,-19.0,-11.0,1.0,-999.0,-999.0,-999.0,-999.0,-999.0,1.0,56.0
2001,2,13,-18.5,-12.8,-7.0,1.5,-999.0,-999.0,-999.0,-999.0,-999.0,1.5,57.0
2001,2,14,-22.5,-14.0,-5.5,8.6,-999.0,-999.0,-999.0,-999.0,-999.0,8.6,58.0
2001,2,15,-14.5,-11.3,-8.0,0.0,-999.0,-999.0,-999.0,-999.0,-999.0,0.0,61.0
2001,2,16,-28.5,-17.5,-6.5,0.4,-999.0,-999.0,-999.0,-999.0,-999.0,0.4,60.0
2001,2,17,-21.0,-16.0,-11.0,0.0,-999.0,-999.0,-999.0,-999.0,-999.0,0.0,60.0
2001,2,18,-32.0,-22.3,-12.5,4.2,-999.0,-999.0,-999.0,-999.0,-999.0,4.2,54.0
2001,2,19,-17.0,-10.5,-4.0,23.5,-999.0,-999.0,-999.0,-999.0,-999.0,23.5,58.0
2001,2,20,-8.5,-5.8,-3.0,23.5,-999.0,-999.0,-999.0,-999.0,-999.0,23.5,75.0
2001,2,21,-24.5,-20.0,-15.5,0.6,-999.0,-999.0,-999.0,-999.0,-999.0,0.6,78.0
2001,2,22,-32.0,-25.5,-19.0,1.4,-999.0,-999.0,-999.0,-999.0,-999.0,1.4,72.0
2001,2,23,-28.0,-18.5,-9.0,2.2,-999.0,-999.0,-999.0,-999.0,-999.0,2.2,71.0
2001,2,24,-23.5,-18.3,-13.0,0.0,-999.0,-999.0,-999.0,-999.0,-999.0,0.0,63.0
2001,2,25,-25.0,-13.3,-1.5,18.3,-999.0,-999.0,-999.0,-999.0,-999.0,18.3,63.0
2001,2,26,-10.0,-5.5,-1.0,3.4,-999.0,-999.0,-999.0,-999.0,-999.0,3.4,80.0
2001,2,27,-20.5,-16.3,-12.0,0.4,-999.0,-999.0,-999.0,-999.0,-999.0,0.4,75.0
2001,2,28,-25.5,-20.8,-16.0,0.3,-999.0,-999.0,-999.0,-999.0,-999.0,0.3,75.0
2001,3,1,-28.5,-24.0,-19.5,0.2,-999.0,-999.0,-999.0,-999.0,-999.0,0.2,74.0
2001,3,2,-35.5,-24.3,-13.0,0.0,-999.0,-999.0,-999.0,-999.0,-999.0,0.0,73.0
2001,3,3,-34.5,-23.0,-11.5,0.0,-999.0,-999.0,-999.0,-999.0,-999.0,0.0,70.0
2001,3,4,-30.5,-16.3,-2.0,0.0,-999.0,-999.0,-999.0,-999.0,-999.0,0.0,69.0
2001,3,5,-23.5,-13.3,-3.0,1.8,-999.0,-999.0,-999.0,-999.0,-999.0,1.8,69.0
2001,3,6,-8.0,-4.8,-1.5,0.6,-999.0,-999.0,-999.0,-999.0,-999.0,0.6,68.0
2001,3,7,-10.0,-5.8,-1.5,0.0,-999.0,-999.0,-999.0,-999.0,-999.0,0.0,68.0
2001,3,8,-22.5,-10.0,2.5,0.0,-999.0,-999.0,-999.0,-999.0,-999.0,0.0,70.0
2001,3,9,-14.5,-7.0,0.5,0.0,-999.0,-999.0,-999.0,-999.0,-999.0,0.0,69.0
2001,3,10,-18.5,-10.0,-1.5,0.0,-999.0,-999.0,-999.0,-999.0,-999.0,0.0,69.0
2001,3,11,-14.0,-9.0,-4.0,2.3,-999.0,-999.0,-999.0,-999.0,-999.0,2.3,69.0
2001,3,12,-21.5,-12.5,-3.5,0.0,-999.0,-999.0,-999.0,-999.0,-999.0,0.0,69.0
2001,3,13,-15.0,-10.8,-6.5,16.8,-999.0,-999.0,-999.0,-999.0,-999.0,16.8,66.0
2001,3,14,-9.0,-6.0,-3.0,17.4,-999.0,-999.0,-999.0,-999.0,-999.0,17.4,79.0
2001,3,15,-8.0,-6.3,-4.5,3.0,-999.0,-999.0,-999.0,-999.0,-999.0,3.0,92.0
2001,3,16,-13.0,-9.3,-5.5,0.0,-999.0,-999.0,-999.0,-999.0,-999.0,0.0,89.0
2001,3,17,-12.5,-5.3,2.0,0.0,-999.0,-999.0,-999.0,-999.0,-999.0,0.0,83.0
2001,3,18,-11.5,-6.0,-0.5,1.0,-999.0,-999.0,-999.0,-999.0,-999.0,1.0,80.0
2001,3,19,-5.0,-0.5,4.0,0.0,-999.0,-999.0,-999.0,-999.0,-999.0,0.0,81.0
2001,3,20,-12.5,-3.0,6.5,0.0,-999.0,-999.0,-999.0,-999.0,-999.0,0.0,76.0
2001,3,21,-14.5,-3.5,7.5,0.0,-999.0,-999.0,-999.0,-999.0,-999.0,0.0,74.0
2001,3,22,-3.0,-2.0,-1.0,47.0,-999.0,-999.0,-999.0,-999.0,-999.0,47.0,72.0
2001,3,23,-5.0,-3.8,-2.5,13.3,-999.0,-999.0,-999.0,-999.0,-999.0,13.3,105.0
2001,3,24,-6.0,-3.8,-1.5,4.8,-999.0,-999.0,-999.0,-999.0,-999.0,4.8,104.0
2001,3,25,-16.0,-12.3,-8.5,0.5,-999.0,-999.0,-999.0,-999.0,-999.0,0.5,97.0
2001,3,26,-22.0,-14.0,-6.0,3.2,-999.0,-999.0,-999.0,-999.0,-999.0,3.2,98.0
2001,3,27,-13.0,-8.3,-3.5,2.6,-999.0,-999.0,-999.0,-999.0,-999.0,2.6,97.0
2001,3,28,-6.5,-4.8,-3.0,1.0,-999.0,-999.0,-999.0,-999.0,-999.0,1.0,96.0
2001,3,29,-17.0,-7.3,2.5,0.0,-999.0,-999.0,-999.0,-999.0,-999.0,0.0,94.0
2001,3,30,-18.5,-8.5,1.5,0.0,-999.0,-999.0,-999.0,-999.0,-999.0,0.0,94.0
2001,3,31,-6.0,-4.0,-2.0,2.2,-999.0,-999.0,-999.0,-999.0,-999.0,2.2,89.0
2001,4,1,-6.5,-3.0,0.5,0.0,-999.0,-999.0,-999.0,-999.0,-999.0,0.0,90.0
2001,4,2,-14.5,-8.3,-2.0,1.2,-999.0,-999.0,-999.0,-999.0,-999.0,1.2,90.0
2001,4,3,-5.5,-2.0,1.5,0.0,-999.0,-999.0,-999.0,-999.0,-999.0,0.0,90.0
2001,4,4,-10.5,-1.3,8.0,0.0,-999.0,-999.0,-999.0,-999.0,-999.0,0.0,88.0
2001,4,5,-10.0,-2.5,5.0,0.0,-999.0,-999.0,-999.0,-999.0,-999.0,0.0,85.0
2001,4,6,-15.5,-6.0,3.5,0.0,-999.0,-999.0,-999.0,-999.0,-999.0,0.0,82.0
2001,4,7,-14.5,-4.0,6.5,1.6,-999.0,-999.0,-999.0,-999.0,-999.0,1.2,81.0
2001,4,8,-6.0,-2.3,1.5,5.9,-999.0,-999.0,-999.0,-999.0,-999.0,1.0,81.0
2001,4,9,-1.0,2.0,5.0,0.2,-999.0,-999.0,-999.0,-999.0,-999.0,0.0,81.0
2001,4,10,-0.5,2.8,6.0,0.0,-999.0,-999.0,-999.0,-999.0,-999.0,0.0,77.0
2001,4,11,-10.5,0.5,11.5,0.0,-999.0,-999.0,-999.0,-999.0,-999.0,0.0,71.0
2001,4,12,-7.0,-1.5,4.0,21.6,-999.0,-999.0,-999.0,-999.0,-999.0,0.0,66.0
2001,4,13,0.5,2.3,4.0,4.4,-999.0,-999.0,-999.0,-999.0,-999.0,1.8,63.0
2001,4,14,-8.0,-5.0,-2.0,0.0,-999.0,-999.0,-999.0,-999.0,-999.0,0.0,60.0
2001,4,15,-6.5,-2.8,1.0,0.0,-999.0,-999.0,-999.0,-999.0,-999.0,0.0,60.0
2001,4,16,-8.0,-1.3,5.5,0.0,-999.0,-999.0,-999.0,-999.0,-999.0,0.0,59.0
2001,4,17,-10.0,-4.0,2.0,0.0,-999.0,-999.0,-999.0,-999.0,-999.0,0.0,56.0
2001,4,18,-13.0,-5.8,1.5,0.0,-999.0,-999.0,-999.0,-999.0,-999.0,0.0,56.0
2001,4,19,-8.5,-2.0,4.5,0.0,-999.0,-999.0,-999.0,-999.0,-999.0,0.0,56.0
2001,4,20,-10.0,-0.3,9.5,0.0,-999.0,-999.0,-999.0,-999.0,-999.0,0.0,55.0
2001,4,21,-6.5,3.8,14.0,1.4,-999.0,-999.0,-999.0,-999.0,-999.0,0.0,51.0
2001,4,22,1.0,5.3,9.5,3.2,-999.0,-999.0,-999.0,-999.0,-999.0,0.0,44.0
2001,4,23,-5.0,4.0,13.0,0.0,-999.0,-999.0,-999.0,-999.0,-999.0,0.0,37.0
2001,4,24,1.5,8.3,15.0,6.7,-999.0,-999.0,-999.0,-999.0,-999.0,0.0,37.0
2001,4,25,-5.5,0.0,5.5,0.0,-999.0,-999.0,-999.0,-999.0,-999.0,0.0,24.0
2001,4,26,-9.0,0.5,10.0,0.6,-999.0,-999.0,-999.0,-999.0,-999.0,0.0,24.0
2001,4,27,-0.5,3.5,7.5,0.3,-999.0,-999.0,-999.0,-999.0,-999.0,0.0,19.0
2001,4,28,-7.0,-2.3,2.5,0.0,-999.0,-999.0,-999.0,-999.0,-999.0,0.0,8.0
2001,4,29,-10.5,-0.8,9.0,5.4,-999.0,-999.0,-999.0,-999.0,-999.0,0.2,8.0
2001,4,30,-2.0,6.5,15.0,0.5,-999.0,-999.0,-999.0,-999.0,-999.0,0.0,5.0
2001,5,1,1.0,12.5,24.0,0.0,-999.0,-999.0,-999.0,-999.0,-999.0,0.0,0.0
2001,5,2,0.5,12.5,24.5,0.4,-999.0,-999.0,-999.0,-999.0,-999.0,0.0,0.0
2001,5,3,3.0,13.0,23.0,0.6,-999.0,-999.0,-999.0,-999.0,-999.0,0.0,0.0
2001,5,4,5.0,9.5,14.0,0.0,-999.0,-999.0,-999.0,-999.0,-999.0,0.0,0.0
2001,5,5,0.0,4.5,9.0,0.2,-999.0,-999.0,-999.0,-999.0,-999.0,0.0,0.0
2001,5,6,-6.5,4.3,15.0,0.0,-999.0,-999.0,-999.0,-999.0,-999.0,0.0,0.0
2001,5,7,-5.0,6.8,18.5,0.2,-999.0,-999.0,-999.0,-999.0,-999.0,0.0,0.0
2001,5,8,-3.5,8.8,21.0,0.2,-999.0,-999.0,-999.0,-999.0,-999.0,0.0,0.0
2001,5,9,-2.0,9.3,20.5,0.0,-999.0,-999.0,-999.0,-999.0,-999.0,0.0,0.0
2001,5,10,0.0,11.5,23.0,0.0,-999.0,-999.0,-999.0,-999.0,-999.0,0.0,0.0
2001,5,11,1.0,12.5,24.0,3.2,-999.0,-999.0,-999.0,-999.0,-999.0,0.0,0.0
2001,5,12,4.0,9.8,15.5,12.0,-999.0,-999.0,-999.0,-999.0,-999.0,0.0,0.0
2001,5,13,0.0,5.0,10.0,0.3,-999.0,-999.0,-999.0,-999.0,-999.0,0.0,0.0
2001,5,14,-5.5,3.3,12.0,0.0,-999.0,-999.0,-999.0,-999.0,-999.0,0.0,0.0
2001,5,15,2.5,6.0,9.5,0.0,-999.0,-999.0,-999.0,-999.0,-999.0,0.0,0.0
2001,5,16,5.0,9.3,13.5,0.0,-999.0,-999.0,-999.0,-999.0,-999.0,0.0,0.0
2001,5,17,4.0,9.5,15.0,0.0,-999.0,-999.0,-999.0,-999.0,-999.0,0.0,0.0
2001,5,18,-1.5,6.0,13.5,8.2,-999.0,-999.0,-999.0,-999.0,-999.0,0.0,0.0
2001,5,19,6.0,11.3,16.5,0.2,-999.0,-999.0,-999.0,-999.0,-999.0,0.0,0.0
2001,5,21,0.5,11.0,21.5,0.4,-999.0,-999.0,-999.0,-999.0,-999.0,0.0,0.0
2001,5,22,-1.0,9.8,20.5,0.0,-999.0,-999.0,-999.0,-999.0,-999.0,0.0,0.0
2001,5,23,0.5,11.3,22.0,0.0,-999.0,-999.0,-999.0,-999.0,-999.0,0.0,0.0
2001,5,24,2.0,11.3,20.5,0.0,-999.0,-999.0,-999.0,-999.0,-999.0,0.0,0.0
2001,5,25,0.0,11.8,23.5,0.0,-999.0,-999.0,-999.0,-999.0,-999.0,0.0,0.0
2001,5,26,0.5,11.8,23.0,0.3,-999.0,-999.0,-999.0,-999.0,-999.0,0.0,0.0
2001,5,27,7.5,13.8,20.0,4.4,-999.0,-999.0,-999.0,-999.0,-999.0,0.0,0.0
2001,5,28,9.0,12.0,15.0,31.6,-999.0,-999.0,-999.0,-999.0,-999.0,0.0,0.0
2001,5,29,9.0,11.8,14.5,3.4,-999.0,-999.0,-999.0,-999.0,-999.0,0.0,0.0
2001,5,30,3.0,5.3,7.5,1.8,-999.0,-999.0,-999.0,-999.0,-999.0,0.0,0.0
2001,5,31,-999.0,-999.0,-999.0,0.0,-999.0,-999.0,-999.0,-999.0,-999.0,0.0,0.0
2001,6,1,-2.0,8.5,19.0,2.4,-999.0,-999.0,-999.0,-999.0,-999.0,0.0,0.0
2001,6,2,6.0,7.5,9.0,4.4,-999.0,-999.0,-999.0,-999.0,-999.0,0.0,0.0
2001,6,3,6.5,9.8,13.0,1.3,-999.0,-999.0,-999.0,-999.0,-999.0,0.0,0.0
2001,6,4,9.5,12.8,16.0,21.4,-999.0,-999.0,-999.0,-999.0,-999.0,0.0,0.0
2001,6,5,9.5,12.3,15.0,5.9,-999.0,-999.0,-999.0,-999.0,-999.0,0.0,0.0
2001,6,6,9.0,12.3,15.5,0.3,-999.0,-999.0,-999.0,-999.0,-999.0,0.0,0.0
2001,6,7,-0.5,9.5,19.5,0.0,-999.0,-999.0,-999.0,-999.0,-999.0,0.0,0.0
2001,6,8,0.0,9.3,18.5,0.0,-999.0,-999.0,-999.0,-999.0,-999.0,0.0,0.0
2001,6,9,0.5,9.0,17.5,9.5,-999.0,-999.0,-999.0,-999.0,-999.0,0.0,0.0
2001,6,10,3.5,11.8,20.0,0.0,-999.0,-999.0,-999.0,-999.0,-999.0,0.0,0.0
2001,6,11,2.0,12.3,22.5,0.2,-999.0,-999.0,-999.0,-999.0,-999.0,0.0,0.0
2001,6,12,4.0,10.8,17.5,0.0,-999.0,-999.0,-999.0,-999.0,-999.0,0.0,0.0
2001,6,13,9.5,16.3,23.0,0.0,-999.0,-999.0,-999.0,-999.0,-999.0,0.0,0.0
2001,6,14,5.5,15.5,25.5,0.0,-999.0,-999.0,-999.0,-999.0,-999.0,0.0,0.0
2001,6,15,14.5,23.0,31.5,0.0,-999.0,-999.0,-999.0,-999.0,-999.0,0.0,0.0
2001,6,16,12.0,20.5,29.0,6.0,-999.0,-999.0,-999.0,-999.0,-999.0,0.0,0.0
2001,6,17,16.5,19.5,22.5,6.1,-999.0,-999.0,-999.0,-999.0,-999.0,0.0,0.0
2001,6,18,5.0,12.3,19.5,4.5,-999.0,-999.0,-999.0,-999.0,-999.0,0.0,0.0
2001,6,19,4.5,14.0,23.5,6.5,-999.0,-999.0,-999.0,-999.0,-999.0,0.0,0.0
2001,6,20,13.0,16.0,19.0,0.0,-999.0,-999.0,-999.0,-999.0,-999.0,0.0,0.0
2001,6,21,0.5,10.5,20.5,0.0,-999.0,-999.0,-999.0,-999.0,-999.0,0.0,0.0
2001,6,22,6.5,11.3,16.0,15.5,-999.0,-999.0,-999.0,-999.0,-999.0,0.0,0.0
2001,6,23,12.0,14.9,17.8,3.9,-999.0,-999.0,-999.0,-999.0,-999.0,0.0,0.0
2001,6,24,9.5,15.5,21.5,0.3,-999.0,-999.0,-999.0,-999.0,-999.0,0.0,0.0
2001,6,25,6.5,16.3,26.0,0.0,-999.0,-999.0,-999.0,-999.0,-999.0,0.0,0.0
2001,6,26,6.5,17.3,28.0,0.0,-999.0,-999.0,-999.0,-999.0,-999.0,0.0,0.0
2001,6,27,19.5,23.8,28.0,0.0,-999.0,-999.0,-999.0,-999.0,-999.0,0.0,0.0
2001,6,28,7.5,12.8,18.0,0.0,-999.0,-999.0,-999.0,-999.0,-999.0,0.0,0.0
2001,6,29,3.0,10.6,18.2,4.6,-999.0,-999.0,-999.0,-999.0,-999.0,0.0,0.0
2001,6,30,12.0,17.0,22.0,20.0,-999.0,-999.0,-999.0,-999.0,-999.0,0.0,0.0
2001,7,1,14.5,17.0,19.5,18.7,-999.0,-999.0,-999.0,-999.0,-999.0,0.0,0.0
2001,7,2,6.5,10.5,14.5,0.2,-999.0,-999.0,-999.0,-999.0,-999.0,0.0,0.0
2001,7,3,4.0,10.3,16.5,0.8,-999.0,-999.0,-999.0,-999.0,-999.0,0.0,0.0
2001,7,4,9.5,14.3,19.0,4.6,-999.0,-999.0,-999.0,-999.0,-999.0,0.0,0.0
2001,7,5,11.5,16.3,21.0,1.0,-999.0,-999.0,-999.0,-999.0,-999.0,0.0,0.0
2001,7,6,5.0,9.3,13.5,7.4,-999.0,-999.0,-999.0,-999.0,-999.0,0.0,0.0
2001,7,7,8.0,12.8,17.5,1.4,-999.0,-999.0,-999.0,-999.0,-999.0,0.0,0.0
2001,7,8,12.0,14.5,17.0,1.4,-999.0,-999.0,-999.0,-999.0,-999.0,0.0,0.0
2001,7,9,11.5,18.0,24.5,0.5,-999.0,-999.0,-999.0,-999.0,-999.0,0.0,0.0
2001,7,10,8.0,12.0,16.0,-999.0,-999.0,-999.0,-999.0,-999.0,-999.0,-999.0,0.0
2001,7,11,7.0,13.3,19.5,29.7,-999.0,-999.0,-999.0,-999.0,-999.0,0.0,0.0
2001,7,12,10.0,12.3,14.5,8.8,-999.0,-999.0,-999.0,-999.0,-999.0,0.0,0.0
2001,7,13,11.0,13.6,16.2,17.2,-999.0,-999.0,-999.0,-999.0,-999.0,0.0,0.0
2001,7,14,13.9,16.8,19.6,7.1,-999.0,-999.0,-999.0,-999.0,-999.0,0.0,0.0
2001,7,15,8.5,14.8,21.0,20.9,-999.0,-999.0,-999.0,-999.0,-999.0,0.0,0.0
2001,7,16,11.0,15.3,19.5,12.0,-999.0,-999.0,-999.0,-999.0,-999.0,0.0,0.0
2001,7,17,10.0,13.0,16.0,11.6,-999.0,-999.0,-999.0,-999.0,-999.0,0.0,0.0
2001,7,18,6.0,13.8,21.5,0.0,-999.0,-999.0,-999.0,-999.0,-999.0,0.0,0.0
2001,7,19,6.0,15.5,25.0,0.0,-999.0,-999.0,-999.0,-999.0,-999.0,0.0,0.0
2001,7,20,-999.0,-999.0,-999.0,-999.0,-999.0,-999.0,-999.0,-999.0,-999.0,-999.0,0.0
2001,7,22,17.5,18.8,20.0,2.2,-999.0,-999.0,-999.0,-999.0,-999.0,0.0,0.0
2001,7,23,11.0,18.3,25.5,3.0,-999.0,-999.0,-999.0,-999.0,-999.0,0.0,0.0
2001,7,24,20.0,22.5,25.0,5.5,-999.0,-999.0,-999.0,-999.0,-999.0,0.0,0.0
2001,7,25,13.5,16.0,18.5,0.0,-999.0,-999.0,-999.0,-999.0,-999.0,0.0,0.0
2001,7,26,1.0,7.0,13.0,0.2,-999.0,-999.0,-999.0,-999.0,-999.0,0.0,0.0
2001,7,27,2.5,8.8,15.0,0.4,-999.0,-999.0,-999.0,-999.0,-999.0,0.0,0.0
2001,7,28,2.0,10.8,19.5,0.7,-999.0,-999.0,-999.0,-999.0,-999.0,0.0,0.0
2001,7,29,3.5,13.8,24.0,0.0,-999.0,-999.0,-999.0,-999.0,-999.0,0.0,0.0
2001,7,30,6.0,15.5,25.0,1.4,-999.0,-999.0,-999.0,-999.0,-999.0,0.0,0.0
2001,7,31,4.5,14.8,25.0,0.0,-999.0,-999.0,-999.0,-999.0,-999.0,0.0,0.0
2001,8,1,6.0,15.5,25.0,0.0,-999.0,-999.0,-999.0,-999.0,-999.0,0.0,0.0
2001,8,2,11.0,18.8,26.5,0.0,-999.0,-999.0,-999.0,-999.0,-999.0,0.0,0.0
2001,8,3,15.0,19.3,23.5,0.0,-999.0,-999.0,-999.0,-999.0,-999.0,0.0,0.0
2001,8,4,6.0,15.3,24.5,0.0,-999.0,-999.0,-999.0,-999.0,-999.0,0.0,0.0
2001,8,5,4.5,15.0,25.5,0.3,-999.0,-999.0,-999.0,-999.0,-999.0,0.0,0.0
2001,8,6,12.0,18.8,25.5,2.0,-999.0,-999.0,-999.0,-999.0,-999.0,0.0,0.0
2001,8,7,17.0,21.3,25.5,0.0,-999.0,-999.0,-999.0,-999.0,-999.0,0.0,0.0
2001,8,8,6.0,14.5,23.0,0.4,-999.0,-999.0,-999.0,-999.0,-999.0,0.0,0.0
2001,8,9,11.0,18.8,26.5,1.0,-999.0,-999.0,-999.0,-999.0,-999.0,0.0,0.0
2001,8,10,16.0,19.8,23.5,0.2,-999.0,-999.0,-999.0,-999.0,-999.0,0.0,0.0
2001,8,11,5.5,13.5,21.5,0.2,-999.0,-999.0,-999.0,-999.0,-999.0,0.0,0.0
2001,8,12,2.0,13.3,24.5,0.6,-999.0,-999.0,-999.0,-999.0,-999.0,0.0,0.0
2001,8,13,13.0,18.3,23.5,0.8,-999.0,-999.0,-999.0,-999.0,-999.0,0.0,0.0
2001,8,14,1.5,10.8,20.0,0.2,-999.0,-999.0,-999.0,-999.0,-999.0,0.0,0.0
2001,8,15,1.5,11.8,22.0,0.0,-999.0,-999.0,-999.0,-999.0,-999.0,0.0,0.0
2001,8,16,6.0,15.3,24.5,2.6,-999.0,-999.0,-999.0,-999.0,-999.0,0.0,0.0
2001,8,17,14.0,16.0,18.0,-999.0,-999.0,-999.0,-999.0,-999.0,-999.0,-999.0,0.0
2001,8,18,-999.0,-999.0,-999.0,-999.0,-999.0,-999.0,-999.0,-999.0,-999.0,-999.0,0.0
2001,8,19,-999.0,-999.0,-999.0,1.8,-999.0,-999.0,-999.0,-999.0,-999.0,0.0,0.0
2001,8,20,11.0,14.5,18.0,4.2,-999.0,-999.0,-999.0,-999.0,-999.0,0.0,0.0
2001,8,21,14.0,17.3,20.5,2.0,-999.0,-999.0,-999.0,-999.0,-999.0,0.0,0.0
2001,8,22,13.0,17.8,22.5,0.2,-999.0,-999.0,-999.0,-999.0,-999.0,0.0,0.0
2001,8,23,7.5,13.3,19.0,0.0,-999.0,-999.0,-999.0,-999.0,-999.0,0.0,0.0
2001,8,24,2.0,9.5,17.0,0.2,-999.0,-999.0,-999.0,-999.0,-999.0,-999.0,0.0
2001,8,25,-0.5,9.5,19.5,0.2,-999.0,-999.0,-999.0,-999.0,-999.0,0.0,0.0
2001,8,26,3.5,10.5,17.5,34.4,-999.0,-999.0,-999.0,-999.0,-999.0,0.0,0.0
2001,8,27,12.0,17.5,23.0,0.8,-999.0,-999.0,-999.0,-999.0,-999.0,0.0,0.0
2001,8,28,7.0,12.5,18.0,0.4,-999.0,-999.0,-999.0,-999.0,-999.0,0.0,0.0
2001,8,29,7.5,11.0,14.5,0.2,-999.0,-999.0,-999.0,-999.0,-999.0,0.0,0.0
2001,8,30,0.0,8.0,16.0,1.0,-999.0,-999.0,-999.0,-999.0,-999.0,0.0,0.0
2001,8,31,12.5,15.5,18.5,9.6,-999.0,-999.0,-999.0,-999.0,-999.0,0.0,0.0
2001,9,1,7.5,8.8,10.0,0.6,-999.0,-999.0,-999.0,-999.0,-999.0,0.0,0.0
2001,9,2,-0.5,6.8,14.0,1.4,-999.0,-999.0,-999.0,-999.0,-999.0,0.0,0.0
2001,9,3,4.5,10.3,16.0,4.4,-999.0,-999.0,-999.0,-999.0,-999.0,0.0,0.0
2001,9,4,11.5,15.0,18.5,0.2,-999.0,-999.0,-999.0,-999.0,-999.0,0.0,0.0
2001,9,5,-1.0,6.5,14.0,0.2,-999.0,-999.0,-999.0,-999.0,-999.0,0.0,0.0
2001,9,6,-1.5,7.8,17.0,0.2,-999.0,-999.0,-999.0,-999.0,-999.0,0.0,0.0
2001,9,7,7.5,14.8,22.0,0.2,-999.0,-999.0,-999.0,-999.0,-999.0,0.0,0.0
2001,9,8,13.0,18.8,24.5,0.2,-999.0,-999.0,-999.0,-999.0,-999.0,0.0,0.0
2001,9,9,19.0,22.5,26.0,0.3,-999.0,-999.0,-999.0,-999.0,-999.0,0.0,0.0
2001,9,10,10.5,16.5,22.5,5.0,-999.0,-999.0,-999.0,-999.0,-999.0,0.0,0.0
2001,9,11,9.5,11.5,13.5,0.0,-999.0,-999.0,-999.0,-999.0,-999.0,0.0,0.0
2001,9,12,1.0,8.5,16.0,15.3,-999.0,-999.0,-999.0,-999.0,-999.0,0.0,0.0
2001,9,13,6.5,9.3,12.0,0.4,-999.0,-999.0,-999.0,-999.0,-999.0,0.0,0.0
2001,9,14,-1.5,4.5,10.5,0.2,-999.0,-999.0,-999.0,-999.0,-999.0,0.0,0.0
2001,9,15,-1.0,5.3,11.5,0.2,-999.0,-999.0,-999.0,-999.0,-999.0,0.0,0.0
2001,9,16,5.0,10.0,15.0,0.6,-999.0,-999.0,-999.0,-999.0,-999.0,0.0,0.0
2001,9,17,2.0,9.8,17.5,0.2,-999.0,-999.0,-999.0,-999.0,-999.0,0.0,0.0
2001,9,18,9.0,12.0,15.0,0.2,-999.0,-999.0,-999.0,-999.0,-999.0,0.0,0.0
2001,9,19,-2.5,6.3,15.0,0.8,-999.0,-999.0,-999.0,-999.0,-999.0,0.0,0.0
2001,9,20,3.5,7.8,12.0,20.9,-999.0,-999.0,-999.0,-999.0,-999.0,0.0,0.0
2001,9,21,10.5,13.0,15.5,19.1,-999.0,-999.0,-999.0,-999.0,-999.0,0.0,0.0
2001,9,22,12.0,14.5,17.0,9.7,-999.0,-999.0,-999.0,-999.0,-999.0,0.0,0.0
2001,9,23,10.5,13.5,16.5,2.6,-999.0,-999.0,-999.0,-999.0,-999.0,0.0,0.0
2001,9,24,7.5,13.0,18.5,0.8,-999.0,-999.0,-999.0,-999.0,-999.0,0.0,0.0
2001,9,25,12.0,13.5,15.0,36.1,-999.0,-999.0,-999.0,-999.0,-999.0,0.0,0.0
2001,9,26,11.5,13.5,15.5,0.0,-999.0,-999.0,-999.0,-999.0,-999.0,0.0,0.0
2001,9,27,5.0,8.3,11.5,1.8,-999.0,-999.0,-999.0,-999.0,-999.0,0.0,0.0
2001,9,28,3.0,7.5,12.0,0.4,-999.0,-999.0,-999.0,-999.0,-999.0,0.0,0.0
2001,9,29,-1.5,5.8,13.0,0.4,-999.0,-999.0,-999.0,-999.0,-999.0,0.0,0.0
2001,9,30,-3.0,4.5,12.0,0.3,-999.0,-999.0,-999.0,-999.0,-999.0,0.0,0.0
2001,10,1,-1.0,7.8,16.5,0.0,-999.0,-999.0,-999.0,-999.0,-999.0,0.0,0.0
2001,10,2,8.5,11.8,15.0,0.0,-999.0,-999.0,-999.0,-999.0,-999.0,0.0,0.0
2001,10,3,1.0,6.0,11.0,10.8,-999.0,-999.0,-999.0,-999.0,-999.0,0.0,0.0
2001,10,4,6.5,10.0,13.5,3.3,-999.0,-999.0,-999.0,-999.0,-999.0,0.0,0.0
2001,10,5,4.5,6.5,8.5,35.2,-999.0,-999.0,-999.0,-999.0,-999.0,0.0,0.0
2001,10,6,2.0,5.4,8.7,14.2,-999.0,-999.0,-999.0,-999.0,-999.0,0.0,0.0
2001,10,7,1.0,4.6,8.2,0.7,-999.0,-999.0,-999.0,-999.0,-999.0,0.0,0.0
2001,10,8,-2.5,1.8,6.0,0.4,-999.0,-999.0,-999.0,-999.0,-999.0,0.0,0.0
2001,10,9,-4.0,2.5,9.0,0.6,-999.0,-999.0,-999.0,-999.0,-999.0,0.0,0.0
2001,10,10,3.0,6.5,10.0,0.5,-999.0,-999.0,-999.0,-999.0,-999.0,0.0,0.0
2001,10,11,2.5,9.5,16.5,4.2,-999.0,-999.0,-999.0,-999.0,-999.0,0.0,0.0
2001,10,12,6.5,11.5,16.5,1.8,-999.0,-999.0,-999.0,-999.0,-999.0,0.0,0.0
2001,10,13,6.5,10.5,14.5,0.4,-999.0,-999.0,-999.0,-999.0,-999.0,0.0,0.0
2001,10,14,7.5,12.5,17.5,6.8,-999.0,-999.0,-999.0,-999.0,-999.0,0.0,0.0
2001,10,15,8.0,9.5,11.0,6.0,-999.0,-999.0,-999.0,-999.0,-999.0,0.0,0.0
2001,10,16,2.0,7.0,12.0,1.4,-999.0,-999.0,-999.0,-999.0,-999.0,0.0,0.0
2001,10,17,3.5,5.5,7.5,14.3,-999.0,-999.0,-999.0,-999.0,-999.0,2.0,0.0
2001,10,18,-1.5,-0.3,1.0,1.2,-999.0,-999.0,-999.0,-999.0,-999.0,1.2,3.0
2001,10,19,-4.5,1.5,7.5,0.0,-999.0,-999.0,-999.0,-999.0,-999.0,0.0,0.0
2001,10,20,0.0,4.3,8.5,0.0,-999.0,-999.0,-999.0,-999.0,-999.0,0.0,0.0
2001,10,21,-3.0,4.0,11.0,3.6,-999.0,-999.0,-999.0,-999.0,-999.0,0.0,0.0
2001,10,22,-2.5,0.5,3.5,0.0,-999.0,-999.0,-999.0,-999.0,-999.0,0.0,0.0
2001,10,23,-4.5,3.0,10.5,20.8,-999.0,-999.0,-999.0,-999.0,-999.0,0.0,0.0
2001,10,24,2.0,7.5,13.0,0.8,-999.0,-999.0,-999.0,-999.0,-999.0,0.0,0.0
2001,10,25,6.5,8.8,11.0,15.2,-999.0,-999.0,-999.0,-999.0,-999.0,0.0,0.0
2001,10,26,0.5,1.8,3.0,2.0,-999.0,-999.0,-999.0,-999.0,-999.0,0.8,0.0
2001,10,27,-1.0,1.3,3.5,0.0,-999.0,-999.0,-999.0,-999.0,-999.0,0.0,0.0
2001,10,28,-5.0,-0.8,3.5,0.8,-999.0,-999.0,-999.0,-999.0,-999.0,0.8,0.0
2001,10,29,-7.0,-2.3,2.5,0.2,-999.0,-999.0,-999.0,-999.0,-999.0,0.2,0.0
2001,10,30,-3.5,-0.8,2.0,0.2,-999.0,-999.0,-999.0,-999.0,-999.0,0.2,0.0
2001,10,31,-9.5,-4.5,0.5,0.3,-999.0,-999.0,-999.0,-999.0,-999.0,0.3,0.0
2001,11,1,-4.0,2.0,8.0,7.9,-999.0,-999.0,-999.0,-999.0,-999.0,0.0,0.0
2001,11,2,0.5,5.3,10.0,17.0,-999.0,-999.0,-999.0,-999.0,-999.0,0.0,0.0
2001,11,3,3.0,6.0,9.0,1.4,-999.0,-999.0,-999.0,-999.0,-999.0,0.2,-999.0
2001,11,4,-1.5,1.0,3.5,0.8,-999.0,-999.0,-999.0,-999.0,-999.0,0.8,0.0
2001,11,5,-0.5,2.3,5.0,0.0,-999.0,-999.0,-999.0,-999.0,-999.0,0.0,1.0
2001,11,6,-1.5,1.0,3.5,0.0,-999.0,-999.0,-999.0,-999.0,-999.0,0.0,0.0
2001,11,7,-3.0,0.0,3.0,0.0,-999.0,-999.0,-999.0,-999.0,-999.0,0.0,0.0
2001,11,8,-7.5,-3.0,1.5,17.5,-999.0,-999.0,-999.0,-999.0,-999.0,17.5,0.0
2001,11,9,-5.0,-3.8,-2.5,0.4,-999.0,-999.0,-999.0,-999.0,-999.0,0.4,18.0
2001,11,10,-8.0,-5.3,-2.5,6.5,-999.0,-999.0,-999.0,-999.0,-999.0,6.5,18.0
2001,11,11,-8.5,-6.3,-4.0,1.7,-999.0,-999.0,-999.0,-999.0,-999.0,1.7,22.0
2001,11,12,-11.5,-8.3,-5.0,1.2,-999.0,-999.0,-999.0,-999.0,-999.0,1.2,16.0
2001,11,13,-12.5,-7.0,-1.5,4.0,-999.0,-999.0,-999.0,-999.0,-999.0,4.0,10.0
2001,11,14,-6.5,-1.5,3.5,0.4,-999.0,-999.0,-999.0,-999.0,-999.0,0.0,16.0
2001,11,15,0.5,4.3,8.0,8.9,-999.0,-999.0,-999.0,-999.0,-999.0,0.0,6.0
2001,11,16,-7.5,-3.0,1.5,1.5,-999.0,-999.0,-999.0,-999.0,-999.0,1.5,0.0
2001,11,17,-8.5,-5.3,-2.0,0.0,-999.0,-999.0,-999.0,-999.0,-999.0,0.0,4.0
2001,11,18,-6.0,-1.3,3.5,1.0,-999.0,-999.0,-999.0,-999.0,-999.0,0.0,0.0
2001,11,19,0.5,4.3,8.0,12.8,-999.0,-999.0,-999.0,-999.0,-999.0,0.0,0.0
2001,11,20,-5.5,-2.8,0.0,1.2,-999.0,-999.0,-999.0,-999.0,-999.0,1.2,0.0
2001,11,21,-8.0,-5.5,-3.0,2.0,-999.0,-999.0,-999.0,-999.0,-999.0,2.0,2.0
2001,11,22,-6.0,-3.0,0.0,0.2,-999.0,-999.0,-999.0,-999.0,-999.0,0.2,3.0
2001,11,23,-4.0,-1.5,1.0,0.0,-999.0,-999.0,-999.0,-999.0,-999.0,0.0,0.0
2001,11,24,-9.0,-1.8,5.5,1.4,-999.0,-999.0,-999.0,-999.0,-999.0,0.0,0.0
2001,11,25,-0.5,4.5,9.5,12.7,-999.0,-999.0,-999.0,-999.0,-999.0,0.0,0.0
2001,11,26,6.0,7.0,8.0,0.3,-999.0,-999.0,-999.0,-999.0,-999.0,0.0,0.0
2001,11,27,-6.5,-4.5,-2.5,9.5,-999.0,-999.0,-999.0,-999.0,-999.0,9.5,0.0
2001,11,28,-8.0,-6.8,-5.5,0.0,-999.0,-999.0,-999.0,-999.0,-999.0,0.0,9.0
2001,11,29,-12.0,-9.0,-6.0,18.0,-999.0,-999.0,-999.0,-999.0,-999.0,18.0,8.0
2001,11,30,-9.0,-3.8,1.5,21.4,-999.0,-999.0,-999.0,-999.0,-999.0,0.0,24.0
2001,12,1,0.0,1.5,3.0,7.2,-999.0,-999.0,-999.0,-999.0,-999.0,0.0,13.0
2001,12,2,-1.0,0.3,1.5,0.2,-999.0,-999.0,-999.0,-999.0,-999.0,0.2,6.0
2001,12,3,-3.5,-1.3,1.0,6.8,-999.0,-999.0,-999.0,-999.0,-999.0,6.8,6.0
2001,12,4,-2.0,0.5,3.0,2.2,-999.0,-999.0,-999.0,-999.0,-999.0,1.2,16.0
2001,12,5,-2.0,2.5,7.0,3.2,-999.0,-999.0,-999.0,-999.0,-999.0,0.0,15.0
2001,12,6,0.5,4.8,9.0,3.4,-999.0,-999.0,-999.0,-999.0,-999.0,0.0,16.0
2001,12,7,-6.0,-4.5,-3.0,0.2,-999.0,-999.0,-999.0,-999.0,-999.0,0.2,-999.0
2001,12,8,-13.0,-8.7,-4.3,0.2,-999.0,-999.0,-999.0,-999.0,-999.0,0.2,0.0
2001,12,9,-17.0,-9.5,-2.0,0.0,-999.0,-999.0,-999.0,-999.0,-999.0,0.0,0.0
2001,12,10,-12.5,-6.5,-0.5,0.0,-999.0,-999.0,-999.0,-999.0,-999.0,0.0,1.0
2001,12,11,-6.0,-2.8,0.5,0.0,-999.0,-999.0,-999.0,-999.0,-999.0,0.0,1.0
2001,12,12,-16.5,-9.8,-3.0,2.0,-999.0,-999.0,-999.0,-999.0,-999.0,2.0,1.0
2001,12,13,-6.0,-1.3,3.5,8.7,-999.0,-999.0,-999.0,-999.0,-999.0,2.0,4.0
2001,12,14,-5.5,-2.8,0.0,0.0,-999.0,-999.0,-999.0,-999.0,-999.0,0.0,0.0
2001,12,15,-12.0,-10.0,-8.0,0.0,-999.0,-999.0,-999.0,-999.0,-999.0,0.0,0.0
2001,12,16,-12.0,-7.3,-2.5,0.0,-999.0,-999.0,-999.0,-999.0,-999.0,0.0,0.0
2001,12,17,-16.5,-10.5,-4.5,0.2,-999.0,-999.0,-999.0,-999.0,-999.0,0.2,3.0
2001,12,18,-6.5,-4.8,-3.0,0.7,-999.0,-999.0,-999.0,-999.0,-999.0,0.7,2.0
2001,12,19,-7.5,-6.5,-5.5,0.6,-999.0,-999.0,-999.0,-999.0,-999.0,0.6,3.0
2001,12,20,-8.0,-5.5,-3.0,1.9,-999.0,-999.0,-999.0,-999.0,-999.0,1.9,3.0
2001,12,21,-11.0,-8.8,-6.5,0.8,-999.0,-999.0,-999.0,-999.0,-999.0,0.8,5.0
2001,12,22,-13.0,-10.0,-7.0,0.0,-999.0,-999.0,-999.0,-999.0,-999.0,0.0,5.0
2001,12,23,-19.5,-9.0,1.5,2.2,-999.0,-999.0,-999.0,-999.0,-999.0,2.2,5.0
2001,12,24,-4.0,-3.0,-2.0,6.8,-999.0,-999.0,-999.0,-999.0,-999.0,6.8,7.0
2001,12,25,-12.0,-9.0,-6.0,0.5,-999.0,-999.0,-999.0,-999.0,-999.0,0.5,14.0
2001,12,26,-14.0,-9.8,-5.5,3.4,-999.0,-999.0,-999.0,-999.0,-999.0,3.4,16.0
2001,12,27,-13.0,-9.5,-6.0,5.0,-999.0,-999.0,-999.0,-999.0,-999.0,5.0,18.0
2001,12,28,-13.0,-11.3,-9.5,2.0,-999.0,-999.0,-999.0,-999.0,-999.0,2.0,21.0
2001,12,29,-17.5,-13.5,-9.5,7.2,-999.0,-999.0,-999.0,-999.0,-999.0,7.2,22.0
2001,12,30,-14.5,-13.0,-11.5,1.6,-999.0,-999.0,-999.0,-999.0,-999.0,1.6,24.0
2001,12,31,-19.0,-17.0,-15.0,0.3,-999.0,-999.0,-999.0,-999.0,-999.0,0.3,24.0
2004,1,1,-21.1,-13.9,-6.6,0.0,-14.2,80.8,8.9,242.0,935.7,-999.0,27.0
2004,1,2,-24.1,-16.9,-9.7,0.0,-18.2,84.1,2.4,161.6,939.4,-999.0,26.0
2004,1,3,-9.7,-5.3,-0.9,0.0,-9.9,89.3,6.4,207.3,935.2,-999.0,25.0
2004,1,4,-17.4,-9.4,-1.3,0.0,-19.5,78.4,6.6,254.2,937.7,-999.0,28.0
2004,1,5,-20.8,-14.2,-7.5,0.0,-16.4,74.7,4.7,179.5,932.9,-999.0,28.0
2004,1,6,-21.5,-16.0,-10.5,0.0,-17.0,78.5,9.3,242.5,924.0,-999.0,33.0
2004,1,7,-30.1,-24.2,-18.3,0.0,-27.1,67.4,13.0,299.6,924.4,-999.0,31.0
2004,1,8,-31.7,-28.9,-26.0,0.0,-13.1,81.1,6.3,229.1,938.5,-999.0,27.0
2004,1,9,-31.5,-27.0,-22.5,0.0,-29.3,68.7,9.5,178.3,938.4,-999.0,27.0
2004,1,10,-31.9,-26.2,-20.5,0.0,-32.1,62.8,8.7,169.6,936.2,-999.0,27.0
2004,1,11,-33.8,-26.6,-19.4,0.0,-29.7,75.4,3.8,251.0,931.7,-999.0,27.0
2004,1,12,-30.9,-21.7,-12.5,0.0,-21.0,71.9,2.3,202.0,939.9,-999.0,28.0
2004,1,13,-28.9,-21.7,-14.5,0.0,-21.3,77.4,12.0,276.7,925.9,-999.0,29.0
2004,1,14,-36.1,-33.5,-30.8,0.0,-38.9,57.5,18.1,328.8,925.5,-999.0,27.0
2004,1,15,-35.1,-31.0,-26.8,0.0,-37.8,57.4,15.8,321.2,917.0,-999.0,27.0
2004,1,16,-26.8,-17.9,-9.0,0.0,-22.1,72.7,13.5,307.7,929.3,-999.0,27.0
2004,1,17,-22.8,-15.1,-7.3,0.0,-18.4,73.3,10.2,217.8,932.4,-999.0,27.0
2004,1,18,-18.6,-14.0,-9.3,0.0,-14.9,85.7,4.6,161.4,918.0,-999.0,27.0
2004,1,19,-13.3,-10.1,-6.9,0.0,-12.2,83.6,9.5,203.3,911.0,-999.0,34.0
2004,1,20,-17.5,-14.3,-11.0,0.0,-16.3,74.7,17.0,237.1,919.2,-999.0,27.0
2004,1,21,-26.5,-18.6,-10.6,0.0,-21.7,72.9,6.0,226.1,929.5,-999.0,27.0
2004,1,22,-24.6,-18.4,-12.1,0.0,-19.5,82.8,4.8,209.5,918.5,-999.0,27.0
2004,1,23,-26.5,-21.6,-16.7,0.0,-25.2,71.4,12.7,281.7,914.5,-999.0,32.0
2004,1,24,-31.7,-28.3,-24.9,0.0,-32.9,62.6,15.8,317.1,917.8,-999.0,29.0
2004,1,25,-33.2,-29.3,-25.3,0.0,-34.4,61.2,13.5,313.8,930.3,-999.0,29.0
2004,1,26,-33.8,-27.5,-21.1,0.0,-32.6,59.5,8.8,164.2,941.6,-999.0,29.0
2004,1,27,-31.3,-19.9,-8.5,0.4,-25.5,63.2,6.9,168.7,934.2,-999.0,29.0
2004,1,28,-25.1,-16.3,-7.5,0.4,-19.5,78.8,2.8,207.4,916.6,-999.0,29.0
2004,1,29,-22.4,-18.6,-14.7,0.0,-21.2,77.6,12.8,286.7,910.9,-999.0,28.0
2004,1,30,-23.5,-20.5,-17.5,0.4,-23.8,71.8,9.0,273.8,909.3,-999.0,27.0
2004,1,31,-20.6,-16.2,-11.7,0.4,-19.8,76.3,6.7,287.4,919.3,-999.0,27.0
2004,2,1,-12.1,-7.5,-2.9,0.0,-9.2,85.7,8.7,231.7,938.2,-999.0,27.0
2004,2,2,-19.9,-8.8,2.4,5.0,-11.9,78.5,3.5,205.2,947.0,-999.0,28.0
2004,2,3,-18.3,-7.8,2.8,0.0,-13.3,68.2,3.7,194.3,940.0,-999.0,27.0
2004,2,4,-18.8,-11.0,-3.2,13.2,-9.3,86.5,12.8,255.7,927.7,-999.0,36.0
2004,2,5,-21.1,-17.0,-12.9,0.4,-20.7,71.8,21.7,308.3,941.4,-999.0,48.0
2004,2,6,-22.4,-15.1,-7.7,2.2,-17.1,74.7,4.8,124.3,938.8,-999.0,37.0
2004,2,7,-17.3,-11.7,-6.0,1.6,-12.7,83.0,5.8,197.1,918.1,-999.0,40.0
2004,2,8,-24.3,-18.6,-12.8,0.9,-23.2,68.9,15.9,302.5,928.5,-999.0,40.0
2004,2,9,-14.1,-9.7,-5.3,2.5,-11.9,85.0,10.3,237.5,932.0,-999.0,41.0
2004,2,10,-6.7,-5.5,-4.3,3.3,-7.2,86.2,12.1,253.8,925.5,-999.0,48.0
2004,2,11,-19.0,-12.7,-6.3,1.2,-13.4,81.7,10.0,226.2,926.4,-999.0,50.0
2004,2,12,-21.0,-16.7,-12.4,0.0,-19.8,74.9,9.7,255.4,931.3,-999.0,48.0
2004,2,13,-16.3,-11.6,-6.8,3.4,-13.4,82.7,14.6,245.8,919.9,-999.0,46.0
2004,2,14,-30.5,-18.6,-6.7,3.6,-18.1,74.3,15.8,287.5,920.3,-999.0,55.0
2004,2,15,-34.3,-27.7,-21.0,0.0,-31.8,63.9,11.8,235.4,932.1,-999.0,56.0
2004,2,16,-32.8,-26.2,-19.6,0.4,-27.0,67.8,9.6,249.6,943.6,-999.0,53.0
2004,2,17,-34.4,-22.9,-11.3,-999.0,-26.4,65.2,3.5,211.6,948.4,-999.0,51.0
2004,2,18,-21.0,-12.8,-4.6,0.0,-16.5,75.4,4.1,194.5,938.7,-999.0,49.0
2004,2,19,-22.4,-12.2,-2.0,0.0,-15.7,72.7,6.0,166.5,928.6,-999.0,48.0
2004,2,20,-18.8,-9.5,-0.1,0.0,-13.3,69.8,5.9,164.1,930.9,-999.0,48.0
2004,2,21,-9.4,-8.0,-6.6,5.5,-10.4,79.9,7.3,113.8,923.8,-999.0,47.0
2004,2,22,-8.0,-4.8,-1.6,4.9,-8.0,84.9,4.5,167.9,929.9,-999.0,53.0
2004,2,23,-12.8,-9.3,-5.7,0.0,-12.0,78.0,8.9,243.8,936.0,-999.0,56.0
2004,2,24,-13.9,-8.0,-2.1,0.0,-13.9,68.3,8.9,259.2,933.2,-999.0,54.0
2004,2,25,-16.7,-10.3,-3.8,0.4,-15.6,63.7,10.0,248.3,935.4,-999.0,53.0
2004,2,26,-21.3,-14.2,-7.1,0.0,-22.0,51.9,10.7,182.5,943.6,-999.0,52.0
2004,2,27,-18.2,-10.0,-1.8,0.0,-21.7,35.7,9.7,211.7,943.6,-999.0,51.0
2004,2,28,-14.1,-6.6,0.9,0.0,-14.4,51.3,5.9,212.7,939.6,-999.0,50.0
2004,2,29,-10.6,-3.9,2.8,0.0,-7.1,77.8,4.1,177.5,936.1,-999.0,49.0
2004,3,1,-8.9,-4.6,-0.2,0.4,-5.1,84.7,4.9,233.9,940.5,-999.0,48.0
2004,3,2,-4.5,-0.5,3.5,9.9,-1.2,94.0,6.0,200.0,929.2,-999.0,52.0
2004,3,3,-7.1,-2.8,1.6,0.4,-5.9,81.0,14.9,307.9,933.9,-999.0,49.0
2004,3,4,-16.4,-9.1,-1.7,0.8,-9.4,83.9,7.2,234.8,937.2,-999.0,49.0
2004,3,5,-16.2,-9.3,-2.3,16.4,-8.6,90.8,5.0,167.5,934.8,-999.0,48.0
2004,3,6,-7.9,-3.5,0.9,4.2,-3.7,93.2,7.9,262.1,915.9,-999.0,60.0
2004,3,7,-12.8,-7.5,-2.2,0.4,-10.5,78.7,7.9,267.1,927.5,-999.0,57.0
2004,3,8,-16.8,-11.0,-5.2,0.0,-12.6,77.4,6.1,102.5,931.5,-999.0,56.0
2004,3,9,-22.2,-12.2,-2.1,0.0,-14.5,76.8,4.5,228.1,936.7,-999.0,56.0
2004,3,10,-22.7,-11.8,-0.9,0.0,-14.6,76.4,5.4,245.0,944.4,-999.0,56.0
2004,3,11,-19.4,-6.0,7.5,0.0,-12.1,68.8,3.8,195.0,937.0,-999.0,55.0
2004,3,12,-11.8,-4.8,2.2,0.6,-7.8,78.5,5.8,226.5,921.5,-999.0,54.0
2004,3,13,-14.7,-9.0,-3.2,0.0,-13.8,70.2,18.0,335.0,931.8,-999.0,54.0
2004,3,14,-17.0,-9.2,-1.4,-999.0,-18.6,49.2,7.9,170.0,940.1,-999.0,54.0
2004,3,15,-14.3,-7.9,-1.5,-999.0,-6.9,85.9,16.2,252.1,928.3,-999.0,60.0
2004,3,16,-20.1,-14.7,-9.3,0.0,-21.1,58.0,10.8,202.6,940.8,-999.0,59.0
2004,3,17,-23.1,-16.2,-9.2,0.0,-21.9,54.9,9.6,89.6,938.7,-999.0,58.0
2004,3,18,-26.5,-16.1,-5.7,0.0,-23.3,60.0,4.2,220.5,938.5,-999.0,57.0
2004,3,19,-24.6,-13.0,-1.3,0.0,-18.2,66.5,4.3,215.6,944.1,-999.0,57.0
2004,3,20,-22.1,-12.8,-3.4,5.6,-13.1,80.3,6.7,181.3,936.9,-999.0,57.0
2004,3,21,-16.1,-8.5,-0.9,1.5,-7.4,85.1,8.7,236.7,920.3,-999.0,63.0
2004,3,22,-22.9,-19.3,-15.6,0.0,-23.4,64.2,14.5,251.2,928.7,-999.0,63.0
2004,3,23,-29.1,-18.2,-7.3,1.8,-18.7,76.2,7.3,200.9,935.8,-999.0,60.0
2004,3,24,-20.9,-12.5,-4.0,0.0,-16.7,68.2,5.5,219.6,945.6,-999.0,60.0
2004,3,25,-8.8,-2.8,3.2,2.1,-3.3,87.2,5.2,205.4,947.9,-999.0,60.0
2004,3,26,1.8,4.8,7.8,19.1,4.0,99.9,4.7,215.7,944.5,-999.0,57.0
2004,3,27,-3.4,1.1,5.5,0.0,0.4,81.3,9.9,74.2,945.3,-999.0,48.0
2004,3,28,-8.6,0.4,9.3,0.0,-9.8,57.6,4.6,176.2,953.1,-999.0,40.0
2004,3,29,-10.7,-0.3,10.1,0.4,-8.5,63.1,5.7,222.0,948.6,-999.0,38.0
2004,3,30,-8.5,2.3,13.0,0.0,-8.3,60.1,5.2,210.0,941.5,-999.0,32.0
2004,3,31,-8.5,2.0,12.5,0.0,-4.9,63.2,5.3,221.3,936.6,-999.0,30.0
2004,4,1,0.5,1.9,3.3,0.0,-2.1,75.9,7.9,73.3,939.4,-999.0,28.0
2004,4,2,0.2,3.6,6.9,1.9,-4.1,62.8,8.8,67.5,936.3,-999.0,27.0
2004,4,3,-0.3,1.2,2.7,0.0,-0.3,93.5,3.3,152.4,925.4,-999.0,25.0
2004,4,4,-8.5,-2.6,3.3,0.9,-2.8,85.5,7.2,132.0,918.0,-999.0,23.0
2004,4,5,-10.8,-9.0,-7.2,1.6,-12.6,74.0,16.2,268.8,916.2,-999.0,23.0
2004,4,6,-10.6,-6.1,-1.5,0.0,-10.5,71.3,14.8,274.2,920.9,-999.0,23.0
2004,4,7,-8.0,-3.3,1.4,0.0,-7.3,68.8,7.9,232.2,921.2,-999.0,22.0
2004,4,8,-6.6,-1.6,3.5,0.0,-11.4,48.8,10.8,260.4,921.0,-999.0,22.0
2004,4,9,-11.0,-4.3,2.5,0.0,-9.4,67.4,9.6,272.9,924.8,-999.0,22.0
2004,4,10,-9.5,-6.6,-3.7,0.4,-10.9,71.8,11.7,301.7,928.5,-999.0,22.0
2004,4,11,-9.4,-5.1,-0.7,0.0,-8.2,73.3,7.2,249.5,936.8,-999.0,21.0
2004,4,12,-7.7,-2.9,1.9,0.0,-8.3,70.1,4.0,280.0,944.9,-999.0,20.0
2004,4,13,-7.9,-3.3,1.3,20.7,-4.2,82.8,9.0,178.3,939.4,-999.0,21.0
2004,4,14,-2.2,0.3,2.7,7.2,-1.4,85.5,6.8,263.5,928.5,-999.0,19.0
2004,4,15,-6.3,-2.6,1.2,0.0,-9.6,58.5,11.2,195.0,939.0,-999.0,18.0
2004,4,16,-10.8,-0.9,9.0,0.0,-10.3,55.3,5.2,185.2,944.2,-999.0,18.0
2004,4,17,-6.1,1.8,9.6,5.7,-3.7,77.1,6.2,264.5,938.9,-999.0,13.0
2004,4,18,-2.1,3.8,9.6,6.6,-5.6,59.0,8.5,303.9,945.4,-999.0,12.0
2004,4,19,-0.3,5.4,11.0,27.1,6.1,96.3,12.0,228.3,926.0,-999.0,9.0
2004,4,20,-7.8,-2.3,3.3,0.0,-5.9,72.2,17.2,322.5,935.9,-999.0,1.0
2004,4,21,-8.9,-1.1,6.8,0.0,-5.2,66.1,8.0,192.3,937.8,-999.0,1.0
2004,4,22,-5.9,1.3,8.4,9.8,2.5,90.2,11.2,266.2,933.3,-999.0,1.0
2004,4,23,-7.9,-0.5,6.9,0.0,-10.8,54.8,6.7,196.2,940.9,-999.0,1.0
2004,4,24,-11.9,-5.5,1.0,1.7,-10.0,67.7,15.5,270.0,935.9,-999.0,1.0
2004,4,25,-13.7,-4.1,5.6,0.4,-16.2,40.2,6.8,194.6,943.8,-999.0,1.0
2004,4,26,-2.0,1.1,4.2,3.2,1.1,98.8,5.2,150.4,930.6,-999.0,1.0
2004,4,27,-1.1,3.7,8.4,3.3,1.3,90.2,5.7,209.6,923.9,-999.0,1.0
2004,4,28,-7.3,-2.5,2.4,0.0,-6.4,74.3,10.2,282.9,932.3,-999.0,1.0
2004,4,29,-6.7,4.5,15.6,0.0,-0.3,63.8,10.4,227.8,936.5,-999.0,1.0
2004,4,30,2.8,11.0,19.2,0.0,5.6,70.8,6.3,232.9,938.9,-999.0,1.0
2004,5,1,3.0,11.2,18.5,-999.0,7.1,79.2,5.8,206.5,937.1,-999.0,-999.0
2004,5,2,7.8,13.7,19.2,-999.0,11.7,88.8,6.7,202.6,932.4,-999.0,-999.0
2004,5,3,3.2,7.6,12.7,-999.0,7.3,98.2,6.5,209.5,930.7,-999.0,-999.0
2004,5,4,-2.5,-0.4,3.5,-999.0,-2.2,88.0,9.2,262.2,927.1,-999.0,-999.0
2004,5,5,-3.9,1.9,4.6,-999.0,0.0,87.8,6.3,249.2,931.5,-999.0,-999.0
2004,5,6,-3.0,3.2,7.4,-999.0,2.2,93.7,7.8,247.7,932.9,-999.0,-999.0
2004,5,7,-3.0,1.4,6.7,-999.0,-6.2,59.7,17.5,302.5,934.9,-999.0,-999.0
2004,5,8,-6.6,0.1,7.4,-999.0,-10.9,46.5,15.4,291.7,942.7,-999.0,-999.0
2004,5,9,-5.2,3.6,11.9,-999.0,-7.1,53.8,12.2,249.6,938.9,-999.0,-999.0
2004,5,10,-5.5,5.7,16.5,-999.0,0.0,73.8,6.2,185.5,938.7,-999.0,-999.0
2004,5,11,-1.4,7.2,11.1,-999.0,0.8,68.8,12.3,273.5,937.7,-999.0,-999.0
2004,5,12,-2.7,5.4,9.6,-999.0,-3.3,55.3,7.3,256.2,942.8,-999.0,-999.0
2004,5,13,0.5,3.0,4.9,-999.0,0.2,83.2,3.6,150.5,945.9,-999.0,-999.0
2004,5,14,3.7,13.5,22.1,-999.0,11.5,89.5,6.1,232.5,940.4,-999.0,-999.0
2004,5,15,3.0,12.5,16.5,-999.0,10.7,89.0,10.3,231.7,936.9,-999.0,-999.0
2004,5,16,-0.4,6.0,13.8,-999.0,0.6,71.5,5.8,202.1,944.5,-999.0,-999.0
2004,5,17,-1.6,8.8,16.3,-999.0,1.4,64.7,7.2,215.5,946.2,-999.0,-999.0
2004,5,18,5.3,11.5,14.5,-999.0,9.3,87.4,11.5,233.8,934.4,-999.0,-999.0
2004,5,19,-0.1,8.3,15.8,-999.0,0.4,61.6,10.4,269.1,940.0,-999.0,-999.0
2004,5,20,-1.5,10.2,17.0,-999.0,3.3,67.5,10.6,215.9,939.5,-999.0,-999.0
2004,5,21,-2.5,5.8,10.8,-999.0,-0.6,68.0,13.1,319.2,937.4,-999.0,-999.0
2004,5,22,-3.4,6.5,15.1,-999.0,-3.4,58.0,5.3,269.5,937.1,-999.0,-999.0
2004,5,23,0.9,8.3,15.3,-999.0,-2.4,53.2,7.1,273.3,934.6,-999.0,-999.0
2004,5,24,2.8,5.9,9.7,-999.0,-1.9,61.4,9.5,101.2,936.0,-999.0,-999.0
2004,5,25,3.0,5.0,6.4,-999.0,3.7,91.4,10.0,107.5,936.1,-999.0,-999.0
2004,5,26,4.9,6.2,7.3,-999.0,6.2,99.8,5.9,175.9,929.3,-999.0,-999.0
2004,5,27,3.9,10.3,17.3,-999.0,5.5,76.2,5.5,196.7,927.7,-999.0,-999.0
2004,5,28,2.8,7.6,11.8,-999.0,6.8,94.8,7.1,208.3,923.1,-999.0,-999.0
2004,5,29,-1.7,1.0,3.8,-999.0,-1.9,81.5,15.5,299.6,928.2,-999.0,-999.0
2004,5,30,0.8,4.6,9.7,-999.0,-1.7,64.8,16.5,293.8,931.9,-999.0,-999.0
2004,5,31,-1.8,6.4,12.9,-999.0,0.7,69.2,5.0,186.1,932.2,-999.0,-999.0
2004,6,1,-0.4,4.3,8.6,-999.0,2.6,89.3,10.1,180.8,928.6,-999.0,-999.0
2004,6,2,3.5,5.1,6.7,-999.0,4.5,96.0,7.3,127.0,928.4,-999.0,-999.0
2004,6,3,5.1,6.5,9.2,-999.0,4.9,89.8,7.8,257.4,934.0,-999.0,-999.0
2004,6,4,-1.6,7.1,13.2,-999.0,1.3,71.2,10.6,280.0,941.1,-999.0,-999.0
2004,6,5,-3.3,8.8,18.8,-999.0,-0.7,60.2,4.7,238.5,943.8,-999.0,-999.0
2004,6,6,-0.6,10.9,18.4,-999.0,3.7,65.2,7.8,222.9,941.3,-999.0,-999.0
2004,6,7,4.2,11.7,18.7,-999.0,6.9,75.7,8.4,250.4,937.8,-999.0,-999.0
2004,6,8,2.3,14.1,21.2,-999.0,11.7,86.5,8.6,210.5,936.6,-999.0,-999.0
2004,6,9,5.8,16.5,21.0,-999.0,8.9,63.2,15.9,292.1,932.1,-999.0,-999.0
2004,6,10,2.3,7.3,12.8,-999.0,-2.9,51.6,13.8,280.0,934.2,-999.0,-999.0
2004,6,11,2.1,7.0,12.2,-999.0,-2.7,52.6,15.0,301.7,935.0,-999.0,-999.0
2004,6,12,-2.1,9.4,18.3,-999.0,0.1,58.1,7.2,226.2,940.6,-999.0,-999.0
2004,6,13,-0.8,11.5,19.4,-999.0,3.0,62.2,8.2,238.6,939.8,-999.0,-999.0
2004,6,14,6.8,12.7,15.5,-999.0,11.7,93.8,6.2,205.5,933.0,-999.0,-999.0
2004,6,15,9.7,14.5,20.8,-999.0,11.9,85.0,11.0,257.1,933.0,-999.0,-999.0
2004,6,16,5.3,12.4,18.5,-999.0,2.9,56.5,11.6,307.5,940.1,-999.0,-999.0
2004,6,17,6.5,15.9,23.2,-999.0,8.1,65.0,8.0,264.5,937.7,-999.0,-999.0
2004,6,18,8.2,13.2,17.2,-999.0,9.0,77.4,5.5,196.2,937.2,-999.0,-999.0
2004,6,19,4.5,11.1,16.5,-999.0,7.4,79.1,10.8,266.1,927.8,-999.0,-999.0
2004,6,20,2.7,8.6,14.5,-999.0,2.9,69.1,16.9,299.2,929.4,-999.0,-999.0
2004,6,21,8.5,11.5,14.5,-999.0,8.9,84.8,11.6,277.9,930.2,-999.0,-999.0
2004,6,22,6.0,12.1,17.6,-999.0,9.9,88.2,4.7,179.5,929.8,-999.0,-999.0
2004,6,23,5.9,13.3,18.9,-999.0,9.6,80.2,7.8,277.0,931.9,-999.0,-999.0
2004,6,24,2.9,13.4,20.1,-999.0,9.1,77.7,7.9,205.8,936.8,-999.0,-999.0
2004,6,25,2.9,10.4,15.0,-999.0,5.7,75.0,9.8,239.2,937.1,-999.0,-999.0
2004,6,26,1.8,8.6,14.8,-999.0,5.5,83.4,6.8,237.7,932.2,-999.0,-999.0
2004,6,27,4.0,8.2,12.1,-999.0,6.6,90.2,10.0,242.7,930.5,-999.0,-999.0
2004,6,28,0.1,8.5,15.0,-999.0,4.8,79.8,9.8,244.3,935.0,-999.0,-999.0
2004,6,29,-0.2,10.2,18.5,-999.0,6.1,79.5,5.2,194.0,936.5,-999.0,-999.0
2004,6,30,5.1,11.5,16.1,-999.0,9.2,87.0,4.5,231.0,938.5,-999.0,-999.0
2004,7,1,3.2,12.0,19.7,-999.0,9.1,84.6,5.9,185.8,939.7,-999.0,-999.0
2004,7,2,9.0,12.9,16.3,-999.0,10.5,86.6,5.7,238.1,935.7,-999.0,-999.0
2004,7,3,6.5,13.5,20.4,-999.0,10.3,82.7,6.1,246.5,938.0,-999.0,-999.0
2004,7,4,6.5,15.8,22.7,-999.0,9.7,72.4,5.9,205.3,938.1,-999.0,-999.0
2004,7,5,12.6,15.9,18.1,-999.0,15.1,95.4,6.9,197.8,931.2,-999.0,-999.0
2004,7,6,8.8,14.1,19.6,-999.0,8.8,73.4,8.5,255.2,933.9,-999.0,-999.0
2004,7,7,3.3,14.2,21.6,-999.0,7.1,67.7,4.7,204.7,935.1,-999.0,-999.0
2004,7,8,12.1,13.9,15.7,-999.0,13.6,97.5,2.5,191.1,932.9,-999.0,-999.0
2004,7,9,13.1,15.2,20.4,-999.0,14.3,94.5,3.0,188.9,934.1,-999.0,-999.0
2004,7,10,9.3,12.9,15.4,-999.0,11.2,89.9,4.5,113.3,938.7,-999.0,-999.0
2004,7,11,6.1,15.6,23.4,-999.0,9.8,73.7,5.8,210.5,942.0,-999.0,-999.0
2004,7,12,6.8,16.5,23.1,-999.0,10.7,73.4,5.3,194.7,940.3,-999.0,-999.0
2004,7,13,12.8,18.0,21.1,-999.0,14.9,83.4,7.5,210.8,935.6,-999.0,-999.0
2004,7,14,14.2,16.7,18.8,-999.0,14.0,83.9,7.3,168.3,931.1,-999.0,-999.0
2004,7,15,14.5,15.0,15.6,-999.0,14.3,95.8,4.4,137.4,925.4,-999.0,-999.0
2004,7,16,13.3,15.9,19.9,-999.0,15.0,94.3,4.4,190.0,925.7,-999.0,-999.0
2004,7,17,9.7,17.1,23.1,-999.0,12.7,78.0,5.9,230.8,932.8,-999.0,-999.0
2004,7,18,7.3,16.6,23.6,-999.0,12.3,78.8,4.8,230.0,939.0,-999.0,-999.0
2004,7,19,13.8,16.9,21.2,-999.0,15.2,90.4,3.2,219.5,933.6,-999.0,-999.0
2004,7,20,10.9,16.3,22.0,-999.0,14.7,90.9,4.8,214.3,932.8,-999.0,-999.0
2004,7,21,10.0,17.0,23.1,-999.0,13.7,82.9,5.9,235.7,936.0,-999.0,-999.0
2004,7,22,11.9,19.1,24.8,-999.0,16.6,86.7,7.3,188.7,933.2,-999.0,-999.0
2004,7,23,9.4,15.1,19.8,-999.0,13.2,88.6,9.3,236.7,934.3,-999.0,-999.0
2004,7,24,4.3,11.6,17.2,-999.0,3.9,62.9,7.8,200.5,946.1,-999.0,-999.0
2004,7,25,4.3,11.5,18.6,-999.0,6.1,73.9,4.9,259.0,948.3,-999.0,-999.0
2004,7,26,2.8,13.4,21.5,-999.0,7.4,72.0,6.3,256.0,943.7,-999.0,-999.0
2004,7,27,5.6,14.3,21.0,-999.0,10.3,79.8,3.6,210.5,942.2,-999.0,-999.0
2004,7,28,7.2,16.2,23.3,-999.0,11.8,78.6,4.5,203.3,938.6,-999.0,-999.0
2004,7,29,14.0,18.5,24.2,-999.0,14.0,77.7,7.6,257.7,938.4,-999.0,-999.0
2004,7,30,11.0,18.2,24.0,-999.0,14.0,79.0,6.2,242.0,940.5,-999.0,-999.0
2004,7,31,16.0,18.4,20.3,-999.0,17.6,95.5,6.4,228.8,935.4,-999.0,-999.0
2004,8,1,8.8,18.0,21.7,-999.0,13.9,78.8,10.4,270.4,935.4,-999.0,-999.0
2004,8,2,6.1,15.2,21.7,-999.0,13.0,88.1,6.9,240.4,935.7,-999.0,-999.0
2004,8,3,8.2,16.8,21.8,-999.0,12.7,79.0,8.6,277.3,931.3,-999.0,-999.0
2004,8,4,3.4,11.6,18.5,-999.0,7.1,76.8,6.0,287.7,930.6,-999.0,-999.0
2004,8,5,7.2,10.4,14.1,-999.0,7.0,80.0,7.2,277.1,931.5,-999.0,-999.0
2004,8,6,7.2,10.6,13.9,-999.0,7.7,83.4,4.3,206.4,934.0,-999.0,-999.0
2004,8,7,4.0,11.5,16.6,-999.0,7.6,79.2,4.9,178.1,934.5,-999.0,-999.0
2004,8,8,5.1,10.5,16.0,-999.0,8.2,86.7,4.5,269.5,934.1,-999.0,-999.0
2004,8,9,8.6,14.4,21.1,-999.0,9.8,76.1,10.4,313.5,935.4,-999.0,-999.0
2004,8,10,6.7,14.3,19.6,-999.0,11.7,85.4,4.7,191.5,935.1,-999.0,-999.0
2004,8,11,12.6,16.5,21.3,-999.0,14.4,88.5,6.9,230.0,933.2,-999.0,-999.0
2004,8,12,12.4,14.6,17.2,-999.0,13.1,91.2,4.0,216.4,938.7,-999.0,-999.0
2004,8,13,11.9,14.8,17.7,-999.0,14.0,95.2,1.3,217.7,937.9,-999.0,-999.0
2004,8,14,6.9,14.2,17.6,-999.0,11.6,84.7,7.5,269.5,939.5,-999.0,-999.0
2004,8,15,2.9,11.3,19.0,-999.0,5.8,74.5,4.5,250.5,947.0,-999.0,-999.0
2004,8,16,4.9,12.9,20.3,-999.0,7.0,72.7,4.2,277.4,944.6,-999.0,-999.0
2004,8,17,4.5,13.7,21.4,-999.0,8.5,74.9,5.2,270.0,939.7,-999.0,-999.0
2004,8,18,5.2,13.0,17.8,-999.0,11.2,90.0,5.5,253.5,935.9,-999.0,-999.0
2004,8,19,6.4,15.0,18.6,-999.0,13.7,92.6,8.0,216.2,931.9,-999.0,-999.0
2004,8,20,1.0,9.9,17.1,-999.0,5.5,77.5,7.3,232.4,934.6,-999.0,-999.0
2004,8,21,7.4,11.9,14.9,-999.0,7.7,76.5,7.6,268.2,931.8,-999.0,-999.0
2004,8,22,0.0,9.6,15.6,-999.0,4.9,74.4,6.2,216.2,936.4,-999.0,-999.0
2004,8,23,7.0,11.0,15.1,-999.0,8.5,85.0,11.8,273.8,933.4,-999.0,-999.0
2004,8,24,1.8,8.7,15.0,-999.0,3.7,72.0,9.0,247.5,944.1,-999.0,-999.0
2004,8,25,-1.3,9.3,19.3,-999.0,4.4,76.0,4.1,211.1,947.5,-999.0,-999.0
2004,8,26,6.4,15.7,19.2,-999.0,14.2,90.8,6.4,229.2,943.9,-999.0,-999.0
2004,8,27,16.3,17.5,19.5,-999.0,16.9,96.0,6.6,225.8,937.9,-999.0,-999.0
2004,8,28,13.9,19.0,22.5,-999.0,14.8,77.5,9.9,272.1,934.2,-999.0,-999.0
2004,8,29,10.9,13.1,15.1,-999.0,11.6,90.9,3.8,168.6,937.8,-999.0,-999.0
2004,8,30,12.3,13.8,15.4,-999.0,13.1,95.8,3.8,160.0,939.3,-999.0,-999.0
2004,8,31,11.0,13.6,16.8,-999.0,11.4,87.7,5.8,242.5,936.8,-999.0,-999.0
2004,9,1,3.4,8.5,13.6,0.4,6.1,78.9,10.8,280.0,939.7,-999.0,-999.0
2004,9,2,-1.3,6.2,13.6,0.0,1.6,73.9,5.4,219.0,945.5,-999.0,-999.0
2004,9,3,6.0,11.1,16.1,8.6,9.7,91.9,8.4,227.5,938.8,-999.0,-999.0
2004,9,4,3.5,10.0,13.8,-999.0,6.2,78.8,5.0,123.2,944.6,-999.0,-999.0
2004,9,5,1.8,8.2,15.6,-999.0,4.4,80.2,4.3,226.8,949.6,-999.0,-999.0
2004,9,6,7.3,12.0,16.6,0.0,12.0,93.0,5.7,198.6,944.7,-999.0,-999.0
2004,9,7,9.0,13.0,16.9,11.0,12.9,93.6,9.3,232.5,937.9,-999.0,-999.0
2004,9,8,4.2,10.0,15.7,0.2,6.0,77.3,6.1,240.4,945.4,-999.0,-999.0
2004,9,9,4.5,8.3,12.0,55.0,7.2,91.9,6.3,176.2,941.4,-999.0,-999.0
2004,9,10,0.8,8.6,16.3,8.0,8.0,85.8,8.8,190.0,937.4,-999.0,-999.0
2004,9,11,-0.9,8.7,18.3,0.0,3.6,74.8,4.6,234.7,945.2,-999.0,-999.0
2004,9,12,4.1,10.8,17.4,3.2,9.6,84.2,10.1,248.3,940.0,-999.0,-999.0
2004,9,13,-1.8,6.1,14.0,0.2,-0.6,66.6,10.5,332.6,944.6,-999.0,-999.0
2004,9,14,-2.4,7.2,16.7,0.0,1.6,72.8,5.0,221.1,947.4,-999.0,-999.0
2004,9,15,3.9,10.3,16.6,0.0,11.2,95.2,7.9,216.7,943.4,-999.0,-999.0
2004,9,16,13.6,16.2,18.7,1.8,14.1,89.4,5.9,225.8,937.3,-999.0,-999.0
2004,9,17,4.5,10.1,15.7,0.0,8.5,76.8,10.6,280.0,933.4,-999.0,-999.0
2004,9,18,3.5,6.4,9.3,0.2,0.9,74.3,7.4,251.7,938.4,-999.0,-999.0
2004,9,19,-1.8,4.2,10.1,0.0,2.3,78.8,9.6,266.1,944.3,-999.0,-999.0
2004,9,20,-3.0,5.4,13.7,0.0,1.3,78.8,4.0,214.1,945.3,-999.0,-999.0
2004,9,21,0.3,6.0,11.6,0.0,3.9,80.2,2.5,200.5,942.5,-999.0,-999.0
2004,9,22,5.4,12.0,18.5,0.4,10.4,88.9,9.1,279.1,939.1,-999.0,-999.0
2004,9,23,2.6,10.3,18.0,0.0,3.5,69.9,5.2,228.2,944.6,-999.0,-999.0
2004,9,24,3.0,12.2,21.3,0.0,8.8,85.3,4.6,255.0,943.8,-999.0,-999.0
2004,9,25,7.0,12.4,17.7,0.0,11.0,85.1,9.7,226.2,935.4,-999.0,-999.0
2004,9,26,2.9,9.6,16.3,0.0,3.6,69.2,8.7,230.0,937.9,-999.0,-999.0
2004,9,27,1.3,9.5,17.6,0.0,7.8,85.3,6.1,239.0,938.2,-999.0,-999.0
2004,9,28,-2.3,4.6,11.5,1.8,5.4,90.5,4.7,232.4,936.0,-999.0,-999.0
2004,9,29,-3.8,6.2,16.2,0.2,0.8,80.3,3.9,250.5,938.3,-999.0,-999.0
2004,9,30,-2.9,7.8,18.5,0.0,1.3,74.9,3.3,234.4,938.2,-999.0,-999.0
2004,10,1,-1.3,8.3,17.9,0.0,2.1,75.3,3.9,242.1,942.6,-999.0,-999.0
2004,10,2,-1.5,6.6,14.7,18.4,5.7,87.9,8.6,200.4,938.5,-999.0,-999.0
2004,10,3,-2.6,3.4,9.3,0.0,-0.3,82.4,6.2,227.5,940.5,-999.0,-999.0
2004,10,4,-2.1,4.9,11.8,5.8,0.6,84.5,7.0,231.3,934.4,-999.0,-999.0
2004,10,5,-5.1,-2.4,0.3,0.0,-5.4,79.1,6.9,310.0,942.1,-999.0,-999.0
2004,10,6,-3.3,1.2,5.6,1.6,0.1,93.6,6.5,221.4,941.6,-999.0,-999.0
2004,10,7,-2.4,6.2,14.8,0.0,3.3,88.2,4.5,178.9,945.4,-999.0,-999.0
2004,10,8,1.0,9.9,18.7,0.0,6.8,81.8,5.8,232.5,944.2,-999.0,-999.0
2004,10,9,6.9,11.5,16.0,1.9,9.2,82.6,9.2,222.5,934.7,-999.0,-999.0
2004,10,10,4.0,6.4,8.8,0.0,4.6,86.3,9.6,236.2,935.0,-999.0,-999.0
2004,10,11,2.0,4.9,7.7,0.0,2.1,83.0,9.3,134.2,939.7,-999.0,-999.0
2004,10,12,3.5,6.1,8.6,0.0,-0.2,67.7,8.2,186.2,928.6,-999.0,-999.0
2004,10,13,-2.4,6.8,16.0,0.8,-0.7,63.8,6.2,270.5,925.6,-999.0,-999.0
2004,10,14,-3.3,6.8,16.9,0.4,0.1,77.5,3.7,227.1,928.5,-999.0,-999.0
2004,10,15,1.4,5.7,9.9,19.0,5.6,90.5,5.5,208.3,927.6,-999.0,-999.0
2004,10,16,8.0,9.4,10.7,46.7,7.7,94.5,7.7,186.7,915.8,-999.0,-999.0
2004,10,17,0.1,2.5,4.9,14.2,2.1,94.4,6.3,188.3,921.2,-999.0,-999.0
2004,10,18,-0.5,1.7,3.8,2.9,0.4,92.5,6.8,253.3,932.4,-999.0,-999.0
2004,10,19,-5.9,-0.6,4.8,0.9,-3.1,80.4,5.8,139.1,944.2,-999.0,-999.0
2004,10,20,-7.8,-0.2,7.5,0.4,-6.2,75.4,3.0,189.5,945.1,-999.0,-999.0
2004,10,21,-7.7,-0.5,6.7,0.5,-5.3,76.9,4.4,230.0,946.1,-999.0,-999.0
2004,10,22,-0.3,1.8,3.9,0.0,-0.3,86.0,4.2,96.8,949.1,-999.0,-999.0
2004,10,23,-3.9,3.0,9.8,0.5,-2.3,74.9,5.3,162.5,945.9,-999.0,-999.0
2004,10,24,-4.7,3.1,10.9,0.8,-2.7,80.3,3.9,231.7,940.0,-999.0,-999.0
2004,10,25,-2.2,3.6,9.4,0.4,-0.8,81.9,4.2,143.2,939.6,-999.0,-999.0
2004,10,26,0.8,6.7,12.6,0.0,1.1,75.9,6.6,217.8,940.4,-999.0,-999.0
2004,10,27,-0.1,2.9,4.9,-999.0,-1.4,75.2,8.9,255.0,943.7,-999.0,-999.0
2004,10,28,-999.0,0.2,-999.0,-999.0,-5.8,67.4,4.4,236.8,945.0,-999.0,-999.0
2004,10,29,-9.1,-0.9,7.3,0.0,-7.1,75.3,2.9,287.4,937.7,-999.0,-999.0
2004,10,30,-9.0,0.9,10.7,8.5,-3.0,75.9,4.0,192.0,929.2,-999.0,-999.0
2004,10,31,3.0,6.5,9.9,14.0,5.8,92.7,12.5,257.9,919.4,-999.0,-999.0
2004,11,1,-0.3,2.2,4.7,-999.0,1.4,91.8,4.0,233.7,933.8,-999.0,-999.0
2004,11,2,-1.2,-0.5,0.3,-999.0,-1.4,94.7,3.9,151.5,936.9,-999.0,-999.0
2004,11,3,-3.3,-1.3,0.8,0.4,-4.3,82.0,18.8,311.7,932.3,-999.0,-999.0
2004,11,4,-4.5,-0.8,2.9,1.0,-5.5,74.4,7.9,221.7,931.6,-999.0,-999.0
2004,11,5,-2.4,-1.4,-0.5,-999.0,-2.5,92.2,11.6,228.0,907.7,-999.0,-999.0
2004,11,6,-6.3,-3.1,0.1,6.6,-5.4,86.4,16.2,271.2,915.5,-999.0,-999.0
2004,11,7,-7.3,-3.4,0.5,5.3,-6.0,88.9,5.5,205.0,923.6,-999.0,-999.0
2004,11,8,-8.1,-6.6,-5.1,1.5,-9.0,80.4,13.0,310.8,931.1,-999.0,-999.0
2004,11,9,-10.2,-8.4,-6.6,0.4,-11.5,79.2,8.8,298.3,943.2,-999.0,-999.0
2004,11,10,-20.4,-12.4,-4.4,3.3,-12.6,84.8,5.7,188.5,944.3,-999.0,-999.0
2004,11,11,-15.4,-7.7,0.0,3.9,-7.1,83.0,9.4,285.4,937.6,-999.0,-999.0
2004,11,12,-19.7,-11.2,-2.7,0.0,-15.5,78.2,3.0,198.4,947.6,-999.0,-999.0
2004,11,13,-21.2,-12.3,-3.3,0.0,-16.1,80.9,1.8,273.1,951.3,-999.0,-999.0
2004,11,14,-22.0,-11.0,0.1,0.4,-12.1,81.4,5.5,213.8,950.0,-999.0,-999.0
2004,11,15,-11.9,-4.3,3.3,0.0,-5.9,84.2,3.8,169.1,946.7,-999.0,-999.0
2004,11,16,-9.2,-4.6,0.1,0.0,-5.2,90.5,2.5,217.1,945.4,-999.0,-999.0
2004,11,17,-11.4,-4.7,2.1,0.0,-3.8,92.6,1.4,178.7,942.9,-999.0,-999.0
2004,11,18,0.0,1.7,3.3,0.5,0.7,96.2,2.4,162.9,937.3,-999.0,-999.0
2004,11,19,-2.9,0.0,2.9,0.0,-2.9,80.0,18.8,317.5,936.3,-999.0,-999.0
2004,11,20,-7.4,-2.3,2.9,0.4,-6.2,79.9,6.1,240.0,941.9,-999.0,-999.0
2004,11,21,-6.6,-3.0,0.6,1.1,-2.8,93.8,3.4,237.0,939.0,-999.0,-999.0
2004,11,22,-6.7,-3.5,-0.3,0.9,-4.4,84.7,7.4,252.2,935.3,-999.0,-999.0
2004,11,23,-11.1,-4.7,1.7,0.0,-5.7,83.5,4.6,203.2,935.2,-999.0,-999.0
2004,11,24,0.1,1.5,2.8,21.2,0.2,93.0,7.2,215.3,931.6,-999.0,-999.0
2004,11,25,-9.0,-0.6,7.8,20.4,0.0,93.7,9.7,253.5,911.2,-999.0,-999.0
2004,11,26,-12.2,-10.4,-8.6,0.5,-12.9,77.4,18.1,283.8,924.7,-999.0,-999.0
2004,11,27,-18.3,-11.2,-4.0,0.0,-12.2,77.5,3.8,210.6,943.0,-999.0,-999.0
2004,11,28,-7.2,-3.1,1.0,9.9,-2.8,89.0,8.5,167.4,938.0,-999.0,-999.0
2004,11,29,-12.5,-6.0,0.6,8.6,-6.6,87.8,8.8,270.5,937.8,-999.0,-999.0
2004,11,30,-16.6,-9.8,-2.9,0.0,-9.0,90.3,4.6,218.6,939.8,-999.0,-999.0
2004,12,1,-7.5,-4.4,-1.3,15.0,-4.4,94.0,5.0,162.5,921.9,-999.0,10.0
2004,12,2,-16.9,-10.7,-4.5,0.4,-14.7,77.8,18.2,298.8,924.6,-999.0,17.0
2004,12,3,-22.6,-17.3,-12.0,3.5,-18.9,80.4,4.2,166.1,927.5,-999.0,16.0
2004,12,4,-21.0,-13.2,-5.4,0.7,-15.2,85.8,4.8,206.7,927.1,-999.0,18.0
2004,12,5,-18.7,-11.1,-3.4,2.8,-17.0,74.9,16.5,284.2,929.5,-999.0,22.0
2004,12,6,-26.9,-19.8,-12.7,0.4,-23.4,71.2,8.8,293.6,942.9,-999.0,19.0
2004,12,7,-26.3,-18.2,-10.0,16.3,-19.7,77.5,4.8,168.9,941.1,-999.0,19.0
2004,12,8,-11.4,-8.2,-5.0,5.6,-9.9,86.5,7.8,204.3,924.7,-999.0,29.0
2004,12,9,-16.6,-10.0,-3.4,0.0,-12.3,84.0,5.0,229.5,937.0,-999.0,28.0
2004,12,10,-16.5,-9.5,-2.4,1.1,-10.2,87.8,3.4,185.3,934.9,-999.0,28.0
2004,12,11,-7.6,-6.3,-4.9,21.0,-7.5,88.0,11.3,85.4,920.1,-999.0,34.0
2004,12,12,-11.0,-8.5,-6.0,1.4,-9.0,90.8,3.5,217.5,916.3,-999.0,42.0
2004,12,13,-11.6,-8.2,-4.8,3.6,-9.6,89.8,2.3,215.4,918.3,-999.0,42.0
2004,12,14,-18.4,-15.0,-11.5,0.0,-17.1,78.2,10.3,290.0,927.9,-999.0,43.0
2004,12,15,-24.2,-16.0,-7.7,0.0,-19.5,77.3,4.5,174.5,939.1,-999.0,41.0
2004,12,16,-13.4,-9.5,-5.6,3.4,-10.7,90.0,8.0,187.5,934.2,-999.0,42.0
2004,12,17,-26.1,-15.1,-4.0,6.2,-13.7,82.8,12.0,258.8,928.8,-999.0,47.0
2004,12,18,-28.3,-18.8,-9.2,0.0,-20.6,77.5,3.0,180.0,935.6,-999.0,44.0
2004,12,19,-9.4,-7.0,-4.5,2.4,-7.4,92.6,2.8,156.8,924.5,-999.0,43.0
2004,12,20,-22.7,-14.5,-6.3,2.6,-16.9,81.8,7.9,246.1,923.2,-999.0,48.0
2004,12,21,-26.2,-20.2,-14.2,0.0,-22.4,79.5,4.9,177.6,928.6,-999.0,47.0
2004,12,22,-19.5,-11.1,-2.6,7.9,-12.0,88.8,6.0,226.2,938.0,-999.0,47.0
2004,12,23,-4.9,0.8,6.5,61.6,-0.1,96.2,6.3,180.5,932.7,-999.0,54.0
2004,12,24,-27.7,-16.3,-4.8,0.0,-16.8,83.8,12.6,235.2,930.8,-999.0,43.0
2004,12,25,-29.4,-21.9,-14.4,0.4,-25.9,79.0,1.9,220.0,939.6,-999.0,43.0
2004,12,26,-27.2,-21.5,-15.8,0.4,-23.8,74.5,4.5,155.2,948.0,-999.0,43.0
2004,12,27,-26.7,-22.1,-17.5,0.0,-25.2,64.1,10.1,243.8,939.9,-999.0,43.0
2004,12,28,-26.3,-18.7,-11.0,-999.0,-21.2,77.7,8.0,197.5,936.2,-999.0,-999.0
2004,12,29,-25.1,-16.3,-7.4,4.2,-15.1,82.0,10.1,246.1,932.4,-999.0,53.0
2004,12,30,-25.7,-16.5,-7.2,0.8,-21.3,77.3,2.8,260.6,945.2,-999.0,53.0
2004,12,31,-22.1,-10.7,0.8,-999.0,-5.7,94.7,7.7,203.0,935.2,-999.0,52.0
2005,1,1,-17.9,-9.4,-0.8,-999.0,-11.5,77.1,15.5,270.8,938.0,-999.0,57.0
2005,1,2,-29.9,-20.0,-11.8,-999.0,-22.6,80.3,2.6,204.4,948.9,-999.0,-999.0
2005,1,3,-8.1,-5.4,-4.6,-999.0,-7.4,86.4,16.6,262.1,936.6,-999.0,-999.0
2005,1,4,-25.0,-17.4,-9.7,-999.0,-999.0,-999.0,-999.0,-999.0,-999.0,-999.0,60.0
2005,1,5,-29.5,-22.9,-16.3,-999.0,-25.2,69.9,10.8,265.7,937.2,-999.0,59.0
2005,1,6,-29.8,-19.7,-9.6,-999.0,-22.5,74.7,1.5,191.3,932.1,-999.0,59.0
2005,1,7,-12.0,-8.7,-5.4,-999.0,-11.6,79.9,5.0,277.3,931.1,-999.0,63.0
2005,1,8,-999.0,-9.9,-999.0,-999.0,-11.8,86.0,6.3,216.7,939.5,-999.0,64.0
2005,1,9,-23.6,-14.5,-9.4,-999.0,-18.3,74.4,2.9,242.0,943.9,-999.0,63.0
2005,1,10,-16.7,-10.9,-5.1,-999.0,-11.0,88.1,11.2,226.8,927.6,-999.0,64.0
2005,1,11,-29.8,-21.7,-13.6,-999.0,-24.0,71.8,10.8,315.0,938.6,-999.0,67.0
2005,1,12,-29.8,-18.8,-7.7,-999.0,-29.5,77.2,2.3,242.5,944.9,-999.0,66.0
2005,1,13,-999.0,3.1,-999.0,-999.0,2.8,98.0,9.6,230.0,929.2,-999.0,66.0
2005,1,14,-20.7,-5.8,9.1,-999.0,-6.2,84.4,14.9,268.8,929.8,-999.0,48.0
2005,1,15,-26.1,-20.4,-14.7,-999.0,-21.6,75.3,10.5,248.3,947.8,-999.0,48.0
2005,1,16,-999.0,-15.9,-999.0,-999.0,-19.1,76.2,10.7,267.8,949.8,-999.0,-999.0
2005,1,17,-20.4,-17.9,-15.4,-999.0,-25.1,67.9,8.7,205.0,935.4,-999.0,49.0
2005,1,18,-34.0,-27.2,-20.3,-999.0,-31.3,64.3,9.0,242.9,940.1,-999.0,49.0
2005,1,19,-33.7,-24.1,-14.4,-999.0,-26.8,69.5,4.2,190.5,934.5,-999.0,49.0
2005,1,20,-31.1,-23.4,-15.7,-999.0,-23.6,73.3,6.7,195.2,925.8,-999.0,51.0
2005,1,21,-32.8,-27.9,-23.0,-999.0,-33.8,61.5,13.5,185.0,931.3,-999.0,49.0
2005,1,22,-35.3,-26.2,-17.0,-999.0,-29.2,68.4,2.6,159.5,936.4,-999.0,48.0
2005,1,23,-31.0,-23.8,-16.6,-999.0,-28.2,60.1,8.4,78.7,933.3,-999.0,48.0
2005,1,24,-31.4,-22.5,-13.6,-999.0,-24.5,72.5,8.5,300.9,922.8,-999.0,47.0
2005,1,25,-25.9,-21.9,-17.8,-999.0,-26.1,64.8,10.9,273.8,921.6,-999.0,48.0
2005,1,26,-29.7,-23.1,-16.4,-999.0,-28.4,63.9,5.2,255.7,929.8,-999.0,48.0
2005,1,27,-34.3,-26.2,-18.1,-999.0,-30.5,65.2,6.5,200.0,942.3,-999.0,48.0
2005,1,28,-30.2,-20.7,-11.1,-999.0,-26.4,63.7,5.4,207.0,950.6,-999.0,48.0
2005,1,29,-20.2,-12.0,-3.7,-999.0,-18.0,60.0,6.3,196.2,940.8,-999.0,48.0
2005,1,30,-25.4,-16.4,-7.3,-999.0,-18.0,63.8,8.5,298.7,937.9,-999.0,48.0
2005,1,31,-26.7,-14.5,-2.2,-999.0,-23.1,62.9,3.0,233.5,944.6,-999.0,48.0
2005,2,1,-20.6,-12.2,-3.8,0.0,-15.7,80.7,3.5,201.0,945.5,-999.0,48.0
2005,2,2,-22.5,-11.7,-0.9,-999.0,-16.9,75.2,2.8,250.0,950.2,-999.0,48.0
2005,2,3,-21.8,-11.2,-0.6,0.0,-17.6,61.8,4.7,240.6,944.1,-999.0,48.0
2005,2,4,-15.4,-4.8,5.9,0.0,-12.5,66.5,3.3,227.1,944.6,-999.0,47.0
2005,2,5,-14.3,-3.9,6.5,0.0,-8.5,80.5,3.8,231.0,948.6,-999.0,47.0
2005,2,6,-15.2,-4.6,6.0,0.0,-10.0,73.0,3.6,213.7,952.3,-999.0,48.0
2005,2,7,-7.8,-1.1,5.6,2.0,-6.2,73.5,5.4,199.5,943.1,-999.0,48.0
2005,2,8,-1.1,0.1,1.3,4.6,-0.5,97.7,2.7,144.0,934.5,-999.0,49.0
2005,2,9,-11.0,-5.6,-0.2,0.0,-6.3,85.5,5.9,269.6,931.5,-999.0,49.0
2005,2,10,-11.5,-9.2,-6.9,0.0,-13.0,74.8,9.2,105.8,927.7,-999.0,50.0
2005,2,11,-13.2,-11.6,-10.0,4.0,-14.3,76.4,17.2,232.5,915.3,-999.0,49.0
2005,2,12,-14.8,-10.9,-7.0,0.8,-13.7,77.0,11.5,293.8,914.4,-999.0,49.0
2005,2,13,-24.7,-16.5,-8.3,0.0,-18.6,73.5,7.8,243.3,934.6,-999.0,51.0
2005,2,14,-26.9,-15.4,-3.8,5.5,-18.9,68.0,6.5,168.6,942.1,-999.0,50.0
2005,2,15,-5.4,-3.1,-0.7,14.1,-3.1,96.3,11.6,210.0,929.7,-999.0,65.0
2005,2,16,-13.6,-7.1,-0.5,26.0,-4.7,92.9,5.7,264.7,924.9,-999.0,69.0
2005,2,17,-24.2,-16.0,-7.8,0.0,-17.4,75.5,8.5,306.7,924.2,-999.0,83.0
2005,2,18,-25.9,-17.8,-9.6,0.0,-21.6,76.7,5.2,241.2,926.7,-999.0,81.0
2005,2,19,-30.3,-23.3,-16.3,0.4,-24.1,74.5,8.4,188.6,932.5,-999.0,80.0
2005,2,20,-31.8,-25.2,-18.5,0.4,-29.8,63.7,10.6,291.3,940.9,-999.0,79.0
2005,2,21,-31.6,-22.5,-13.3,3.1,-24.1,73.7,5.3,168.2,939.2,-999.0,79.0
2005,2,22,-18.0,-13.0,-8.0,1.4,-13.9,85.7,3.5,221.7,933.7,-999.0,87.0
2005,2,23,-19.9,-15.3,-10.6,0.0,-18.8,76.6,7.5,314.3,933.4,-999.0,87.0
2005,2,24,-30.3,-20.3,-10.2,0.4,-23.9,69.5,5.0,193.0,940.4,-999.0,84.0
2005,2,25,-27.1,-17.6,-8.0,0.0,-21.6,73.5,3.2,274.7,936.6,-999.0,82.0
2005,2,26,-29.2,-19.2,-9.1,0.0,-23.4,63.4,12.2,279.6,932.9,-999.0,80.0
2005,2,27,-19.5,-15.1,-10.7,0.0,-22.6,55.3,22.1,316.2,929.2,-999.0,73.0
2005,2,28,-21.9,-12.6,-3.3,0.0,-22.3,45.6,5.8,196.7,932.9,-999.0,68.0
2005,3,1,-10.9,-9.4,-7.9,3.3,-16.2,59.7,14.9,37.9,918.9,-999.0,67.0
2005,3,2,-14.5,-11.2,-7.8,1.2,-13.7,75.7,14.8,329.5,908.9,-999.0,64.0
2005,3,3,-19.7,-16.5,-13.2,0.0,-20.8,67.6,18.4,314.2,914.5,-999.0,60.0
2005,3,4,-17.1,-13.3,-9.5,0.5,-18.5,68.9,17.1,300.0,919.0,-999.0,60.0
2005,3,5,-16.3,-10.9,-5.4,0.0,-17.2,62.3,14.8,308.3,921.0,-999.0,59.0
2005,3,6,-19.8,-12.3,-4.7,4.7,-13.8,80.4,7.3,242.6,915.3,-999.0,60.0
2005,3,7,-29.2,-19.9,-10.5,10.6,-21.6,70.9,6.0,144.3,919.0,-999.0,66.0
2005,3,8,-17.6,-12.1,-6.6,7.2,-13.0,83.6,7.9,209.1,908.4,-999.0,78.0
2005,3,9,-21.9,-19.8,-17.6,6.1,-23.2,71.4,22.3,309.6,903.6,-999.0,66.0
2005,3,10,-27.4,-21.5,-15.5,0.4,-24.5,72.3,8.3,244.5,916.7,-999.0,77.0
2005,3,11,-29.6,-18.9,-8.2,0.8,-19.1,77.5,5.8,191.0,920.6,-999.0,76.0
2005,3,12,-14.7,-10.5,-6.2,5.7,-10.5,83.5,7.3,113.3,919.9,-999.0,84.0
2005,3,13,-21.7,-10.4,0.9,0.0,-15.4,63.5,6.5,221.2,923.7,-999.0,89.0
2005,3,14,-13.6,-9.0,-4.3,0.0,-11.1,76.4,8.3,195.0,925.3,-999.0,86.0
2005,3,15,-6.3,-1.6,3.1,0.8,-5.4,79.0,9.5,280.9,928.4,-999.0,83.0
2005,3,16,-8.0,-4.4,-0.8,-999.0,-5.5,85.9,4.7,185.6,929.4,-999.0,-999.0
2005,3,17,-12.9,-6.3,0.3,6.3,-7.8,83.7,4.2,207.1,930.2,-999.0,80.0
2005,3,18,-10.9,-4.8,1.3,1.4,-8.1,80.6,5.2,203.8,931.3,-999.0,89.0
2005,3,19,-10.6,-4.9,0.9,0.0,-7.4,75.0,9.5,237.9,935.1,-999.0,85.0
2005,3,20,-15.4,-6.8,1.8,0.0,-10.5,67.8,7.9,183.3,934.0,-999.0,81.0
2005,3,21,-20.5,-8.6,3.3,0.0,-11.7,67.3,3.5,201.5,933.4,-999.0,80.0
2005,3,22,-5.3,-1.9,1.6,0.5,-6.4,72.4,6.3,221.0,933.8,-999.0,79.0
2005,3,23,-12.5,-5.6,1.4,0.0,-10.1,69.6,9.9,296.5,935.8,-999.0,78.0
2005,3,24,-14.2,-5.2,3.8,0.0,-12.1,60.5,5.8,225.5,932.2,-999.0,77.0
2005,3,25,-20.9,-11.9,-2.8,1.8,-13.3,62.5,14.5,275.2,929.7,-999.0,76.0
2005,3,26,-24.8,-12.8,-0.7,0.0,-19.4,58.2,5.4,209.5,937.7,-999.0,76.0
2005,3,27,-20.1,-7.9,4.4,0.0,-14.1,62.0,8.0,238.6,937.0,-999.0,76.0
2005,3,28,-11.0,-3.0,5.1,0.0,-5.4,73.7,4.0,178.8,933.1,-999.0,75.0
2005,3,29,-6.0,0.1,6.2,0.0,-4.1,68.0,10.2,114.1,931.8,-999.0,72.0
2005,3,30,-6.8,0.6,7.9,0.0,-7.0,59.8,7.0,134.2,940.7,-999.0,68.0
2005,3,31,-6.8,0.5,7.8,0.0,-9.3,49.4,10.7,173.5,941.7,-999.0,67.0
2005,4,1,-0.4,1.6,3.5,11.1,-0.8,91.3,7.1,177.9,935.7,-999.0,72.0
2005,4,2,0.2,2.1,3.9,25.4,0.1,91.6,5.3,128.7,935.4,-999.0,71.0
2005,4,3,1.3,3.4,5.4,35.2,1.9,92.8,9.2,145.0,924.8,-999.0,64.0
2005,4,4,0.2,2.0,3.7,14.7,0.6,95.0,3.3,204.5,919.6,-999.0,56.0
2005,4,5,-6.3,-0.9,4.5,0.4,-2.7,81.6,8.6,290.0,931.8,-999.0,55.0
2005,4,6,-8.0,0.2,8.3,0.4,-5.6,66.2,11.0,272.4,938.2,-999.0,53.0
2005,4,7,-4.9,-2.0,1.0,9.6,-4.1,82.7,4.8,116.2,932.4,-999.0,49.0
2005,4,8,-10.7,-3.8,3.1,0.0,-5.7,76.2,9.6,278.6,931.6,-999.0,54.0
2005,4,9,-7.3,-0.5,6.4,0.5,-9.3,55.0,11.8,299.2,937.5,-999.0,53.0
2005,4,10,-7.2,-1.9,3.4,0.4,-10.0,52.3,13.7,285.4,937.5,-999.0,50.0
2005,4,11,-9.5,-4.7,0.1,0.4,-12.4,55.3,10.5,121.7,943.0,-999.0,50.0
2005,4,12,-6.5,-3.2,0.1,0.4,-9.2,64.3,12.6,118.8,937.0,-999.0,49.0
2005,4,13,-1.5,1.3,4.0,1.0,-3.9,71.8,12.2,206.7,932.8,-999.0,49.0
2005,4,14,-9.8,-3.0,3.8,0.0,-13.6,41.5,10.2,171.7,943.0,-999.0,49.0
2005,4,15,-12.5,-1.1,10.3,0.4,-13.8,49.7,4.2,152.1,951.9,-999.0,49.0
2005,4,16,-9.9,1.2,12.2,0.5,-10.1,54.4,6.0,222.7,950.2,-999.0,47.0
2005,4,17,-6.3,4.2,14.6,0.4,-4.6,55.1,8.4,257.8,939.5,-999.0,43.0
2005,4,18,-5.1,2.3,9.7,0.0,-8.8,48.5,9.8,274.8,938.5,-999.0,38.0
2005,4,19,-6.4,4.1,14.5,1.7,-3.1,65.5,6.5,239.0,932.2,-999.0,33.0
2005,4,20,-5.0,1.8,8.6,0.0,-4.9,61.7,11.5,285.0,929.1,-999.0,25.0
2005,4,21,-7.4,-3.2,1.6,-999.0,-13.3,49.1,11.3,268.4,932.5,-999.0,23.0
2005,4,22,-10.1,-0.9,8.3,-999.0,-9.5,54.0,7.2,223.0,932.7,-999.0,22.0
2005,4,23,-2.6,0.5,3.5,10.7,-1.8,85.4,6.0,101.4,931.9,-999.0,18.0
2005,4,24,1.4,4.7,7.9,17.0,4.5,94.9,12.4,138.3,925.5,-999.0,18.0
2005,4,25,0.1,4.1,8.0,24.1,3.7,95.2,8.5,156.2,917.6,-999.0,6.0
2005,4,26,-1.0,3.0,6.9,0.5,0.8,92.7,5.0,214.6,932.3,-999.0,1.0
2005,4,27,-1.5,4.4,10.2,22.5,1.4,82.6,11.8,152.1,936.1,-999.0,1.0
2005,4,28,-1.0,0.9,2.7,21.0,-0.2,93.1,8.5,108.3,930.1,-999.0,1.0
2005,4,29,-1.3,0.1,1.5,10.9,-0.8,93.1,5.2,223.8,927.0,-999.0,8.0
2005,4,30,0.0,4.1,8.2,13.7,1.6,84.2,5.1,145.3,934.9,-999.0,10.0
2005,5,1,1.1,3.3,5.4,3.0,2.8,95.2,7.2,225.5,924.7,-999.0,-999.0
2005,5,2,0.3,3.2,6.0,1.8,-0.1,85.5,10.5,242.9,927.7,-999.0,-999.0
2005,5,3,-2.2,1.8,5.7,3.4,-0.6,88.2,5.9,240.9,932.3,-999.0,-999.0
2005,5,4,-3.3,1.8,6.8,0.2,-1.6,82.4,6.1,231.2,942.6,-999.0,-999.0
2005,5,5,-5.2,2.5,10.2,0.2,-4.1,67.2,5.2,257.2,949.9,-999.0,-999.0
2005,5,6,-5.5,4.4,14.3,0.0,-3.3,63.6,4.3,211.8,947.7,-999.0,-999.0
2005,5,7,-2.5,4.5,11.5,0.0,-2.8,63.0,6.2,124.5,942.2,-999.0,-999.0
2005,5,8,3.7,6.3,8.9,0.0,0.4,69.6,13.3,52.9,939.8,-999.0,-999.0
2005,5,9,3.3,10.3,17.2,0.0,4.4,71.0,4.0,149.1,939.8,-999.0,-999.0
2005,5,10,2.8,11.8,20.7,0.0,5.3,70.5,5.3,135.5,937.4,-999.0,-999.0
2005,5,11,-1.2,9.2,19.6,5.0,5.4,82.6,7.1,233.2,933.0,-999.0,-999.0
2005,5,12,-6.7,-2.9,1.0,0.0,-10.0,59.0,18.8,333.3,942.8,-999.0,-999.0
2005,5,13,-6.9,0.2,7.3,0.0,-10.4,49.4,13.0,280.4,942.4,-999.0,-999.0
2005,5,14,-5.4,2.9,11.2,0.0,-7.9,47.2,4.2,209.5,934.6,-999.0,-999.0
2005,5,15,3.2,5.2,7.1,2.2,0.9,78.2,6.5,143.6,932.0,-999.0,-999.0
2005,5,16,1.1,4.4,7.6,5.0,4.1,95.9,3.0,189.5,933.1,-999.0,-999.0
2005,5,17,1.2,4.5,7.8,1.2,2.5,89.5,5.7,230.5,936.7,-999.0,-999.0
2005,5,18,-1.8,3.1,7.9,1.6,1.4,88.0,4.0,219.4,939.8,-999.0,-999.0
2005,5,19,-1.4,5.0,11.4,0.2,1.6,83.4,5.0,132.4,940.2,-999.0,-999.0
2005,5,20,-1.1,4.9,10.9,0.2,2.2,81.6,5.9,139.5,938.7,-999.0,-999.0
2005,5,21,1.9,3.6,5.3,9.6,2.3,89.7,8.2,79.1,938.8,-999.0,-999.0
2005,5,22,3.2,5.4,7.5,2.8,2.4,84.8,15.8,59.2,935.5,-999.0,-999.0
2005,5,23,4.2,7.5,10.7,6.8,3.1,80.3,15.1,76.7,934.6,-999.0,-999.0
2005,5,24,3.8,10.0,16.2,0.0,0.9,51.7,13.0,70.0,939.5,-999.0,-999.0
2005,5,25,1.7,9.3,16.9,0.0,-5.0,37.8,8.3,74.2,940.3,-999.0,-999.0
2005,5,26,0.8,5.9,10.9,0.0,0.6,61.8,10.8,92.1,936.4,-999.0,-999.0
2005,5,27,7.2,9.2,11.1,0.2,6.3,84.5,10.6,69.6,930.1,-999.0,-999.0
2005,5,28,6.6,9.6,12.6,2.0,8.1,91.1,2.5,212.5,929.6,-999.0,-999.0
2005,5,29,7.6,10.1,12.5,11.2,9.4,94.5,2.1,184.4,930.7,-999.0,-999.0
2005,5,30,6.3,10.8,15.2,5.0,9.7,92.0,2.8,135.9,933.1,-999.0,-999.0
2005,5,31,1.3,10.2,19.1,0.2,6.0,74.2,4.5,199.4,939.7,-999.0,-999.0
2005,6,1,-0.2,11.9,23.9,-999.0,3.6,59.4,5.3,220.5,943.0,-999.0,-999.0
2005,6,2,3.7,15.1,26.5,0.2,6.9,59.2,6.2,220.9,942.0,-999.0,-999.0
2005,6,3,7.1,16.9,26.6,0.4,8.5,61.7,8.7,215.8,937.5,-999.0,-999.0
2005,6,4,5.7,15.5,25.3,0.0,7.5,61.9,6.2,298.6,934.3,-999.0,-999.0
2005,6,5,7.9,13.6,19.3,2.8,7.4,69.9,5.0,242.5,937.3,-999.0,-999.0
2005,6,6,8.5,12.0,15.5,59.6,10.2,91.5,5.9,200.0,933.3,-999.0,-999.0
2005,6,7,9.5,12.6,15.7,3.2,12.5,90.6,13.0,270.0,925.9,-999.0,-999.0
2005,6,8,-0.1,8.1,16.3,0.2,4.6,74.0,6.8,275.7,935.2,-999.0,-999.0
2005,6,9,-1.3,9.1,19.5,0.0,6.6,75.5,4.5,226.8,940.8,-999.0,-999.0
2005,6,10,9.0,17.9,26.7,0.0,16.2,80.7,10.1,236.2,937.7,-999.0,-999.0
2005,6,11,10.6,19.3,28.0,5.2,14.3,71.5,6.2,219.6,938.8,-999.0,-999.0
2005,6,12,15.1,19.7,24.2,19.2,18.2,91.8,6.2,233.6,934.7,-999.0,-999.0
2005,6,13,14.6,20.7,26.7,0.2,17.6,84.0,7.6,246.7,929.4,-999.0,-999.0
2005,6,14,10.1,13.4,16.6,16.0,13.3,94.7,4.0,144.2,928.2,-999.0,-999.0
2005,6,15,6.4,8.3,10.1,8.6,6.7,94.0,10.2,121.7,927.4,-999.0,-999.0
2005,6,16,6.6,8.3,10.0,6.0,7.3,93.7,7.3,112.1,926.3,-999.0,-999.0
2005,6,17,6.6,7.8,8.9,5.8,6.1,88.1,8.5,85.4,929.3,-999.0,-999.0
2005,6,18,-0.6,5.3,11.2,0.2,4.9,84.5,7.8,106.7,937.1,-999.0,-999.0
2005,6,19,-1.6,9.5,20.5,0.0,4.0,68.1,5.0,218.1,944.3,-999.0,-999.0
2005,6,20,1.9,11.7,21.4,0.0,9.0,74.2,9.3,204.3,941.0,-999.0,-999.0
2005,6,21,9.3,16.7,24.0,3.2,13.0,81.3,9.5,219.2,933.0,-999.0,-999.0
2005,6,22,-1.0,5.8,12.6,0.0,3.1,71.6,10.6,291.7,936.3,-999.0,-999.0
2005,6,23,-2.1,8.0,18.1,0.0,3.6,68.1,8.8,233.8,939.0,-999.0,-999.0
2005,6,24,9.0,14.9,20.8,1.6,12.4,83.5,10.7,235.0,934.6,-999.0,-999.0
2005,6,25,9.5,18.0,26.4,0.0,15.7,78.2,8.5,254.3,935.3,-999.0,-999.0
2005,6,26,7.7,16.3,24.9,0.0,9.2,66.3,5.2,270.5,943.7,-999.0,-999.0
2005,6,27,5.7,16.9,28.0,0.0,10.5,64.1,6.5,219.5,945.3,-999.0,-999.0
2005,6,28,13.5,21.0,28.5,0.0,17.3,71.3,10.3,215.8,938.2,-999.0,-999.0
2005,6,29,10.7,17.6,24.4,-999.0,13.0,66.7,8.6,308.2,935.9,-999.0,-999.0
2005,6,30,9.6,17.2,24.8,0.0,11.1,67.3,5.5,210.9,936.8,-999.0,-999.0
2005,7,1,15.4,19.3,23.1,66.8,16.5,93.4,6.7,170.8,927.9,-999.0,-999.0
2005,7,2,6.1,11.3,16.4,0.0,7.7,76.1,13.2,275.0,930.0,-999.0,-999.0
2005,7,3,3.0,12.7,22.3,0.0,7.7,68.5,6.5,221.8,940.6,-999.0,-999.0
2005,7,4,5.2,14.7,24.1,0.0,11.2,74.0,7.8,237.1,940.2,-999.0,-999.0
2005,7,5,12.5,15.8,19.1,29.4,14.9,93.5,4.6,210.4,935.1,-999.0,-999.0
2005,7,6,3.0,11.3,19.6,0.0,5.6,62.3,8.5,174.6,941.5,-999.0,-999.0
2005,7,7,1.2,11.8,22.3,0.0,5.7,67.7,4.2,198.6,944.7,-999.0,-999.0
2005,7,8,2.6,13.7,24.8,0.0,7.7,67.6,4.2,205.0,943.0,-999.0,-999.0
2005,7,9,9.8,14.6,19.3,23.4,11.0,85.5,3.6,193.8,937.6,-999.0,-999.0
2005,7,10,8.7,18.7,28.6,1.2,11.4,71.7,8.2,282.6,934.5,-999.0,-999.0
2005,7,11,9.4,17.9,26.3,0.2,11.9,68.5,7.5,237.0,937.7,-999.0,-999.0
2005,7,12,7.9,16.5,25.0,0.0,11.8,74.1,5.0,198.7,941.1,-999.0,-999.0
2005,7,13,6.8,16.3,25.7,6.8,12.3,75.4,5.5,239.0,937.9,-999.0,-999.0
2005,7,14,8.9,15.6,22.3,5.8,15.0,83.1,6.7,216.8,935.6,-999.0,-999.0
2005,7,15,6.5,15.4,24.2,0.0,8.6,67.2,7.1,268.8,941.6,-999.0,-999.0
2005,7,16,4.3,15.1,25.9,0.0,8.1,64.8,4.8,226.5,943.1,-999.0,-999.0
2005,7,17,6.6,17.0,27.4,0.0,14.2,76.6,5.2,222.5,940.9,-999.0,-999.0
2005,7,18,19.2,22.0,24.7,3.2,20.0,90.9,5.2,202.5,936.2,-999.0,-999.0
2005,7,19,16.9,21.3,25.6,0.0,18.9,82.4,8.9,238.3,933.3,-999.0,-999.0
2005,7,20,8.4,16.1,23.8,0.0,12.2,73.9,6.9,295.4,936.7,-999.0,-999.0
2005,7,21,6.0,16.0,25.9,2.2,11.5,74.9,6.7,240.5,935.2,-999.0,-999.0
2005,7,22,6.0,14.9,23.7,0.2,10.1,68.2,6.1,235.2,935.5,-999.0,-999.0
2005,7,23,4.5,12.4,20.2,0.2,7.0,73.5,7.5,285.2,937.6,-999.0,-999.0
2005,7,24,3.0,11.8,20.5,0.0,5.2,64.1,6.9,301.4,937.8,-999.0,-999.0
2005,7,25,9.4,14.5,19.6,21.6,12.5,90.7,5.0,226.1,929.5,-999.0,-999.0
2005,7,26,8.4,15.4,22.3,4.4,13.7,86.0,4.8,194.5,930.4,-999.0,-999.0
2005,7,27,3.7,9.9,16.0,0.4,11.0,84.4,6.0,259.2,930.2,-999.0,-999.0
2005,7,28,1.0,10.5,19.9,0.0,6.1,74.6,4.7,229.6,939.5,-999.0,-999.0
2005,7,29,2.5,11.2,19.9,4.8,8.0,81.5,8.3,236.1,939.7,-999.0,-999.0
2005,7,30,0.7,8.6,16.4,0.0,4.5,76.7,6.3,318.9,946.1,-999.0,-999.0
2005,7,31,-0.8,9.2,19.1,0.0,4.8,72.3,4.2,248.7,946.5,-999.0,-999.0
2005,8,1,7.4,13.1,18.8,3.8,11.8,90.5,4.5,254.5,938.6,-999.0,-999.0
2005,8,2,6.1,13.5,20.8,4.0,11.1,83.8,6.4,242.4,934.6,-999.0,-999.0
2005,8,3,3.3,11.8,20.2,0.0,5.3,69.2,7.4,320.5,937.8,-999.0,-999.0
2005,8,4,1.4,12.0,22.5,0.0,9.4,75.5,4.0,208.3,939.4,-999.0,-999.0
2005,8,5,11.5,17.3,23.1,5.0,14.4,75.3,13.0,280.4,934.0,-999.0,-999.0
2005,8,6,5.0,13.3,21.6,0.0,7.4,66.7,6.7,251.8,942.1,-999.0,-999.0
2005,8,7,4.1,13.5,22.8,0.0,9.9,72.6,7.2,254.0,940.5,-999.0,-999.0
2005,8,8,9.1,17.4,25.7,0.0,12.6,69.5,6.1,257.0,941.2,-999.0,-999.0
2005,8,9,11.1,18.4,25.6,0.4,14.7,74.9,10.6,222.9,937.6,-999.0,-999.0
2005,8,10,15.6,18.8,21.9,0.6,16.3,86.5,7.1,241.7,934.3,-999.0,-999.0
2005,8,11,4.0,12.1,20.2,0.0,9.3,67.0,10.8,298.6,935.3,-999.0,-999.0
2005,8,12,1.6,11.9,22.2,0.6,7.4,72.2,4.2,221.9,938.1,-999.0,-999.0
2005,8,13,10.8,16.4,22.0,3.2,13.1,79.9,9.4,249.1,931.2,-999.0,-999.0
2005,8,14,7.7,13.7,19.6,0.0,9.6,78.7,3.6,278.5,937.8,-999.0,-999.0
2005,8,15,3.0,12.8,22.5,0.0,5.7,67.5,4.1,275.0,942.2,-999.0,-999.0
2005,8,16,4.1,13.6,23.0,2.0,10.0,78.8,7.2,254.1,938.2,-999.0,-999.0
2005,8,17,3.7,8.9,14.1,0.0,6.6,78.2,10.1,285.7,935.5,-999.0,-999.0
2005,8,18,-1.2,7.3,15.7,0.0,1.9,71.5,7.4,254.3,940.2,-999.0,-999.0
2005,8,19,-2.0,8.7,19.3,0.0,4.1,70.4,4.0,231.1,942.8,-999.0,-999.0
2005,8,20,11.8,13.6,15.4,7.0,12.3,93.9,3.6,162.5,937.4,-999.0,-999.0
2005,8,21,5.9,12.8,19.6,8.4,14.3,91.8,5.2,235.0,929.6,-999.0,-999.0
2005,8,22,4.8,10.8,16.8,1.4,9.4,88.7,3.8,258.8,930.5,-999.0,-999.0
2005,8,23,6.0,11.0,15.9,7.6,9.8,90.2,4.5,277.9,936.0,-999.0,-999.0
2005,8,24,4.1,10.6,17.1,0.0,9.5,82.3,5.8,161.8,942.9,-999.0,-999.0
2005,8,25,2.6,12.7,22.7,0.0,5.8,70.7,5.9,310.0,943.9,-999.0,-999.0
2005,8,26,1.1,13.0,24.9,0.0,5.6,67.8,4.5,257.6,940.9,-999.0,-999.0
2005,8,27,3.8,13.8,23.7,0.0,9.0,75.7,4.9,239.0,939.5,-999.0,-999.0
2005,8,28,7.1,12.4,17.7,4.0,13.2,94.8,4.3,209.5,937.2,-999.0,-999.0
2005,8,29,13.2,18.2,23.2,0.2,14.6,82.1,4.3,182.7,939.3,-999.0,-999.0
2005,8,30,12.8,18.4,23.9,4.2,15.1,86.6,3.7,186.7,936.9,-999.0,-999.0
2005,8,31,14.7,16.0,17.3,75.0,15.8,96.2,3.2,165.7,926.7,-999.0,-999.0
2005,9,1,9.2,13.5,17.7,0.8,12.8,87.0,10.3,269.1,924.9,-999.0,-999.0
2005,9,2,7.7,14.0,20.2,7.6,11.0,86.0,8.5,256.1,929.3,-999.0,-999.0
2005,9,3,9.6,13.0,16.4,0.4,9.9,81.0,10.9,293.9,933.0,-999.0,-999.0
2005,9,4,2.6,8.9,15.1,0.0,6.2,76.8,7.0,198.3,943.3,-999.0,-999.0
2005,9,5,-0.8,9.4,19.6,0.0,3.9,75.8,4.2,268.4,950.4,-999.0,-999.0
2005,9,6,2.5,12.1,21.6,0.0,8.3,79.3,6.0,197.8,950.1,-999.0,-999.0
2005,9,7,5.1,13.7,22.3,0.0,11.2,79.2,8.0,245.2,944.0,-999.0,-999.0
2005,9,8,3.6,10.2,16.8,1.6,9.2,83.1,3.8,276.0,938.8,-999.0,-999.0
2005,9,9,2.2,8.1,13.9,0.2,4.2,77.5,8.2,260.9,939.5,-999.0,-999.0
2005,9,10,-1.5,5.8,13.1,0.0,3.1,78.2,8.4,287.5,944.2,-999.0,-999.0
2005,9,11,-2.7,7.2,17.1,1.0,4.8,84.0,9.1,239.0,942.1,-999.0,-999.0
2005,9,12,4.5,12.7,20.8,1.6,10.8,74.8,11.8,294.5,935.2,-999.0,-999.0
2005,9,13,4.3,14.2,24.0,0.0,12.2,88.7,4.0,208.9,937.3,-999.0,-999.0
2005,9,14,10.3,16.9,23.4,0.0,14.4,80.2,8.4,245.7,935.6,-999.0,-999.0
2005,9,15,2.8,11.5,20.2,-999.0,9.9,76.7,5.2,252.7,941.0,-999.0,-999.0
2005,9,16,1.3,9.7,18.1,0.4,6.4,79.0,3.0,217.2,945.1,-999.0,-999.0
2005,9,17,10.9,12.0,13.1,8.8,10.9,93.0,4.8,138.3,939.4,-999.0,-999.0
2005,9,18,9.6,13.8,18.0,4.4,9.8,83.1,6.0,149.1,937.6,-999.0,-999.0
2005,9,19,-0.2,8.2,16.5,0.0,6.8,76.1,7.9,271.4,940.2,-999.0,-999.0
2005,9,20,-0.2,6.8,13.8,15.0,7.3,93.4,7.8,221.7,932.6,-999.0,-999.0
2005,9,21,6.3,9.7,13.1,0.2,6.1,82.4,13.3,280.8,932.5,-999.0,-999.0
2005,9,22,5.3,9.8,14.2,21.8,9.8,93.5,5.8,233.2,933.1,-999.0,-999.0
2005,9,23,3.8,8.6,13.3,3.0,5.9,78.3,11.8,297.0,935.9,-999.0,-999.0
2005,9,24,-2.0,5.3,12.5,0.0,0.0,72.3,6.5,303.5,946.9,-999.0,-999.0
2005,9,25,-1.7,5.4,12.4,11.2,4.9,90.6,5.8,247.4,939.8,-999.0,-999.0
2005,9,26,6.7,9.2,11.6,58.4,9.0,95.0,5.0,160.0,927.5,-999.0,-999.0
2005,9,27,-0.1,6.7,13.4,0.2,3.9,74.9,9.9,239.2,932.3,-999.0,-999.0
2005,9,28,-0.9,7.9,16.6,0.0,6.1,84.2,5.7,201.1,938.7,-999.0,-999.0
2005,9,29,1.6,6.9,12.2,17.0,5.6,87.5,17.0,202.1,924.5,-999.0,-999.0
2005,9,30,-2.1,3.0,8.1,0.6,0.6,86.7,8.4,255.5,936.9,-999.0,-999.0
2005,10,1,-2.2,6.3,14.8,0.2,3.7,80.8,9.5,227.8,941.5,-999.0,-999.0
2005,10,2,1.7,11.6,21.4,0.0,7.4,80.8,3.8,248.3,948.7,-999.0,-999.0
2005,10,3,3.0,12.2,21.3,0.0,7.7,79.3,5.4,221.2,949.1,-999.0,-999.0
2005,10,4,10.9,16.0,21.0,0.0,14.0,88.9,7.1,214.1,945.7,-999.0,-999.0
2005,10,5,10.7,15.9,21.1,0.2,14.3,90.8,5.1,209.0,945.2,-999.0,-999.0
2005,10,6,8.5,12.4,16.2,0.2,11.3,97.0,2.2,166.1,941.2,-999.0,-999.0
2005,10,7,2.0,8.3,14.5,2.8,9.2,91.5,10.0,191.2,936.2,-999.0,-999.0
2005,10,8,1.5,4.9,8.3,0.2,-0.6,73.4,7.9,129.2,939.6,-999.0,-999.0
2005,10,9,1.7,4.0,6.3,0.0,1.1,81.0,8.3,58.3,944.5,-999.0,-999.0
2005,10,10,5.0,8.5,12.0,0.0,6.4,88.5,4.5,127.7,943.9,-999.0,-999.0
2005,10,11,2.3,7.9,13.4,0.2,3.2,73.5,6.7,180.5,945.3,-999.0,-999.0
2005,10,12,-1.4,5.3,12.0,0.0,0.0,72.8,5.8,211.3,952.0,-999.0,-999.0
2005,10,13,-0.9,4.7,10.2,0.0,2.3,83.5,3.5,198.0,949.0,-999.0,-999.0
2005,10,14,5.9,8.6,11.2,10.8,7.8,95.4,3.4,171.3,941.0,-999.0,-999.0
2005,10,15,6.6,8.8,11.0,38.6,9.4,97.0,3.8,138.1,924.1,-999.0,-999.0
2005,10,16,2.4,4.5,6.6,19.8,2.6,91.1,13.8,303.3,909.0,-999.0,-999.0
2005,10,17,3.3,5.4,7.4,2.4,3.3,88.2,10.0,330.4,916.6,-999.0,-999.0
2005,10,18,1.8,4.8,7.7,0.0,2.4,87.3,7.7,284.8,919.6,-999.0,-999.0
2005,10,19,0.6,3.0,5.4,4.4,1.6,89.8,7.5,272.2,923.4,-999.0,-999.0
2005,10,20,-0.8,0.3,1.4,1.0,-1.5,87.5,14.2,300.8,928.0,-999.0,-999.0
2005,10,21,-1.9,0.6,3.0,0.0,-2.0,84.8,10.4,298.8,934.3,-999.0,-999.0
2005,10,22,-3.5,2.3,8.1,0.0,-0.8,81.7,5.5,134.8,934.5,-999.0,-999.0
2005,10,23,-0.6,1.2,2.9,1.6,-0.2,86.5,9.5,66.7,932.0,-999.0,-999.0
2005,10,24,-1.1,1.1,3.3,-999.0,-0.9,85.3,5.7,109.0,939.1,-999.0,-999.0
2005,10,25,-1.4,0.2,1.8,0.2,-1.6,86.8,12.0,68.3,934.6,-999.0,-999.0
2005,10,26,-0.7,0.4,1.5,3.2,-1.6,87.5,12.0,145.4,924.7,-999.0,-999.0
2005,10,27,-2.6,-1.5,-0.4,0.0,-4.2,81.6,5.8,249.6,935.7,-999.0,-999.0
2005,10,28,-5.8,-3.5,-1.2,0.0,-4.7,83.6,5.2,287.6,943.5,-999.0,-999.0
2005,10,29,-8.7,0.0,8.7,0.2,-5.2,75.2,4.0,181.7,939.1,-999.0,-999.0
2005,10,30,-2.7,5.2,13.1,0.0,2.5,77.4,8.7,236.5,934.0,-999.0,-999.0
2005,10,31,5.0,6.7,8.4,1.1,5.0,90.5,9.9,238.8,934.0,-999.0,-999.0
2005,11,1,3.2,6.8,10.3,3.5,5.5,91.2,11.1,230.0,929.2,-999.0,-999.0
2005,11,2,-1.7,1.2,4.0,0.4,-3.1,78.0,14.6,299.6,928.7,-999.0,-999.0
2005,11,3,-2.1,-0.4,1.3,8.4,-1.9,91.6,8.5,246.2,928.3,-999.0,-999.0
2005,11,4,-6.4,-4.2,-2.0,12.8,-5.3,88.7,4.5,177.0,936.3,-999.0,-999.0
2005,11,5,-2.8,-0.9,1.0,0.9,-0.9,99.3,1.0,145.6,935.4,-999.0,-999.0
2005,11,6,-1.7,1.2,4.0,9.5,-0.3,96.3,6.3,141.2,936.9,-999.0,-999.0
2005,11,7,-4.5,0.2,4.9,8.8,-2.4,86.8,21.4,249.2,923.8,-999.0,-999.0
2005,11,8,-5.7,-4.6,-3.5,0.8,-7.5,80.4,16.1,293.3,930.8,-999.0,-999.0
2005,11,9,-6.7,-4.3,-1.8,11.8,-7.0,83.6,9.4,154.2,935.0,-999.0,-999.0
2005,11,10,-5.7,-2.6,0.5,4.6,-2.5,93.7,11.6,236.7,917.8,-999.0,-999.0
2005,11,11,-6.7,-5.4,-4.0,3.2,-7.4,84.9,15.3,285.8,926.8,-999.0,-999.0
2005,11,12,-11.5,-5.6,0.4,0.0,-7.0,85.8,4.9,294.4,938.4,-999.0,-999.0
2005,11,13,-11.9,-1.7,8.5,0.0,-3.6,87.4,1.8,170.0,937.7,-999.0,-999.0
2005,11,14,-5.8,1.0,7.8,1.4,-1.2,80.1,13.7,278.3,936.9,-999.0,-999.0
2005,11,15,-9.3,-6.0,-2.7,4.8,-6.6,90.5,4.4,178.0,948.2,-999.0,-999.0
2005,11,16,-3.3,1.4,6.0,28.1,-0.1,96.3,6.8,183.5,933.5,-999.0,-999.0
2005,11,17,-8.9,-3.8,1.3,2.4,-4.3,85.8,10.0,265.2,930.2,-999.0,-999.0
2005,11,18,-20.1,-14.5,-8.8,0.0,-15.5,80.9,6.0,260.5,936.5,-999.0,-999.0
2005,11,19,-21.3,-12.2,-3.0,1.4,-12.3,89.8,6.2,213.3,938.6,-999.0,-999.0
2005,11,20,-3.1,-1.3,0.6,7.5,-2.4,96.5,9.2,231.7,932.6,-999.0,-999.0
2005,11,21,0.4,0.9,1.3,4.4,0.2,95.8,9.8,235.8,925.8,-999.0,-999.0
2005,11,22,-7.9,-3.2,1.5,14.7,-1.8,95.7,10.2,239.5,911.1,-999.0,-999.0
2005,11,23,-12.7,-10.3,-7.9,0.8,-13.0,80.9,10.5,290.5,911.1,-999.0,-999.0
2005,11,24,-16.6,-11.6,-6.5,1.8,-11.6,88.3,5.6,128.5,914.1,-999.0,-999.0
2005,11,25,-20.6,-13.8,-7.0,0.0,-14.2,86.0,13.2,238.3,922.7,-999.0,-999.0
2005,11,26,-26.4,-17.7,-9.0,2.2,-19.1,84.8,1.2,207.3,942.1,-999.0,-999.0
2005,11,27,-20.7,-13.0,-5.2,25.4,-14.6,86.5,1.2,207.8,946.0,-999.0,-999.0
2005,11,28,-10.7,-5.3,0.2,9.8,-4.1,97.8,0.0,-999.0,944.7,-999.0,-999.0
2005,11,29,0.1,4.1,8.1,20.6,4.8,98.4,6.0,164.5,939.3,-999.0,-999.0
2005,11,30,0.3,3.9,7.5,12.5,4.9,97.5,7.5,205.8,932.4,-999.0,-999.0
2005,12,1,-2.3,-0.3,1.8,0.5,-2.7,85.4,6.0,121.4,932.0,-999.0,9.0
2005,12,2,-8.2,-4.2,-0.1,7.5,-2.9,92.9,6.3,187.7,910.5,-999.0,9.0
2005,12,3,-11.7,-9.9,-8.1,0.0,-13.1,80.8,15.0,267.9,917.4,-999.0,18.0
2005,12,4,-12.2,-10.5,-8.7,1.2,-13.0,82.1,9.5,253.3,923.4,-999.0,15.0
2005,12,5,-11.3,-10.1,-8.8,0.0,-13.2,79.1,15.0,272.9,929.1,-999.0,17.0
2005,12,6,-19.6,-14.1,-8.5,1.1,-14.8,81.8,5.7,274.8,928.9,-999.0,15.0
2005,12,7,-18.6,-16.1,-13.5,0.0,-19.2,74.6,13.3,321.2,932.1,-999.0,16.0
2005,12,8,-23.2,-16.8,-10.3,0.0,-19.0,77.0,6.8,165.4,945.1,-999.0,12.0
2005,12,9,-20.4,-14.8,-9.2,0.4,-15.3,85.5,4.1,239.0,931.1,-999.0,11.0
2005,12,10,-11.2,-8.5,-5.7,3.7,-9.0,90.6,9.4,215.2,923.8,-999.0,15.0
2005,12,11,-7.2,-6.4,-5.5,0.5,-7.7,90.4,7.0,224.3,916.5,-999.0,17.0
2005,12,12,-27.9,-17.6,-7.2,0.4,-17.3,80.2,7.8,242.3,922.4,-999.0,18.0
2005,12,13,-29.5,-21.6,-13.7,0.4,-24.3,76.2,6.2,187.3,938.5,-999.0,18.0
2005,12,14,-29.5,-20.1,-10.6,0.4,-25.0,74.0,3.4,203.0,946.8,-999.0,17.0
2005,12,15,-27.3,-16.8,-6.3,-999.0,-22.9,73.6,2.8,281.6,942.6,-999.0,17.0
2005,12,16,-22.4,-14.5,-6.6,21.1,-13.2,85.2,6.1,144.3,934.8,-999.0,18.0
2005,12,17,-8.9,-7.0,-5.0,3.1,-8.2,89.3,10.4,241.3,935.3,-999.0,48.0
2005,12,18,-9.3,-7.3,-5.2,1.9,-8.3,86.1,10.9,256.7,939.3,-999.0,45.0
2005,12,19,-13.3,-11.2,-9.0,2.8,-12.4,87.4,9.8,243.6,927.9,-999.0,49.0
2005,12,20,-22.9,-15.7,-8.5,2.2,-15.3,79.2,11.6,268.8,923.9,-999.0,58.0
2005,12,21,-30.2,-23.6,-17.0,1.1,-24.6,77.3,5.0,226.8,929.8,-999.0,52.0
2005,12,22,-28.2,-18.1,-8.0,2.4,-21.1,80.2,8.5,244.8,928.2,-999.0,47.0
2005,12,23,-8.0,-6.0,-4.0,4.7,-6.7,92.2,6.7,270.6,925.3,-999.0,50.0
2005,12,24,-6.7,-4.9,-3.1,1.9,-5.4,96.2,1.5,207.1,928.7,-999.0,49.0
2005,12,25,-6.2,-4.2,-2.1,12.4,-5.2,94.8,0.2,70.0,930.9,-999.0,46.0
2005,12,26,-11.2,-8.5,-5.8,7.7,-9.7,84.0,14.5,58.3,921.5,-999.0,56.0
2005,12,27,-19.6,-13.1,-6.5,0.0,-17.4,65.2,6.3,216.7,922.8,-999.0,50.0
2005,12,28,-15.9,-10.1,-4.2,0.0,-9.8,87.5,1.0,128.8,927.1,-999.0,49.0
2005,12,29,-5.1,-2.8,-0.5,11.0,-3.8,95.5,0.7,251.4,922.2,-999.0,53.0
2005,12,30,-25.9,-15.4,-4.8,3.0,-15.3,80.3,9.5,276.1,924.7,-999.0,55.0
2005,12,31,-27.9,-17.6,-7.3,0.0,-23.3,70.2,4.3,208.3,930.8,-999.0,52.0
