Year,Month,Day,Tmin,Tair,Tmax,Tdew,RelH,WndS,WndD
2005,1,1,-10.2,0.0,7.8,-4.5,72.1,16.0,230.0
2005,1,2,-15.0,-7.1,1.9,-9.8,81.6,10.0,107.9
2005,1,3,-0.7,0.4,2.0,-0.3,95.0,7.9,231.8
2005,1,4,-5.4,-4.1,-1.3,-6.0,87.0,8.5,167.9
2005,1,5,-14.3,-10.3,-5.4,-13.8,75.8,6.3,165.5
2005,1,6,-13.6,-8.5,-0.8,-9.6,91.6,4.5,94.3
2005,1,7,-9.1,-5.7,-0.3,-9.1,77.3,15.1,239.2
2005,1,8,-10.6,-4.2,-1.3,-7.5,78.6,3.6,161.5
2005,1,9,-13.6,-8.4,-2.6,-9.9,89.2,3.8,138.6
2005,1,10,-4.5,-0.9,2.6,-3.7,81.5,16.5,222.1
2005,1,11,-17.9,-11.6,-6.3,-16.8,66.7,6.6,216.7
2005,1,12,-13.9,-4.8,0.9,-7.3,82.4,4.8,116.1
2005,1,13,2.7,9.1,14.8,6.6,84.1,18.8,181.2
2005,1,14,-8.5,0.8,15.6,-2.2,81.2,19.2,256.7
2005,1,15,-14.0,-9.0,-5.7,-13.5,70.0,9.2,237.4
2005,1,16,-10.9,-8.8,-6.8,-12.3,75.8,8.0,157.1
2005,1,17,-17.8,-14.1,-11.3,-16.9,80.1,13.0,191.2
2005,1,18,-23.1,-22.1,-18.7,-26.9,65.2,13.2,267.9
2005,1,19,-22.9,-14.4,-7.9,-19.2,69.2,8.0,147.9
2005,1,20,-21.0,-14.6,-9.3,-17.5,78.5,9.6,291.7
2005,1,21,-26.9,-24.7,-21.8,-29.8,63.2,8.2,284.2
2005,1,22,-27.8,-21.7,-17.4,-25.3,73.0,9.0,72.2
2005,1,23,-25.4,-19.8,-16.9,-22.7,77.9,14.3,137.1
2005,1,24,-24.8,-16.0,-10.4,-18.5,82.2,8.5,213.8
2005,1,25,-19.0,-15.3,-9.8,-19.3,72.7,7.1,255.4
2005,1,26,-20.9,-16.8,-14.9,-20.6,72.6,11.9,24.8
2005,1,27,-27.5,-22.3,-18.5,-26.3,70.4,5.9,216.1
2005,1,28,-26.5,-19.6,-14.5,-23.3,73.0,6.2,215.0
2005,1,29,-15.8,-10.8,-5.2,-17.5,59.0,6.8,213.8
2005,1,30,-17.5,-9.5,-3.5,-13.4,74.1,3.7,215.0
2005,1,31,-20.8,-14.4,-6.4,-18.0,76.6,2.2,210.6
2005,2,1,-18.9,-11.0,-3.4,-15.0,75.3,2.6,233.1
2005,2,2,-11.8,-6.4,0.1,-10.1,76.6,3.6,171.5
2005,2,3,-14.6,-5.5,4.3,-10.5,73.4,2.0,154.2
2005,2,4,-11.4,-4.9,1.9,-8.6,78.7,3.0,227.5
2005,2,5,-11.1,-5.0,2.8,-7.1,86.8,2.3,242.0
2005,2,6,-10.4,-2.6,6.1,-5.0,85.8,2.7,191.1
2005,2,7,-2.5,3.6,9.2,-3.5,63.6,3.8,215.8
2005,2,8,1.1,2.3,4.7,-0.1,85.0,3.5,178.0
2005,2,9,-3.2,-0.8,1.4,-1.7,93.6,7.9,160.8
2005,2,10,-6.6,-4.7,-2.8,-4.7,99.6,17.5,40.8
2005,2,11,-8.7,-6.0,-1.5,-11.8,64.6,13.0,295.8
2005,2,12,-12.0,-5.5,-1.2,-7.4,86.3,8.8,225.0
2005,2,13,-18.0,-11.0,-5.6,-15.1,73.2,8.0,246.8
2005,2,14,-18.6,-5.7,3.9,-11.2,67.9,14.2,110.9
2005,2,15,2.4,3.2,4.2,0.4,82.2,13.7,206.2
2005,2,16,-4.4,0.5,2.8,0.3,98.6,7.4,229.2
2005,2,17,-14.7,-9.6,-4.9,-12.0,84.0,3.6,234.5
2005,2,18,-14.2,-11.4,-8.0,-12.5,91.5,12.0,213.0
2005,2,19,-21.0,-13.4,-7.0,-16.7,77.7,9.5,218.3
2005,2,20,-21.3,-16.4,-12.1,-22.3,61.7,5.6,200.0
2005,2,21,-16.0,-8.0,-3.1,-11.3,77.2,9.3,115.4
2005,2,22,-7.8,-4.9,-2.8,-6.6,87.8,5.8,225.0
2005,2,23,-12.0,-9.7,-5.2,-12.6,80.1,8.8,265.2
2005,2,24,-22.2,-14.1,-9.5,-18.8,69.3,6.1,159.5
2005,2,25,-20.0,-13.8,-8.8,-17.7,73.3,4.2,182.0
2005,2,26,-21.6,-13.8,-6.0,-18.0,72.5,3.8,235.0
2005,2,27,-17.9,-12.2,-7.4,-17.2,67.9,12.3,237.9
2005,2,28,-17.6,-8.1,-0.5,-16.2,57.5,6.5,76.8
2005,3,1,-6.4,-4.9,-1.6,-7.5,84.8,15.1,68.3
2005,3,2,-7.3,-6.1,-4.5,-8.7,82.5,14.3,296.1
2005,3,3,-17.0,-11.8,-7.7,-16.9,65.9,15.2,262.1
2005,3,4,-18.4,-10.4,-4.4,-15.4,68.0,9.7,226.1
2005,3,5,-16.2,-6.8,-0.9,-11.3,72.0,10.9,231.2
2005,3,6,-6.1,-1.8,1.7,-3.9,86.0,13.2,207.5
2005,3,7,-15.3,-7.9,-1.5,-10.7,80.8,8.2,121.7
2005,3,8,-12.3,-9.5,-5.0,-10.8,90.7,13.1,278.8
2005,3,9,-17.5,-13.9,-10.6,-18.8,66.9,24.8,266.7
2005,3,10,-20.3,-13.4,-7.9,-19.2,63.7,10.8,228.3
2005,3,11,-9.5,-4.4,-0.3,-9.9,67.5,9.9,171.2
2005,3,12,-3.7,-2.2,0.0,-2.6,96.6,7.3,145.4
2005,3,13,-4.0,-2.8,-1.0,-4.6,88.2,8.1,239.2
2005,3,14,-9.6,-3.5,0.1,-7.8,72.5,11.6,267.5
2005,3,15,-2.8,-1.1,0.4,-5.1,74.7,10.9,274.6
2005,3,16,-5.6,-3.1,-1.4,-5.2,86.0,13.5,262.9
2005,3,17,-11.5,-6.8,-1.8,-10.0,79.7,6.5,208.2
2005,3,18,-15.7,-6.5,-1.0,-10.0,77.3,7.3,230.0
2005,3,19,-12.0,-3.8,1.3,-8.2,73.1,7.7,221.2
2005,3,20,-11.6,-3.3,3.0,-8.8,68.5,4.0,218.1
2005,3,21,-11.0,-3.1,3.7,-7.5,74.8,3.5,219.4
2005,3,22,-6.6,-0.1,4.3,-6.4,64.2,10.0,230.4
2005,3,23,-5.9,-2.3,1.2,-8.3,63.5,8.3,205.8
2005,3,24,-6.3,-0.5,5.1,-6.3,66.5,6.0,183.5
2005,3,25,-7.7,-0.3,2.5,-6.1,66.9,11.1,233.2
2005,3,26,-12.0,-4.2,1.9,-12.3,60.8,2.7,201.8
2005,3,27,-8.9,-0.1,8.3,-5.9,68.0,4.3,223.5
2005,3,28,1.1,3.4,4.7,1.2,86.5,7.5,95.4
2005,3,29,-0.4,3.5,7.9,0.2,80.5,13.8,53.8
2005,3,30,-2.3,3.7,8.7,-1.8,70.3,9.3,35.0
2005,3,31,0.0,8.5,14.6,-1.8,53.4,9.1,123.6
2005,4,1,2.8,5.5,8.3,3.2,85.7,9.5,201.8
2005,4,2,1.9,3.9,5.7,2.8,93.0,8.1,65.7
2005,4,3,5.1,8.4,12.0,4.5,77.5,13.2,99.2
2005,4,4,2.1,3.3,4.3,3.0,98.1,10.6,234.5
2005,4,5,1.0,5.2,10.9,-1.4,65.3,12.7,245.4
2005,4,6,-0.2,8.4,14.8,-0.1,58.6,5.0,224.3
2005,4,7,1.7,5.3,8.8,3.3,88.1,7.2,151.7
2005,4,8,-2.0,3.9,10.1,1.0,83.9,8.5,234.5
2005,4,9,-3.2,3.6,10.5,-4.1,62.3,4.6,149.6
2005,4,10,0.3,5.3,9.1,-4.8,49.7,11.0,196.2
2005,4,11,-2.2,1.2,5.5,-7.3,54.3,13.2,90.8
2005,4,12,-3.8,1.7,7.1,-5.9,59.9,11.8,161.3
2005,4,13,0.2,3.6,8.7,-0.9,75.0,8.1,222.1
2005,4,14,-2.3,3.4,9.3,-4.2,64.4,10.1,48.0
2005,4,15,-3.5,4.1,12.0,-6.0,53.6,7.2,117.4
2005,4,16,-3.2,7.4,17.6,-3.8,53.1,5.4,209.4
2005,4,17,-0.3,11.5,20.1,-0.4,47.8,11.3,226.2
2005,4,18,1.1,8.9,15.3,-4.1,43.8,7.0,180.4
2005,4,19,-0.4,12.9,22.3,1.2,51.2,10.2,211.9
2005,4,20,2.7,8.1,16.9,5.7,86.2,9.5,150.4
2005,4,21,-1.9,2.8,8.9,-5.8,57.3,10.1,210.5
2005,4,22,-4.3,5.8,12.8,-4.7,53.1,6.0,177.9
2005,4,23,5.2,6.9,11.2,4.7,88.3,10.0,72.6
2005,4,24,7.8,13.3,16.8,8.6,74.9,15.5,123.8
2005,4,25,4.1,5.3,6.8,4.2,92.7,8.3,179.6
2005,4,26,4.6,11.5,17.8,3.0,60.2,8.7,179.6
2005,4,27,8.3,12.1,14.2,6.2,68.7,14.0,133.9
2005,4,28,5.1,7.1,9.3,6.5,95.7,8.9,217.5
2005,4,29,2.4,6.3,11.7,3.0,81.5,16.1,237.0
2005,4,30,1.6,8.4,14.5,4.2,77.9,5.6,135.5
2005,5,1,5.2,8.0,11.1,5.1,82.5,13.8,247.9
2005,5,2,2.9,6.5,10.3,2.4,75.8,11.4,214.6
2005,5,3,3.7,5.9,9.0,1.2,73.2,12.2,228.8
2005,5,4,2.0,5.9,9.4,0.3,68.3,9.9,225.0
2005,5,5,1.5,7.7,14.0,-0.3,60.5,6.2,212.4
2005,5,6,3.9,12.4,18.3,0.0,45.8,6.4,138.3
2005,5,7,5.9,10.1,14.1,0.6,53.1,10.8,102.9
2005,5,8,6.5,8.9,10.8,3.5,69.1,17.3,32.1
2005,5,9,7.8,12.1,19.4,7.2,73.5,6.3,177.7
2005,5,10,6.4,17.9,26.7,9.6,64.3,6.6,196.5
2005,5,11,9.3,19.2,24.8,11.1,59.5,13.2,252.9
2005,5,12,0.4,4.6,8.4,-6.3,47.1,16.0,335.0
2005,5,13,-3.5,5.7,12.6,-5.2,49.5,7.0,254.5
2005,5,14,2.5,8.0,11.1,3.0,71.3,5.4,90.9
2005,5,15,7.6,11.5,13.2,9.9,90.7,5.1,160.8
2005,5,16,8.0,10.7,13.9,7.4,81.5,7.2,229.6
2005,5,17,7.1,9.8,13.3,3.3,65.3,9.4,235.4
2005,5,18,6.4,9.5,12.9,4.2,71.4,6.4,229.6
2005,5,19,1.4,9.6,15.9,4.2,72.6,4.9,258.0
2005,5,20,2.2,10.8,17.1,5.1,70.7,6.7,90.4
2005,5,21,6.2,9.2,11.5,5.3,77.5,12.2,47.1
2005,5,22,6.5,8.5,10.9,6.9,90.0,13.5,34.2
2005,5,23,7.2,10.0,12.4,8.4,90.4,12.0,34.6
2005,5,24,5.9,11.5,15.9,6.4,72.0,14.3,63.3
2005,5,25,5.4,12.8,19.7,4.7,60.8,11.5,50.4
2005,5,26,7.9,9.7,12.0,7.0,84.1,12.0,30.8
2005,5,27,8.3,10.2,11.9,8.4,88.3,5.6,165.8
2005,5,28,9.7,14.1,19.8,11.3,84.6,4.9,162.1
2005,5,29,6.3,13.4,20.0,10.9,86.4,5.0,219.5
2005,5,30,11.7,14.9,20.0,11.7,82.5,6.5,223.3
2005,5,31,11.5,15.8,20.9,12.4,81.1,4.4,186.4
2005,6,1,9.2,17.2,24.1,11.3,72.8,3.1,247.6
2005,6,2,9.9,18.7,26.9,12.1,70.0,4.3,240.0
2005,6,3,13.4,21.0,28.2,13.3,64.9,7.5,220.4
2005,6,4,15.2,21.8,29.0,12.8,59.9,8.3,231.7
2005,6,5,16.1,21.4,27.0,15.6,70.8,6.6,193.5
2005,6,6,15.3,22.3,29.0,16.2,70.1,11.4,188.6
2005,6,7,18.1,22.3,26.1,14.5,63.2,16.6,256.2
2005,6,8,13.1,15.9,17.5,12.4,80.1,5.5,155.4
2005,6,9,9.8,20.1,29.3,15.3,76.4,5.0,158.8
2005,6,10,18.9,23.7,28.0,20.2,81.2,7.2,207.0
2005,6,11,19.3,25.2,30.9,20.6,77.5,6.3,212.2
2005,6,12,20.3,25.2,30.7,21.1,79.8,9.0,222.1
2005,6,13,22.0,25.3,30.2,20.3,75.0,9.2,227.1
2005,6,14,15.9,19.0,22.9,18.6,97.5,4.9,138.4
2005,6,15,13.3,15.5,18.3,14.4,93.1,8.4,137.1
2005,6,16,13.3,15.1,17.2,13.9,92.6,7.4,155.0
2005,6,17,12.1,13.6,15.5,13.0,95.7,8.3,103.8
2005,6,18,9.4,12.0,14.0,10.0,87.8,10.0,40.8
2005,6,19,6.8,14.2,21.0,9.7,77.4,5.7,145.2
2005,6,20,8.0,16.7,23.7,13.1,81.2,6.9,223.2
2005,6,21,14.1,20.3,25.6,15.2,73.8,10.7,217.5
2005,6,22,8.3,15.4,19.2,8.7,67.9,8.1,186.2
2005,6,23,5.7,14.8,20.1,9.0,71.8,6.9,229.1
2005,6,24,15.4,21.6,27.6,13.0,58.9,10.6,207.5
2005,6,25,21.4,25.3,30.9,18.5,66.9,9.8,229.2
2005,6,26,16.7,22.9,28.8,17.7,75.1,4.3,143.7
2005,6,27,17.0,25.0,31.4,18.7,70.0,4.0,200.5
2005,6,28,21.6,26.1,31.3,20.9,74.1,7.5,213.8
2005,6,29,19.5,22.4,25.8,20.3,88.2,3.9,210.0
2005,6,30,16.9,22.6,27.9,19.0,82.1,3.6,197.6
2005,7,1,-999.0,24.2,-999.0,19.3,75.3,11.9,175.8
2005,7,2,-999.0,17.7,-999.0,11.1,66.3,10.8,261.2
2005,7,3,-999.0,19.6,-999.0,12.5,67.1,5.8,217.8
2005,7,4,-999.0,23.2,-999.0,15.5,63.0,7.5,201.7
2005,7,5,-999.0,21.5,-999.0,18.9,85.6,6.8,185.4
2005,7,6,-999.0,18.4,-999.0,13.1,73.5,10.8,28.8
2005,7,7,-999.0,18.8,-999.0,12.4,69.1,5.4,70.9
2005,7,8,-999.0,20.1,-999.0,16.0,78.0,4.0,177.1
2005,7,9,-999.0,16.4,-999.0,15.9,96.8,6.5,192.6
2005,7,10,-999.0,21.5,-999.0,17.8,81.1,8.5,242.1
2005,7,11,-999.0,23.3,-999.0,17.6,74.2,5.3,184.3
2005,7,12,-999.0,23.3,-999.0,14.9,64.1,3.9,117.6
2005,7,13,-999.0,22.4,-999.0,18.3,79.4,5.5,195.9
2005,7,14,-999.0,22.8,-999.0,20.1,85.8,7.8,228.7
2005,7,15,-999.0,21.3,-999.0,14.9,71.2,4.1,119.5
2005,7,16,-999.0,23.5,-999.0,16.9,68.4,3.0,111.0
2005,7,17,-999.0,24.6,-999.0,22.0,85.3,4.9,184.3
2005,7,18,-999.0,26.0,-999.0,22.7,82.9,7.6,198.8
2005,7,19,-999.0,24.8,-999.0,21.6,83.2,8.0,218.3
2005,7,20,-999.0,21.1,-999.0,17.0,78.7,5.8,252.2
2005,7,21,-999.0,22.1,-999.0,17.8,78.4,8.0,223.3
2005,7,22,-999.0,20.2,-999.0,17.9,87.8,5.0,189.5
2005,7,23,-999.0,17.1,-999.0,12.9,79.3,5.4,239.4
2005,7,24,-999.0,14.8,-999.0,11.1,81.1,3.4,202.0
2005,7,25,-999.0,19.7,-999.0,16.6,82.9,6.0,215.0
2005,7,26,-999.0,19.4,-999.0,17.3,87.9,4.9,210.0
2005,7,27,-999.0,16.3,-999.0,15.2,93.1,4.6,272.9
2005,7,28,-999.0,12.6,-999.0,11.2,92.7,1.2,131.7
2005,7,29,-999.0,12.7,-999.0,11.9,95.6,3.1,202.9
2005,7,30,-999.0,12.3,-999.0,11.2,93.7,2.6,97.8
2005,7,31,-999.0,14.0,-999.0,11.3,84.5,4.6,50.0
2005,10,1,6.7,13.7,20.8,7.3,67.7,8.8,202.5
2005,10,2,9.3,15.7,23.7,10.7,74.8,4.5,217.1
2005,10,3,8.4,16.2,25.5,12.1,80.7,3.4,236.7
2005,10,4,14.6,19.3,25.7,14.6,75.2,7.2,211.7
2005,10,5,13.1,19.4,25.9,14.6,76.2,5.6,212.3
2005,10,6,13.0,19.5,25.3,15.4,79.3,6.1,198.1
2005,10,7,7.1,15.7,20.6,14.3,91.6,10.2,177.5
2005,10,8,5.3,7.3,9.3,4.5,83.6,15.2,34.2
2005,10,9,6.6,8.7,10.1,6.7,87.6,14.2,35.4
2005,10,10,8.6,10.8,14.3,8.8,88.1,7.8,68.8
2005,10,11,7.0,10.1,13.0,8.0,87.2,9.7,60.4
2005,10,12,5.5,10.1,14.7,4.9,71.7,8.3,51.2
2005,10,13,9.0,11.1,13.6,7.5,79.3,6.2,90.8
2005,10,14,10.3,12.6,15.6,11.8,95.0,3.2,117.0
2005,10,15,9.8,12.4,13.8,12.2,98.5,5.9,243.3
2005,10,16,8.6,9.2,10.1,8.6,96.0,18.5,282.1
2005,10,17,7.3,8.3,9.4,6.1,86.3,16.4,265.8
2005,10,18,5.6,7.6,8.6,7.2,97.3,4.8,214.1
2005,10,19,4.3,8.0,10.7,7.2,95.0,9.4,227.1
2005,10,20,-0.9,4.4,8.6,1.5,82.8,10.8,248.2
2005,10,21,-1.7,1.9,7.3,0.2,90.2,4.5,230.0
2005,10,22,-2.0,4.0,10.0,1.4,84.8,5.2,30.0
2005,10,23,4.6,6.0,7.7,4.6,90.8,10.9,35.4
2005,10,24,4.0,5.9,8.2,4.0,87.8,7.0,43.5
2005,10,25,0.2,3.8,6.8,3.0,94.3,15.4,37.1
2005,10,26,0.3,2.5,4.5,1.3,92.6,10.9,229.6
2005,10,27,1.5,2.7,3.9,-0.1,82.1,5.4,269.1
2005,10,28,-2.3,1.9,4.6,-0.5,85.4,2.6,222.4
2005,10,29,-3.8,1.6,7.0,-1.2,84.0,4.5,235.7
2005,10,30,0.5,6.5,13.0,4.1,85.6,9.8,220.4
2005,10,31,5.9,10.6,14.4,4.9,68.5,9.5,216.7
2005,11,1,8.4,12.5,18.7,7.2,74.2,11.0,213.3
2005,11,2,0.0,5.3,8.3,1.6,77.8,12.5,264.6
2005,11,3,0.5,7.7,13.8,3.0,73.0,11.4,199.2
2005,11,4,2.0,4.3,8.3,1.9,84.8,7.5,92.5
2005,11,5,0.1,4.5,10.5,3.3,92.3,4.5,140.0
2005,11,6,3.1,8.4,16.8,6.9,91.3,10.8,120.8
2005,11,7,3.1,7.1,10.7,1.4,67.7,20.9,244.2
2005,11,8,-3.2,3.5,6.4,-1.6,70.9,11.3,260.8
2005,11,9,-5.4,1.0,6.5,-1.8,83.0,10.2,144.3
2005,11,10,-1.4,3.6,6.9,0.8,81.8,15.8,252.5
2005,11,11,-2.6,-0.6,1.5,-5.0,72.2,12.6,260.0
2005,11,12,-6.0,0.0,6.6,-4.2,75.9,4.0,191.1
2005,11,13,0.4,10.4,17.0,0.3,53.8,10.2,204.6
2005,11,14,-2.2,7.3,14.0,0.5,63.9,17.5,226.7
2005,11,15,-2.3,1.6,5.5,0.9,94.9,8.2,75.8
2005,11,16,5.6,10.1,17.7,8.0,87.7,15.6,175.0
2005,11,17,-0.2,2.5,4.5,-0.8,79.2,15.8,245.4
2005,11,18,-9.1,-5.0,-0.5,-7.6,82.5,12.6,250.0
2005,11,19,-9.0,-0.2,3.0,-4.8,71.7,8.7,196.5
2005,11,20,1.8,4.2,6.5,-1.0,69.1,8.7,212.5
2005,11,21,5.7,7.4,8.7,2.4,70.7,8.8,218.3
2005,11,22,-3.3,2.1,5.9,1.4,95.5,11.1,180.4
2005,11,23,-13.5,-7.2,-3.5,-8.7,88.7,11.4,252.6
2005,11,24,-12.0,-5.6,-1.9,-7.5,86.5,13.3,130.0
2005,11,25,-12.1,-8.3,-3.8,-12.1,75.0,13.1,234.8
2005,11,26,-11.2,-6.0,-2.1,-6.9,93.8,2.2,190.0
2005,11,27,-12.1,-3.6,1.9,-6.0,84.7,3.3,71.0
2005,11,28,1.8,6.2,12.2,4.8,91.4,7.0,157.5
2005,11,29,12.7,15.3,18.0,10.0,71.0,26.1,168.3
2005,11,30,2.4,7.3,11.0,4.9,85.3,10.0,235.0
2005,12,1,-0.3,2.2,3.2,0.3,87.8,5.9,128.3
2005,12,2,-4.8,-0.1,3.0,-0.7,96.0,14.8,244.6
2005,12,3,-6.7,-5.3,-3.6,-9.2,74.6,25.1,252.5
2005,12,4,-6.7,-4.0,-2.2,-6.4,83.9,8.0,227.1
2005,12,5,-4.9,-2.4,-0.3,-5.5,79.6,9.6,235.0
2005,12,6,-9.5,-5.5,-2.8,-7.3,87.8,8.1,231.0
2005,12,7,-12.7,-8.9,-5.4,-12.4,76.2,15.0,275.0
2005,12,8,-15.1,-10.8,-6.0,-12.8,85.6,8.0,211.2
2005,12,9,-11.6,-7.0,-2.5,-8.4,90.5,6.0,176.5
2005,12,10,-5.6,-1.4,0.9,-4.1,82.4,9.7,207.9
2005,12,11,-4.7,-1.9,-0.3,-4.9,80.4,6.7,201.7
2005,12,12,-14.8,-9.6,-2.3,-11.2,88.2,7.8,234.2
2005,12,13,-21.3,-17.3,-12.3,-19.7,82.9,2.4,229.2
2005,12,14,-23.5,-19.2,-13.5,-21.3,84.0,2.2,139.2
2005,12,15,-23.2,-15.8,-8.5,-18.5,80.2,5.2,67.9
2005,12,16,-8.1,-2.5,-1.1,-4.4,88.6,8.2,115.4
2005,12,17,-5.7,-2.1,-0.5,-4.4,84.0,12.2,226.2
2005,12,18,-3.9,-3.0,-1.9,-5.8,80.9,8.5,227.1
2005,12,19,-7.7,-5.5,-3.2,-8.3,81.2,12.9,230.0
2005,12,20,-12.9,-5.5,-3.5,-7.9,83.4,14.5,276.2
2005,12,21,-21.8,-12.9,-6.4,-15.7,80.8,7.2,222.7
2005,12,22,-17.8,-9.4,-1.3,-11.9,82.6,8.8,206.2
2005,12,23,-1.7,0.2,1.3,-0.8,93.3,8.3,205.4
2005,12,24,0.5,1.2,1.8,0.8,97.5,6.1,200.0
2005,12,25,0.8,2.2,4.9,1.8,97.4,5.2,41.7
2005,12,26,-5.5,-1.0,2.5,-1.6,95.6,16.3,36.7
2005,12,27,-9.7,-6.9,-5.4,-8.9,85.3,10.0,275.8
2005,12,28,-4.9,-2.0,0.8,-4.2,85.0,5.2,135.4
2005,12,29,-1.3,1.1,3.0,0.8,97.8,5.8,56.7
2005,12,30,-18.1,-9.0,-2.2,-9.8,94.1,2.8,289.4
2005,12,31,-21.2,-15.9,-11.1,-17.2,89.5,3.0,50.8
2006,1,1,-10.9,-9.5,-8.5,-10.5,92.3,3.1,172.2
2006,1,2,-8.5,-5.5,-2.8,-6.3,94.6,4.0,155.4
2006,1,3,-14.9,-8.5,-5.6,-9.3,93.8,6.5,86.4
2006,1,4,-17.0,-9.7,-1.6,-10.7,92.0,2.5,154.1
2006,1,5,-4.1,-0.5,0.9,-0.9,97.5,5.5,198.3
2006,1,6,-10.2,-6.1,-3.5,-7.1,92.3,7.7,253.8
2006,1,7,-16.5,-13.0,-9.7,-15.1,84.2,8.5,190.0
2006,1,8,-10.8,-5.6,-1.7,-7.1,89.5,3.5,85.9
2006,1,9,-3.5,-1.3,0.7,-2.0,94.9,9.9,178.7
2006,1,10,-6.6,-3.1,-0.4,-4.6,89.2,10.3,231.2
2006,1,11,-4.1,1.4,5.8,0.0,90.5,4.1,185.2
2006,1,12,2.5,3.1,4.0,2.3,94.2,9.0,227.9
2006,1,13,1.7,6.0,10.4,0.5,69.9,7.0,207.5
2006,1,14,-5.4,4.1,11.1,2.6,90.9,12.5,225.0
2006,1,15,-16.1,-13.3,-6.0,-18.3,66.4,17.4,318.8
2006,1,16,-18.3,-15.0,-12.0,-18.4,75.4,18.4,260.8
2006,1,17,-15.8,-8.4,1.7,-12.8,71.9,7.1,157.1
2006,1,18,0.7,3.2,7.3,1.2,86.9,22.2,176.7
2006,1,19,-3.5,-1.1,0.8,-4.1,80.3,19.9,218.6
2006,1,20,-1.0,3.6,6.6,-0.1,77.5,5.7,177.3
2006,1,21,-6.1,-0.2,3.4,-0.9,95.3,10.6,210.4
2006,1,22,-14.1,-9.0,-5.9,-12.7,75.5,6.2,220.4
2006,1,23,-16.2,-2.8,0.3,-4.6,88.3,5.7,165.8
2006,1,24,-3.2,-0.3,2.2,-3.3,81.8,6.7,191.7
2006,1,25,-2.8,-0.5,0.6,-0.7,98.6,6.6,221.2
2006,1,26,-14.6,-7.2,-3.1,-9.0,87.6,11.2,267.1
2006,1,27,-15.9,-9.0,-2.3,-12.9,74.8,8.9,217.1
2006,1,28,-3.0,1.0,5.4,-2.7,77.4,9.2,227.8
2006,1,29,-5.2,-2.7,0.0,-5.1,84.3,9.5,50.4
2006,1,30,-2.9,-0.8,1.0,-0.8,100.0,5.0,137.5
2006,1,31,-2.5,0.9,3.0,0.4,96.3,4.3,111.2
2006,2,1,-4.1,-2.7,-1.6,-3.5,94.7,5.5,248.8
2006,2,2,-4.7,0.4,5.0,-2.5,81.9,3.8,109.5
2006,2,3,2.4,3.8,5.6,2.2,89.6,11.2,168.3
2006,2,4,1.9,3.0,4.2,0.7,85.2,10.4,140.0
2006,2,5,0.2,3.2,6.7,2.5,95.0,9.0,164.8
2006,2,6,-7.9,-4.5,-0.2,-7.3,81.4,19.0,250.0
2006,2,7,-10.2,-8.7,-7.5,-12.0,77.2,17.7,246.7
2006,2,8,-13.0,-10.1,-8.4,-13.0,79.8,8.2,262.5
2006,2,9,-14.3,-12.4,-10.7,-15.6,77.4,9.2,256.7
2006,2,10,-17.4,-14.8,-12.2,-19.0,71.4,6.4,262.2
2006,2,11,-18.6,-12.4,-6.9,-16.4,74.0,4.7,160.5
2006,2,12,-15.0,-11.3,-7.0,-15.4,72.8,8.6,67.9
2006,2,13,-14.2,-8.6,-3.5,-11.6,79.0,10.1,215.0
2006,2,14,-4.2,-3.3,-0.5,-4.5,91.7,9.8,219.2
2006,2,15,0.1,3.3,7.7,-0.4,78.2,9.4,210.0
2006,2,16,-7.9,-4.0,3.0,-6.1,85.7,12.6,73.8
2006,2,17,-12.6,-4.2,7.6,-6.4,84.7,24.5,191.2
2006,2,18,-17.5,-16.5,-13.2,-21.2,67.4,16.8,275.4
2006,2,19,-16.3,-11.3,-6.2,-16.3,66.8,15.2,252.5
2006,2,20,-8.5,-5.8,-2.9,-10.3,71.5,14.8,231.7
2006,2,21,-7.6,-4.5,-2.5,-6.6,85.5,8.4,208.8
2006,2,22,-5.1,-2.5,0.3,-6.8,74.8,7.2,199.6
2006,2,23,-1.5,-0.3,1.3,-2.6,84.6,6.3,226.7
2006,2,24,-12.2,-5.1,-0.9,-9.1,74.0,15.0,283.8
2006,2,25,-16.9,-13.2,-9.5,-16.9,74.5,10.2,58.8
2006,2,26,-21.1,-14.5,-10.6,-19.7,66.2,11.7,281.3
2006,2,27,-18.4,-15.3,-12.3,-21.2,61.2,19.3,262.1
2006,2,28,-15.0,-12.3,-9.3,-19.0,58.7,18.3,258.3
2006,3,1,-18.5,-12.3,-6.7,-18.2,61.8,13.3,265.4
2006,3,2,-8.6,-6.4,-4.3,-9.7,77.9,10.8,206.2
2006,3,3,-13.0,-10.4,-8.4,-13.0,82.0,17.6,285.4
2006,3,4,-8.2,-5.6,-3.0,-8.2,82.2,15.0,246.7
2006,3,5,-5.7,-4.6,-3.3,-8.9,72.0,11.2,279.2
2006,3,6,-8.4,-5.4,-1.3,-9.2,75.2,5.5,257.6
2006,3,7,-10.3,-6.1,-3.1,-9.0,81.5,4.0,198.3
2006,3,8,-15.0,-7.5,-2.1,-11.8,73.4,4.4,148.1
2006,3,9,-4.7,1.7,5.1,-3.4,70.9,11.0,118.8
2006,3,10,3.0,6.6,11.7,4.9,89.1,14.0,191.2
2006,3,11,1.0,4.0,8.0,-0.2,75.2,11.8,255.0
2006,3,12,-2.4,3.6,10.0,1.2,86.2,5.8,222.9
2006,3,13,3.1,4.9,6.6,4.7,98.4,6.3,123.3
2006,3,14,-1.0,5.1,12.1,1.4,78.0,20.2,225.4
2006,3,15,-5.2,-3.8,-1.5,-6.8,80.8,21.6,273.3
2006,3,16,-7.3,-5.0,-2.5,-8.7,76.5,16.6,272.1
2006,3,17,-9.5,-7.1,-4.8,-13.6,60.2,11.5,297.1
2006,3,18,-11.2,-8.1,-6.9,-12.3,72.3,11.6,275.8
2006,3,19,-10.6,-7.2,-4.7,-10.5,77.3,9.7,282.1
2006,3,20,-9.9,-6.5,-2.9,-11.6,67.8,14.1,292.1
2006,3,21,-6.0,-3.6,-1.0,-7.4,75.1,14.5,250.0
2006,3,22,-2.9,-0.9,1.5,-4.0,79.6,8.6,237.1
2006,3,23,-0.6,2.2,6.0,-0.7,81.2,7.0,217.5
2006,3,24,0.1,2.9,6.2,-0.2,80.3,4.3,243.7
2006,3,25,-0.6,3.9,8.5,0.4,79.7,3.8,164.3
2006,3,26,-2.7,2.5,7.3,-2.4,72.5,7.4,248.6
2006,3,27,-2.3,2.0,6.6,-6.0,56.9,9.5,302.7
2006,3,28,-5.2,2.0,10.3,-3.8,71.0,3.0,228.6
2006,3,29,-4.7,4.5,12.3,-3.3,61.9,8.8,240.9
2006,3,30,-1.1,6.0,14.0,-1.0,64.5,6.0,219.5
2006,3,31,-0.5,11.8,20.8,1.2,53.8,7.1,232.9
2006,4,1,5.5,11.7,18.7,7.9,78.7,14.0,230.4
2006,4,2,-1.7,4.0,9.6,-2.6,65.4,11.7,295.4
2006,4,3,-2.7,6.6,13.0,-5.1,51.6,8.8,120.4
2006,4,4,-1.5,1.9,7.2,1.2,96.1,7.7,180.9
2006,4,5,-3.0,-0.3,2.8,-2.2,87.4,11.4,237.5
2006,4,6,0.1,3.2,7.2,1.1,87.0,9.5,243.3
2006,4,7,-0.4,4.7,7.3,2.4,85.8,8.0,225.4
2006,4,8,-5.2,-1.1,3.5,-6.0,70.2,11.2,281.2
2006,4,9,-5.2,1.2,7.3,-3.4,75.0,6.9,230.9
2006,4,10,-2.6,5.4,13.4,-1.1,66.8,10.7,228.3
2006,4,11,-1.7,7.9,15.9,-0.7,60.0,5.5,191.5
2006,4,12,7.3,16.2,22.8,1.7,38.9,12.7,175.2
2006,4,13,6.0,11.2,16.2,6.4,73.3,17.2,237.1
2006,4,14,0.5,9.2,17.2,1.1,62.2,4.3,181.2
2006,4,15,6.0,10.9,13.1,7.5,80.8,11.7,258.3
2006,4,16,4.3,5.9,7.9,2.9,81.3,11.3,268.3
2006,4,17,4.2,6.6,9.2,2.7,76.4,13.7,27.9
2006,4,18,1.5,10.5,16.7,3.6,65.4,10.9,40.0
2006,4,19,2.1,12.7,21.0,1.5,52.7,10.6,199.6
2006,4,20,1.5,11.8,18.9,-0.1,47.0,8.8,110.0
2006,4,21,4.0,12.7,18.8,0.6,45.4,9.0,90.4
2006,4,22,2.4,10.7,15.0,-2.9,42.4,9.0,150.0
2006,4,23,4.4,6.0,7.4,4.8,92.3,6.1,99.5
2006,4,24,5.1,8.5,13.1,5.9,84.5,8.2,200.4
2006,4,25,-1.5,5.4,9.0,2.2,81.2,12.3,253.9
2006,4,26,-2.1,4.5,10.4,-1.4,68.8,13.5,232.9
2006,4,27,-1.3,3.3,8.2,-3.4,67.6,7.2,215.7
2006,4,28,-3.6,3.5,10.1,-4.6,59.4,5.5,193.6
2006,4,29,-2.4,6.7,15.1,-3.2,56.7,3.9,202.7
2006,4,30,-0.4,12.0,20.8,-2.6,45.1,6.0,38.6
2006,5,1,5.9,15.2,20.8,-2.8,32.2,9.5,87.9
2006,5,2,8.2,9.8,13.3,5.5,77.7,10.9,50.0
2006,5,3,8.4,10.9,13.4,10.4,96.8,4.3,155.7
2006,5,4,10.8,15.8,23.3,11.2,78.5,6.4,210.9
2006,5,5,10.0,14.7,19.3,8.0,65.6,9.2,240.8
2006,5,6,4.4,9.1,13.6,6.6,85.2,8.5,244.2
2006,5,7,-1.2,5.8,12.0,-0.9,66.1,8.3,244.5
2006,5,8,3.1,12.5,20.5,1.9,51.5,4.7,206.7
2006,5,9,7.9,16.1,21.2,4.2,47.8,5.4,95.9
2006,5,10,10.3,16.1,23.0,9.7,67.0,10.8,76.7
2006,5,11,13.1,17.8,22.6,11.7,69.5,12.0,115.8
2006,5,12,13.0,15.6,19.3,10.1,69.9,17.0,105.4
2006,5,13,10.1,11.5,13.8,8.6,82.7,12.0,99.6
2006,5,14,9.7,15.1,21.3,6.3,60.3,9.8,92.5
2006,5,15,11.0,14.6,18.2,8.4,67.2,9.2,106.2
2006,5,16,11.0,12.7,15.0,11.0,89.3,7.7,175.4
2006,5,17,10.4,11.5,12.8,11.0,96.7,9.9,203.8
2006,5,18,11.6,13.5,16.5,12.1,91.8,4.9,103.0
2006,5,19,9.8,10.6,11.6,10.5,99.1,7.2,226.1
2006,5,20,7.8,9.5,11.5,9.1,97.2,15.8,233.8
2006,5,21,6.9,9.0,13.1,7.3,89.4,8.5,219.2
2006,5,22,4.8,6.7,8.4,3.3,79.8,14.3,280.4
2006,5,23,4.9,8.6,13.1,6.1,84.8,8.9,260.4
2006,5,24,8.1,12.2,17.6,6.9,72.7,6.2,247.9
2006,5,25,6.7,15.4,23.2,8.4,65.0,6.5,215.8
2006,5,26,13.0,17.7,22.4,13.4,77.7,4.1,221.4
2006,5,27,13.1,17.1,22.2,13.6,82.1,6.2,194.6
2006,5,28,10.8,18.6,25.5,13.2,74.3,6.0,215.0
2006,5,29,15.9,20.9,26.1,16.2,75.6,5.6,214.8
2006,5,30,17.1,22.1,26.5,18.1,79.1,5.2,190.8
2006,5,31,18.3,22.6,28.6,18.3,77.6,8.4,207.1
2006,6,1,11.9,17.1,19.8,15.1,88.8,5.3,220.0
2006,6,2,8.9,17.6,23.7,11.6,71.8,4.4,55.0
2006,6,3,12.9,14.6,16.6,13.2,91.6,8.6,42.9
2006,6,4,9.4,13.8,17.9,9.8,78.6,9.8,69.6
2006,6,5,10.4,16.5,23.4,10.4,72.0,3.5,212.9
2006,6,6,9.7,19.2,27.0,11.3,64.6,4.3,217.9
2006,6,7,14.7,19.0,24.4,11.8,66.7,8.0,70.9
2006,6,8,11.6,13.6,15.1,12.0,90.3,11.1,42.9
2006,6,9,11.1,13.1,15.4,12.0,92.9,4.1,153.6
2006,6,10,8.8,12.1,13.7,12.0,99.4,10.9,295.4
2006,6,11,7.8,10.8,14.4,10.7,99.0,8.3,225.8
2006,6,12,12.0,15.8,19.9,13.5,86.7,7.7,223.8
2006,6,13,12.5,17.7,22.3,13.8,79.8,5.2,245.2
2006,6,14,12.0,17.6,21.7,13.2,77.3,3.4,138.2
2006,6,15,9.3,16.2,22.6,11.5,76.6,6.3,190.4
2006,6,16,12.5,19.6,27.1,12.7,67.2,7.9,222.9
2006,6,17,16.1,19.3,23.0,13.8,71.0,6.9,198.3
2006,6,18,19.3,25.2,31.1,18.2,67.7,7.8,215.4
2006,6,19,18.8,22.7,28.4,19.1,81.8,9.4,213.8
2006,6,20,11.8,18.1,21.5,16.2,88.6,7.0,203.3
2006,6,21,9.0,16.6,22.5,11.5,75.2,5.8,210.5
2006,6,22,13.3,21.1,26.0,16.5,75.4,8.3,202.6
2006,6,23,12.8,18.2,21.2,14.4,79.2,6.0,144.5
2006,6,24,10.2,17.7,23.8,10.9,68.5,3.7,148.2
2006,6,25,10.5,20.0,26.9,11.7,64.2,3.3,137.5
2006,6,26,18.7,19.4,20.5,17.0,86.6,7.3,143.3
2006,6,27,19.3,23.2,27.5,19.5,81.0,10.0,176.7
2006,6,28,18.8,21.4,24.6,18.3,83.2,6.3,190.8
2006,6,29,17.0,20.5,25.3,18.2,87.8,5.7,215.0
2006,6,30,14.3,16.8,19.5,14.7,88.2,7.0,227.9
2006,7,1,12.7,18.2,24.0,14.9,82.7,9.7,210.4
2006,7,2,17.1,21.7,28.1,17.0,76.5,15.3,227.1
2006,7,3,11.4,19.5,25.7,14.8,76.0,5.0,216.5
2006,7,4,17.6,21.3,26.9,18.2,84.0,6.5,205.4
2006,7,5,15.0,18.8,21.8,15.2,80.9,9.4,245.2
2006,7,6,12.0,17.4,21.7,12.9,77.0,7.6,254.2
2006,7,7,14.5,19.9,25.1,14.8,74.2,7.2,225.8
2006,7,8,15.9,21.5,26.9,16.1,73.2,6.9,215.8
2006,7,9,15.9,21.3,26.6,15.5,71.1,7.0,220.0
2006,7,10,15.3,22.4,27.3,16.4,70.8,5.7,202.3
2006,7,11,18.2,21.7,25.6,18.1,80.7,5.0,248.6
2006,7,12,18.2,21.2,24.7,18.9,87.6,3.9,164.1
2006,7,13,18.4,22.7,28.2,19.0,81.9,4.6,241.4
2006,7,14,19.6,24.5,30.3,19.2,74.6,10.2,229.2
2006,7,15,18.0,23.2,29.1,19.7,81.5,5.3,214.3
2006,7,16,20.8,25.1,29.6,20.3,76.7,6.5,214.2
2006,7,17,20.4,26.6,30.9,20.8,71.4,7.0,214.6
2006,7,18,15.8,21.8,26.1,17.6,78.9,5.6,225.7
2006,7,19,13.0,20.9,27.4,13.6,68.2,2.9,162.8
2006,7,20,17.3,24.3,29.5,16.2,62.8,9.6,195.2
2006,7,21,19.7,22.5,26.1,18.4,78.8,5.6,230.4
2006,7,22,15.8,18.5,21.4,16.2,86.9,5.9,56.1
2006,7,23,15.4,18.3,23.2,15.2,83.8,5.0,152.1
2006,7,24,15.5,20.0,25.1,15.0,75.5,7.0,213.9
2006,7,25,18.5,20.7,23.6,18.1,86.0,7.2,199.1
2006,7,26,18.3,23.6,28.0,20.0,81.6,6.0,204.6
2006,7,27,22.2,24.6,28.6,21.1,81.5,7.0,210.0
2006,7,28,19.8,22.5,24.8,20.6,89.0,5.8,232.5
2006,7,29,19.0,22.7,27.2,19.6,84.1,8.8,225.0
2006,7,30,12.5,16.9,21.8,11.8,73.4,5.2,222.3
2006,7,31,12.1,19.5,24.9,16.4,83.2,4.3,202.1
2006,8,1,20.8,25.2,31.8,22.9,87.8,8.7,211.7
2006,8,2,19.5,23.7,28.6,22.3,92.3,7.7,199.2
2006,8,3,16.9,20.5,25.5,17.3,83.5,5.6,136.7
2006,8,4,17.0,22.5,27.3,17.9,76.9,7.0,219.1
2006,8,5,12.9,17.7,21.8,11.9,70.6,5.4,212.5
2006,8,6,11.1,19.1,24.7,12.6,69.0,6.2,206.5
2006,8,7,18.5,22.7,27.3,18.5,77.5,10.3,224.2
2006,8,8,11.7,18.2,23.0,12.8,73.1,6.6,326.3
2006,8,9,9.3,17.2,23.6,12.4,76.8,6.1,223.3
2006,8,10,11.4,16.3,20.8,13.8,85.9,5.4,217.3
2006,8,11,9.2,13.3,18.3,9.9,81.8,4.5,220.0
2006,8,12,6.3,13.3,19.8,8.2,75.6,6.8,260.9
2006,8,13,6.4,14.1,21.2,9.5,77.2,5.8,242.6
2006,8,14,12.8,19.0,23.6,13.1,69.8,8.1,205.4
2006,8,15,16.3,19.5,23.5,15.6,79.9,11.8,241.2
2006,8,16,14.2,18.8,23.3,15.5,81.9,5.9,233.9
2006,8,17,11.5,18.2,24.8,13.7,77.9,2.1,218.6
2006,8,18,14.4,21.2,27.4,15.9,73.9,4.0,210.5
2006,8,19,19.4,21.8,27.0,18.1,80.4,5.7,206.1
2006,8,20,14.5,18.3,20.6,17.3,93.9,7.1,140.0
2006,8,21,12.1,15.4,20.1,14.5,94.4,4.6,223.3
2006,8,22,13.1,17.6,23.1,14.2,82.0,8.5,236.5
2006,8,23,9.6,14.4,18.2,9.6,75.0,4.2,227.4
2006,8,24,7.1,12.7,18.4,9.3,82.4,4.0,205.0
2006,8,25,7.2,12.7,18.7,8.0,76.4,5.4,81.1
2006,8,26,5.9,14.5,22.1,8.8,72.9,3.4,74.5
2006,8,27,12.2,14.5,17.5,12.9,90.2,9.8,160.0
2006,8,28,12.8,15.8,19.0,15.1,95.3,3.0,160.0
2006,8,29,12.4,17.0,22.7,14.4,86.6,3.6,95.5
2006,8,30,8.1,14.1,17.6,9.5,76.0,6.4,189.0
2006,8,31,6.8,13.0,19.0,9.8,82.7,4.8,148.2
2006,9,1,7.6,15.5,22.3,11.1,78.0,4.9,67.0
2006,9,2,10.5,16.2,19.8,10.2,68.4,8.9,105.4
2006,9,3,11.4,15.5,19.1,12.4,82.1,7.6,97.8
2006,9,4,14.4,15.3,16.3,14.9,97.6,6.6,244.6
2006,9,5,14.2,16.5,20.1,15.0,91.5,5.1,222.1
2006,9,6,13.8,15.5,17.0,14.0,91.1,4.7,241.3
2006,9,7,11.4,15.4,20.5,12.8,85.9,4.5,224.2
2006,9,8,12.1,18.4,24.4,14.1,78.3,7.7,207.1
2006,9,9,10.1,14.0,17.8,12.9,93.3,6.3,133.3
2006,9,10,4.6,9.8,16.4,5.8,80.1,4.5,153.5
2006,9,11,3.1,9.8,17.3,5.0,76.8,3.8,64.3
2006,9,12,3.1,11.0,19.9,6.1,77.1,3.0,114.7
2006,9,13,5.6,11.9,16.9,9.4,86.1,4.8,182.5
2006,9,14,13.5,15.6,18.4,14.8,94.8,4.2,169.1
2006,9,15,12.1,16.9,21.0,15.6,92.3,3.9,154.1
2006,9,16,12.5,16.2,21.8,14.7,91.7,5.1,216.2
2006,9,17,12.8,16.8,21.0,14.9,89.5,6.8,210.4
2006,9,18,14.7,19.9,25.1,15.9,79.5,7.1,200.0
2006,9,19,13.2,18.0,21.1,16.1,89.3,7.5,204.2
2006,9,20,8.3,12.6,17.1,9.3,81.4,10.1,247.1
2006,9,21,3.5,9.5,14.2,4.7,74.1,10.1,247.4
2006,9,22,3.9,10.9,15.5,7.0,79.5,3.2,168.0
2006,9,23,12.6,14.0,15.7,12.5,91.6,5.3,194.2
2006,9,24,10.5,16.8,22.9,13.4,81.5,12.0,245.2
2006,9,25,8.4,10.4,13.6,6.2,76.5,6.5,254.2
2006,9,26,4.8,10.4,14.6,6.4,78.0,12.8,244.1
2006,9,27,3.7,13.3,20.6,6.6,68.1,8.6,151.9
2006,9,28,14.5,17.9,21.9,10.2,61.6,16.3,167.9
2006,9,29,6.5,10.6,17.3,9.0,90.9,12.0,231.2
2006,9,30,3.1,8.9,14.2,4.4,76.3,5.2,198.2
2006,10,1,9.4,11.7,13.8,8.9,83.1,12.2,139.6
2006,10,2,7.2,10.3,12.5,9.1,92.7,5.4,246.4
2006,10,3,8.4,12.6,15.6,11.0,90.7,5.8,209.2
2006,10,4,6.9,13.7,18.3,12.7,94.1,8.9,214.1
2006,10,5,2.8,6.3,10.0,3.4,82.8,7.2,281.0
2006,10,6,-0.2,6.1,13.9,2.3,80.6,3.5,161.1
2006,10,7,-0.8,6.9,15.6,2.7,78.9,3.4,199.3
2006,10,8,2.5,10.6,18.5,4.4,69.0,6.7,218.6
2006,10,9,8.8,13.8,20.3,7.6,67.0,9.8,198.3
2006,10,10,4.0,7.4,9.8,2.6,71.8,6.2,42.1
2006,10,11,6.6,12.7,17.0,5.9,65.5,10.3,135.9
2006,10,12,5.1,11.4,17.7,9.7,89.5,11.6,190.4
2006,10,13,0.6,5.3,9.0,-1.4,64.4,8.5,204.2
2006,10,14,2.2,6.2,12.4,-0.2,67.2,9.4,200.0
2006,10,15,1.6,5.0,8.4,1.8,80.6,8.1,217.5
2006,10,16,2.4,6.8,12.1,2.0,73.6,5.5,205.7
2006,10,17,2.8,7.9,12.0,3.7,76.1,7.8,140.0
2006,10,18,8.4,11.5,14.3,10.0,91.0,11.6,212.9
2006,10,19,10.6,13.5,16.9,10.3,82.2,9.1,202.5
2006,10,20,0.3,5.9,11.2,5.1,95.0,12.5,217.5
2006,10,21,-1.5,2.5,3.7,-0.5,81.1,14.0,253.3
2006,10,22,-4.0,1.5,5.4,-0.8,86.3,3.9,161.9
2006,10,23,3.7,5.2,7.5,4.9,97.7,7.2,194.5
2006,10,24,1.4,3.8,5.1,3.5,98.0,7.8,244.2
2006,10,25,3.4,5.2,6.8,3.2,87.1,11.1,287.9
2006,10,26,3.2,4.7,6.5,0.9,77.1,10.6,277.5
2006,10,27,0.0,3.0,5.8,-0.5,78.0,5.3,212.2
2006,10,28,4.2,6.5,11.0,4.1,85.2,14.9,152.1
2006,10,29,1.8,3.4,4.8,0.6,82.3,29.0,240.8
2006,10,30,-2.8,3.0,6.8,-2.2,70.2,20.6,245.5
2006,10,31,-3.3,5.4,12.5,3.3,86.8,4.9,123.9
2006,11,1,-1.1,5.1,11.7,0.9,76.5,10.1,231.7
2006,11,2,-0.7,3.0,5.1,-2.5,68.1,9.4,236.7
2006,11,3,-3.1,0.5,3.4,-3.4,76.2,10.1,237.5
2006,11,4,-4.8,-0.6,3.8,-4.0,78.8,6.5,243.5
2006,11,5,-3.6,2.5,5.2,-2.3,71.8,7.2,200.4
2006,11,6,1.2,4.5,7.2,2.7,88.0,4.2,162.3
2006,11,7,3.8,9.2,13.2,0.0,54.1,8.9,207.5
2006,11,8,5.6,9.1,11.5,8.0,92.8,3.2,95.5
2006,11,9,6.2,9.2,11.2,8.8,97.7,7.0,221.2
2006,11,10,1.8,6.4,10.5,3.2,80.5,13.2,258.8
2006,11,11,-0.1,3.0,8.2,2.4,96.3,8.4,53.6
2006,11,12,1.8,2.9,3.8,2.6,98.2,12.0,27.9
2006,11,13,3.9,9.1,13.9,7.3,89.3,7.0,57.1
2006,11,14,7.3,8.5,10.0,8.0,97.0,7.5,106.2
2006,11,15,7.3,8.3,9.1,8.3,99.6,3.5,191.4
2006,11,16,8.3,14.4,20.4,12.1,86.7,10.5,120.0
2006,11,17,3.5,12.4,19.2,9.6,83.3,16.2,218.8
2006,11,18,0.4,2.4,3.1,0.3,86.1,7.9,239.6
2006,11,19,0.2,1.0,2.5,-1.6,83.0,6.6,213.3
2006,11,20,-1.8,-0.7,0.0,-3.9,79.2,8.0,299.2
2006,11,21,-4.2,-1.2,1.3,-5.2,75.0,7.4,240.0
2006,11,22,-4.7,0.1,6.4,-2.4,84.8,4.4,118.7
2006,11,23,-4.9,-0.4,6.8,-2.5,87.7,2.5,121.1
2006,11,24,-5.3,-1.7,3.7,-4.0,86.2,5.3,120.0
2006,11,25,-6.7,0.6,10.0,-3.3,78.5,3.5,233.3
2006,11,26,2.6,6.2,8.8,1.4,71.5,6.2,212.1
2006,11,27,0.5,4.2,6.5,3.5,95.0,6.5,90.0
2006,11,28,-0.5,1.0,2.2,-0.2,92.0,9.5,54.3
2006,11,29,2.4,9.5,12.2,6.3,80.7,10.6,179.2
2006,11,30,3.8,12.3,16.8,9.7,84.5,12.9,177.5
2006,12,1,-0.7,1.9,4.7,1.6,97.8,11.5,70.0
2006,12,2,-2.9,0.3,4.8,-3.7,74.9,25.2,264.6
2006,12,3,-5.8,-2.0,3.2,-4.5,83.8,7.6,217.5
2006,12,4,-10.0,-5.4,-0.8,-7.2,86.8,7.7,265.7
2006,12,5,-13.5,-10.1,-6.5,-11.5,89.8,1.9,224.3
2006,12,6,-11.5,-1.4,4.3,-6.2,71.5,12.8,192.2
2006,12,7,-8.0,0.4,4.8,-2.3,83.0,14.4,240.4
2006,12,8,-12.4,-9.8,-7.9,-13.1,77.2,15.2,265.4
2006,12,9,-7.0,-2.2,0.3,-4.0,87.8,10.9,208.3
2006,12,10,0.1,1.7,3.8,-2.5,74.2,10.2,220.4
2006,12,11,-0.4,0.6,1.6,0.2,97.6,3.8,205.2
2006,12,12,-6.2,-2.7,2.2,-3.5,94.5,5.9,105.0
2006,12,13,-0.9,5.5,7.9,3.8,89.0,9.7,183.8
2006,12,14,2.8,6.7,10.5,3.0,77.6,9.2,215.8
2006,12,15,4.7,8.2,11.3,4.3,77.5,8.7,199.2
2006,12,16,0.2,3.4,4.9,1.1,85.4,11.0,257.5
2006,12,17,0.6,3.9,6.6,1.5,84.8,8.2,211.7
2006,12,18,-1.5,1.4,3.6,-0.7,87.1,8.2,248.8
2006,12,19,-6.4,-3.3,-1.0,-5.0,88.6,5.2,209.1
2006,12,20,-9.9,-1.5,3.5,-4.7,80.8,9.4,216.1
2006,12,21,-3.2,1.1,3.6,-3.5,71.6,12.2,257.1
2006,12,22,-5.5,-2.4,1.3,-6.2,75.7,5.5,67.9
2006,12,23,1.8,4.7,6.6,4.0,95.8,7.4,174.6
2006,12,24,1.2,3.5,5.0,0.4,80.5,17.7,244.6
2006,12,25,-0.4,1.7,4.9,-0.8,84.4,6.6,215.9
2006,12,26,-2.0,0.9,3.7,-0.1,94.1,7.6,147.0
2006,12,27,-6.9,-5.6,-2.6,-7.5,86.7,10.0,194.6
2006,12,28,-10.3,-7.2,-5.1,-8.7,89.7,5.2,220.9
2006,12,29,-15.8,-11.9,-8.9,-15.2,76.7,5.2,172.4
2006,12,30,-10.7,-7.6,-4.5,-9.1,88.9,6.2,150.0
2006,12,31,-9.5,-6.7,-3.2,-7.4,94.5,5.2,180.0
2007,1,1,-5.1,3.9,7.7,1.9,87.2,11.0,177.9
2007,1,2,-3.6,-0.7,4.3,-3.8,79.8,15.3,265.0
2007,1,3,-2.8,1.8,5.4,-3.2,70.5,9.5,209.2
2007,1,4,2.0,5.6,9.8,-1.9,58.7,9.3,209.2
2007,1,5,5.1,7.6,10.6,6.5,93.3,5.8,198.3
2007,1,6,4.4,8.0,11.8,6.9,93.4,11.6,190.9
2007,1,7,-0.6,2.3,3.9,-2.0,74.1,14.4,221.7
2007,1,8,0.4,3.2,5.5,1.5,88.5,15.0,181.2
2007,1,9,-2.4,-0.1,1.3,-2.9,82.0,17.6,245.4
2007,1,10,-12.9,-8.6,-3.2,-12.7,72.5,12.5,269.1
2007,1,11,-14.2,-7.5,1.3,-12.8,67.8,10.5,197.9
2007,1,12,0.3,1.9,2.8,-1.8,78.1,10.0,212.9
2007,1,13,-10.9,-4.9,3.4,-7.3,83.8,10.6,104.6
2007,1,14,-10.4,-6.8,-4.7,-9.6,81.0,4.3,204.5
2007,1,15,-9.5,-6.8,-5.1,-7.5,94.2,9.1,45.8
2007,1,16,-19.9,-13.4,-9.4,-15.7,82.8,10.3,321.2
2007,1,17,-28.5,-22.3,-16.3,-25.5,75.1,5.2,212.1
2007,1,18,-14.6,-6.0,-2.0,-10.9,68.8,11.9,193.3
2007,1,19,-4.2,-2.0,-0.6,-3.4,90.8,7.1,226.7
2007,1,20,-16.4,-11.4,-3.5,-16.0,69.0,16.9,291.2
2007,1,21,-21.3,-17.5,-13.7,-20.7,76.8,6.5,232.0
2007,1,22,-16.2,-12.3,-8.0,-15.2,79.4,4.1,132.5
2007,1,23,-18.2,-9.2,-3.8,-12.4,79.3,5.8,197.8
2007,1,24,-19.7,-8.8,-2.4,-11.9,79.0,8.9,229.1
2007,1,25,-23.3,-19.5,-17.5,-22.9,74.7,6.1,186.2
2007,1,26,-23.8,-21.2,-19.3,-25.2,71.0,7.3,275.8
2007,1,27,-25.6,-19.1,-13.4,-23.1,71.3,4.9,80.0
2007,1,28,-22.0,-15.1,-10.4,-18.0,78.8,3.5,131.1
2007,1,29,-26.3,-19.7,-13.0,-22.9,76.6,5.7,215.6
2007,1,30,-28.3,-21.5,-16.2,-25.2,73.5,3.7,227.8
2007,1,31,-26.1,-17.4,-8.2,-20.0,81.2,5.2,226.3
2007,2,1,-16.3,-7.6,-2.4,-11.4,76.2,7.3,196.5
2007,2,2,-10.4,-3.1,1.9,-6.8,77.5,5.5,153.8
2007,2,3,-9.6,-6.9,-1.9,-10.7,75.2,15.8,240.4
2007,2,4,-14.4,-11.2,-9.5,-14.7,76.2,16.4,239.6
2007,2,5,-22.0,-18.9,-15.1,-24.4,62.3,18.0,260.0
2007,2,6,-16.8,-14.9,-11.8,-21.4,58.1,15.8,238.8
2007,2,7,-16.8,-14.6,-12.9,-19.0,69.3,11.9,229.2
2007,2,8,-13.8,-12.7,-11.7,-16.0,77.2,11.9,237.1
2007,2,9,-17.0,-14.8,-12.2,-17.7,79.1,14.2,241.7
2007,2,10,-16.5,-12.1,-7.7,-14.3,83.6,7.6,233.8
2007,2,11,-22.9,-11.4,-4.6,-15.4,73.6,8.6,222.2
2007,2,12,-18.6,-11.0,-5.8,-17.6,59.3,13.1,280.8
2007,2,13,-28.0,-20.2,-17.1,-25.5,62.8,6.0,227.4
2007,2,14,-16.7,-14.9,-12.5,-17.3,83.0,12.3,96.2
2007,2,15,-18.7,-16.1,-13.7,-17.9,86.0,26.1,262.5
2007,2,16,-15.1,-11.8,-7.9,-14.4,82.2,22.8,259.2
2007,2,17,-8.0,-6.0,-3.8,-9.3,77.6,10.9,243.8
2007,2,18,-15.4,-8.2,-5.0,-9.4,90.7,12.6,248.3
2007,2,19,-24.2,-19.6,-16.7,-24.7,63.8,9.2,251.2
2007,2,20,-16.5,-10.6,-6.9,-13.1,82.4,4.0,137.7
2007,2,21,-16.0,-9.4,-5.3,-12.0,82.1,5.5,247.8
2007,2,22,-17.2,-8.2,-1.2,-11.7,77.1,9.8,40.4
2007,2,23,-13.9,-11.0,-6.6,-17.1,61.0,12.2,297.9
2007,2,24,-14.0,-11.3,-7.8,-14.3,78.5,15.0,251.7
2007,2,25,-20.8,-12.5,-5.3,-15.7,78.0,3.6,212.0
2007,2,26,-16.6,-10.7,-2.9,-14.7,74.0,6.6,103.5
2007,2,27,-19.2,-10.7,-1.7,-13.9,79.1,2.5,239.3
2007,2,28,-14.9,-9.5,-4.4,-13.5,75.4,4.2,227.5
2007,3,1,-21.5,-11.5,-5.5,-17.6,64.2,4.2,91.9
2007,3,2,-6.5,-3.0,-0.9,-4.7,89.7,10.7,77.9
2007,3,3,-6.5,-0.1,5.2,-2.5,84.6,10.0,223.0
2007,3,4,-5.3,-2.4,0.0,-5.1,82.0,16.5,252.7
2007,3,5,-15.4,-7.1,-3.3,-9.5,83.1,15.5,253.3
2007,3,6,-23.3,-21.0,-17.8,-26.7,60.8,17.9,277.5
2007,3,7,-28.9,-19.3,-11.8,-25.5,60.6,7.8,215.4
2007,3,8,-25.4,-18.8,-13.7,-24.7,61.9,8.8,209.1
2007,3,9,-29.2,-17.4,-9.0,-24.2,58.7,4.0,163.5
2007,3,10,-9.8,0.0,7.0,-5.3,70.1,7.9,219.5
2007,3,11,-3.2,1.6,3.3,-1.9,77.9,13.3,242.1
2007,3,12,-3.9,1.6,6.4,-4.2,66.8,7.3,227.5
2007,3,13,2.1,6.9,10.3,-2.0,54.6,7.2,192.5
2007,3,14,5.6,8.2,11.1,4.6,79.8,7.5,213.3
2007,3,15,-6.9,0.8,6.4,-3.4,75.9,10.6,230.0
2007,3,16,-10.8,-7.8,-5.0,-14.1,61.8,14.2,33.8
2007,3,17,-8.6,-6.7,-5.0,-7.6,93.9,13.9,115.0
2007,3,18,-8.6,-5.7,-1.8,-10.1,74.0,14.1,285.4
2007,3,19,-15.7,-4.2,1.4,-12.5,54.6,11.8,216.2
2007,3,20,-14.6,-7.1,1.2,-12.4,66.6,18.0,254.2
2007,3,21,-20.6,-7.3,3.3,-16.4,54.8,5.0,231.9
2007,3,22,1.3,6.4,12.6,2.7,78.5,13.6,205.0
2007,3,23,-2.6,2.9,5.7,-0.1,81.8,11.0,263.3
2007,3,24,-4.9,0.8,6.6,-3.7,74.6,6.1,87.9
2007,3,25,-3.2,1.3,6.8,-2.7,76.5,4.8,198.3
2007,3,26,-1.6,4.1,7.3,1.9,85.9,5.4,203.2
2007,3,27,3.6,5.4,8.3,5.2,98.5,5.8,228.2
2007,3,28,-0.9,2.1,5.3,-8.5,49.5,17.8,338.8
2007,3,29,-3.9,1.0,7.7,-9.7,46.8,11.2,320.0
2007,3,30,-2.1,2.6,9.7,-5.8,57.0,11.5,224.6
2007,3,31,-5.2,0.2,5.6,-9.8,48.1,6.6,189.6
2007,4,1,-4.5,6.4,14.3,-8.2,42.7,5.0,185.0
2007,4,2,4.6,6.1,9.1,4.0,86.9,9.4,158.3
2007,4,3,4.8,5.7,7.3,4.6,93.2,7.0,165.0
2007,4,4,0.1,2.1,5.0,0.8,91.4,9.5,143.5
2007,4,5,-2.5,-0.6,0.4,-1.8,91.8,12.9,212.5
2007,4,6,-4.3,-3.0,-2.1,-5.5,83.1,16.1,245.4
2007,4,7,-5.6,-3.4,-1.2,-6.8,78.5,7.1,235.4
2007,4,8,-6.5,-2.4,0.0,-4.4,86.9,15.1,249.2
2007,4,9,-1.1,0.6,2.6,-3.9,72.3,14.6,280.8
2007,4,10,-3.3,0.6,3.7,-5.7,64.0,8.2,294.8
2007,4,11,-5.7,-0.4,4.5,-6.0,68.3,4.4,140.5
2007,4,12,-0.9,1.6,5.2,-1.8,80.3,7.3,94.1
2007,4,13,-0.1,0.9,1.9,0.4,96.7,5.8,224.3
2007,4,14,0.5,3.3,7.0,1.4,88.7,6.2,270.0
2007,4,15,0.2,2.3,4.3,1.5,94.8,8.1,65.7
2007,4,16,0.3,4.0,6.9,1.5,84.2,21.8,43.8
2007,4,17,1.4,2.8,3.9,0.7,86.5,19.6,33.8
2007,4,18,2.2,6.0,10.4,0.3,69.0,15.3,33.8
2007,4,19,0.7,8.0,15.4,-5.0,42.8,12.9,29.2
2007,4,20,-1.1,9.4,19.3,-1.9,53.0,4.8,184.1
2007,4,21,-0.2,9.7,17.5,-0.3,56.5,3.7,286.7
2007,4,22,1.3,12.6,21.8,1.6,53.0,6.6,207.5
2007,4,23,12.8,19.6,25.7,4.3,38.8,15.0,225.0
2007,4,24,2.0,8.6,15.7,0.8,59.8,13.9,295.5
2007,4,25,0.8,6.1,11.5,-4.1,51.2,5.6,174.8
2007,4,26,-1.5,8.0,14.0,-1.9,57.0,4.6,217.2
2007,4,27,8.1,10.0,11.5,6.9,81.6,6.1,137.1
2007,4,28,7.8,9.6,10.7,9.4,98.5,4.8,225.2
2007,4,29,6.0,7.5,8.8,6.9,96.1,5.2,252.9
2007,4,30,5.7,8.9,11.0,5.1,77.6,14.1,250.8
2007,5,1,4.5,7.6,12.0,0.7,62.5,7.6,277.8
2007,5,2,2.7,7.5,13.4,-1.1,56.8,10.2,173.9
2007,5,3,1.4,8.9,14.4,-4.3,41.4,14.8,303.8
2007,5,4,6.0,9.9,15.2,-4.4,38.8,11.0,292.2
2007,5,5,2.1,7.0,10.8,-1.7,55.4,10.8,96.2
2007,5,6,-0.8,6.8,13.8,-1.4,60.8,6.2,192.1
2007,5,7,1.1,12.5,20.4,-1.6,41.6,10.5,222.6
2007,5,8,10.0,19.1,26.5,0.0,29.5,13.6,225.4
2007,5,9,11.6,20.4,26.7,8.5,48.4,6.4,226.8
2007,5,10,13.6,21.9,30.2,11.9,59.1,5.2,204.3
2007,5,11,8.8,18.1,24.0,11.1,66.0,12.3,241.7
2007,5,12,2.7,7.7,13.1,-2.1,52.3,7.1,127.4
2007,5,13,1.1,7.6,14.5,-5.2,45.5,8.6,247.7
2007,5,14,2.4,12.5,20.9,-0.2,44.8,10.5,236.5
2007,5,15,9.5,11.4,13.6,9.4,88.8,6.5,158.3
2007,5,16,4.2,6.8,10.5,6.3,96.7,16.7,43.8
2007,5,17,3.1,5.7,7.8,4.4,91.5,6.2,64.6
2007,5,18,3.3,7.4,11.6,5.2,87.0,3.5,223.0
2007,5,19,1.3,10.8,18.2,6.5,77.9,4.2,161.9
2007,5,20,6.4,10.1,14.1,7.5,84.5,10.5,49.6
2007,5,21,3.3,9.6,16.4,2.4,67.2,8.0,295.0
2007,5,22,0.3,9.9,17.6,1.4,62.9,3.1,197.4
2007,5,23,9.2,16.2,23.4,6.0,54.4,4.1,184.0
2007,5,24,10.9,21.1,29.3,12.4,60.4,9.2,225.8
2007,5,25,15.1,23.7,30.1,14.5,58.6,10.1,229.2
2007,5,26,10.2,18.1,22.2,9.9,61.8,9.0,258.2
2007,5,27,7.2,13.8,19.5,10.6,83.0,5.4,160.0
2007,5,28,13.6,16.0,17.4,12.1,78.5,13.6,252.5
2007,5,29,8.5,15.4,21.2,8.8,68.0,7.5,253.3
2007,5,30,12.6,15.1,17.1,12.3,83.9,4.8,167.1
2007,5,31,14.0,15.8,17.7,15.1,95.6,4.2,78.9
