Year,Month,Day,Tmin,Tmax,Prcp
2005,1,1,-2.8,7.8,8.4
2005,1,2,-18.3,1.7,0.0
2005,1,3,-17.8,1.7,4.6
2005,1,4,-3.9,2.2,0.0
2005,1,5,-11.7,-3.3,0.0
2005,1,6,-17.8,-2.8,0.0
2005,1,7,-16.7,-4.4,8.6
2005,1,8,-10.6,-5.0,0.0
2005,1,9,-14.4,-2.8,0.0
2005,1,10,-9.4,-2.8,0.0
2005,1,11,-15.0,0.0,3.6
2005,1,12,-25.6,-8.9,0.0
2005,1,13,-23.3,-3.3,2.8
2005,1,14,-5.0,9.4,9.4
2005,1,15,-16.1,8.3,1.0
2005,1,16,-17.2,-8.3,0.3
2005,1,17,-999.0,-999.0,2.0
2005,1,18,-23.9,-11.7,0.0
2005,1,19,-28.9,-20.0,0.0
2005,1,20,-30.0,-12.2,2.8
2005,1,21,-28.3,-8.9,0.0
2005,1,22,-28.9,-22.8,0.0
2005,1,23,-26.1,-16.1,2.3
2005,1,24,-24.4,-14.4,0.0
2005,1,25,-23.3,-11.7,0.0
2005,1,26,-21.7,-12.8,0.0
2005,1,27,-31.1,-11.1,0.0
2005,1,28,-30.6,-15.6,0.0
2005,1,29,-23.9,-11.7,0.0
2005,1,30,-14.4,-2.8,0.0
2005,1,31,-23.9,-2.2,0.0
2005,2,1,-24.4,-2.2,0.0
2005,2,2,-21.1,-0.6,0.0
2005,2,3,-21.7,1.1,0.0
2005,2,4,-20.6,4.4,0.0
2005,2,5,-11.1,6.1,0.0
2005,2,6,-12.2,7.8,0.0
2005,2,7,-9.4,6.1,0.0
2005,2,8,-10.0,13.3,0.0
2005,2,9,-999.0,-999.0,5.6
2005,2,10,-5.0,2.8,2.8
2005,2,11,-9.4,-4.4,32.5
2005,2,12,-999.0,-999.0,6.9
2005,2,13,-11.1,-6.7,0.5
2005,2,14,-25.0,-3.3,0.0
2005,2,15,-26.1,-1.1,4.1
2005,2,16,-1.1,2.8,0.0
2005,2,17,-10.0,8.3,2.3
2005,2,18,-19.4,-10.6,0.0
2005,2,19,-21.1,-3.9,0.0
2005,2,20,-21.7,-10.6,0.0
2005,2,21,-26.1,-14.4,0.0
2005,2,22,-20.0,-10.6,5.3
2005,2,23,-11.7,-4.4,1.0
2005,2,24,-16.7,-3.3,0.0
2005,2,25,-16.1,-7.8,0.0
2005,2,26,-25.6,-6.7,0.0
2005,2,27,-15.6,-5.6,0.0
2005,2,28,-16.1,-7.8,0.0
2005,3,1,-16.1,0.6,0.0
2005,3,2,-9.4,-5.0,8.4
2005,3,3,-15.6,-5.0,0.0
2005,3,4,-16.7,-11.1,0.0
2005,3,5,-14.4,-6.1,0.0
2005,3,6,-10.0,-2.2,0.0
2005,3,7,-17.2,-1.1,2.3
2005,3,8,-17.2,-0.6,6.4
2005,3,9,-17.8,-0.6,29.0
2005,3,10,-22.2,-15.6,2.0
2005,3,11,-28.3,-9.4,0.0
2005,3,12,-25.6,-3.9,4.1
2005,3,13,-16.7,-1.7,4.6
2005,3,14,-12.2,1.7,0.0
2005,3,15,-8.9,0.0,1.8
2005,3,16,-5.0,1.7,1.5
2005,3,17,-7.8,0.6,0.0
2005,3,18,-17.2,1.1,0.0
2005,3,19,-17.2,1.7,0.0
2005,3,20,-5.0,3.3,0.0
2005,3,21,-13.3,5.0,0.0
2005,3,22,-13.3,7.2,0.0
2005,3,23,-9.4,5.6,0.0
2005,3,24,-6.1,3.3,0.0
2005,3,25,-5.0,1.1,0.0
2005,3,26,-14.4,2.2,0.0
2005,3,27,-13.9,4.4,0.0
2005,3,28,-13.9,10.0,0.0
2005,3,29,-6.7,0.6,17.3
2005,3,30,-0.6,5.0,0.0
2005,3,31,-2.8,11.1,0.0
2005,4,1,-999.0,-999.0,0.0
2005,4,2,0.6,6.1,0.0
2005,4,3,0.6,5.0,18.5
2005,4,4,0.6,6.1,14.2
2005,4,5,0.6,3.3,6.6
2005,4,6,-2.8,5.0,0.0
2005,4,7,-2.2,12.8,0.0
2005,4,8,0.0,10.0,1.8
2005,4,9,-1.7,8.3,0.0
2005,4,10,-1.1,10.0,0.0
2005,4,11,-5.6,8.9,0.0
2005,4,12,-5.0,5.6,0.0
2005,4,13,-3.9,1.7,1.0
2005,4,14,-2.2,5.6,0.0
2005,4,15,-8.3,7.8,0.0
2005,4,16,-7.2,10.6,0.0
2005,4,17,-4.4,17.2,0.0
2005,4,18,-2.2,16.7,0.0
2005,4,19,-3.3,13.9,0.0
2005,4,20,-2.2,18.3,1.0
2005,4,21,-999.0,-999.0,3.8
2005,4,22,-4.4,6.7,0.0
2005,4,23,-999.0,-999.0,0.0
2005,4,24,0.6,3.3,22.1
2005,4,25,1.7,10.6,29.2
2005,4,26,-1.1,9.4,5.3
2005,4,27,0.0,14.4,0.0
2005,4,28,2.2,12.8,6.1
2005,4,29,-999.0,-999.0,21.1
2005,4,30,-2.8,8.3,0.8
2005,5,1,-2.2,15.0,4.6
2005,5,2,1.7,7.8,0.0
2005,5,3,1.1,11.7,0.3
2005,5,4,-1.7,10.6,0.0
2005,5,5,-2.8,9.4,0.0
2005,5,6,-2.8,13.3,0.0
2005,5,7,-2.2,12.2,0.0
2005,5,8,3.3,5.6,3.3
2005,5,9,4.4,8.9,0.0
2005,5,10,2.8,18.3,0.0
2005,5,11,2.8,22.2,0.0
2005,5,12,1.7,24.4,6.9
2005,5,13,-2.2,7.8,0.0
2005,5,14,-2.8,10.6,0.0
2005,5,15,5.0,16.1,0.0
2005,5,16,0.0,5.0,11.7
2005,5,17,-999.0,-999.0,1.8
2005,5,18,2.8,10.6,0.0
2005,5,19,-1.1,11.7,2.3
2005,5,20,1.1,16.1,0.8
2005,5,21,1.1,15.6,0.0
2005,5,22,3.9,10.6,7.9
2005,5,23,5.0,7.8,5.6
2005,5,24,5.0,8.3,9.7
2005,5,25,1.1,13.3,0.5
2005,5,26,2.8,16.7,8.9
2005,5,27,4.4,11.7,23.1
2005,5,28,7.8,14.4,1.8
2005,5,29,8.9,17.2,0.0
2005,5,30,10.0,15.0,0.3
2005,5,31,10.6,14.4,8.4
2005,6,1,4.4,15.6,0.0
2005,6,2,5.6,23.9,0.0
2005,6,3,9.4,23.3,0.0
2005,6,4,11.7,27.2,0.0
2005,6,5,11.7,28.3,0.0
2005,6,6,11.7,25.0,1.5
2005,6,7,9.4,15.0,2.0
2005,6,8,9.4,25.0,0.0
2005,6,9,6.7,18.9,0.5
2005,6,10,7.8,26.1,2.3
2005,6,11,16.1,28.9,0.0
2005,6,12,16.7,30.6,0.0
2005,6,13,18.9,26.1,3.0
2005,6,14,19.4,27.2,0.0
2005,6,15,5.6,19.4,13.0
2005,6,16,5.6,10.0,14.7
2005,6,17,7.8,12.2,3.0
2005,6,18,7.8,11.7,24.6
2005,6,19,3.9,12.2,0.8
2005,6,20,5.6,18.9,0.0
2005,6,21,7.8,25.0,0.0
2005,6,22,12.8,26.7,0.0
2005,6,23,3.3,19.4,0.0
2005,6,24,-999.0,-999.0,0.0
2005,6,25,17.8,26.1,0.0
2005,6,26,20.6,31.1,3.6
2005,6,27,21.1,29.4,0.0
2005,6,28,17.2,28.9,0.0
2005,6,29,17.8,31.7,0.0
2005,6,30,16.1,26.7,5.3
2005,7,1,15.6,22.2,0.0
2005,7,2,15.0,18.9,0.0
2005,7,3,8.9,28.9,0.0
2005,7,4,14.4,26.7,0.0
2005,7,5,12.8,28.3,0.0
2005,7,6,13.3,27.2,0.0
2005,7,7,7.8,23.9,0.0
2005,7,8,6.7,18.9,0.0
2005,7,9,13.9,25.0,0.0
2005,7,10,-999.0,-999.0,19.6
2005,7,11,16.1,25.6,1.0
2005,7,12,10.6,27.8,0.0
2005,7,13,12.8,26.1,0.0
2005,7,14,-999.0,-999.0,0.0
2005,7,15,12.8,26.7,1.8
2005,7,16,10.6,21.7,0.0
2005,7,17,13.3,29.4,0.0
2005,7,18,21.1,29.4,7.4
2005,7,19,20.0,28.3,5.8
2005,7,20,18.9,30.6,1.3
2005,7,21,11.7,28.3,0.0
2005,7,22,14.4,29.4,0.0
2005,7,23,13.3,28.3,17.5
2005,7,24,10.0,23.9,0.0
2005,7,25,7.8,22.2,0.0
2005,7,26,11.7,21.1,10.9
2005,7,27,17.8,28.3,0.0
2005,7,28,10.0,23.3,7.4
2005,7,29,7.8,22.8,0.0
2005,7,30,8.3,23.9,0.0
2005,7,31,6.7,21.7,0.0
2005,8,1,6.7,23.3,6.9
2005,8,2,13.3,23.9,1.0
2005,8,3,10.6,25.6,5.8
2005,8,4,7.2,23.3,0.0
2005,8,5,11.7,25.0,0.0
2005,8,6,7.2,26.1,0.0
2005,8,7,8.9,25.6,0.0
2005,8,8,13.3,29.4,0.0
2005,8,9,16.1,30.0,0.0
2005,8,10,16.1,30.0,0.0
2005,8,11,17.8,30.6,1.5
2005,8,12,9.4,19.4,0.0
2005,8,13,12.8,26.1,-999.0
2005,8,14,15.6,26.7,-999.0
2005,8,15,14.4,23.9,6.1
2005,8,16,10.0,25.0,0.0
2005,8,17,11.1,26.7,4.8
2005,8,18,6.1,21.1,0.0
2005,8,19,5.6,18.9,0.0
2005,8,20,10.0,23.9,0.5
2005,8,21,14.4,18.9,7.1
2005,8,22,11.1,25.6,0.3
2005,8,23,8.9,23.9,2.8
2005,8,24,9.4,20.0,0.0
2005,8,25,9.4,20.0,0.0
2005,8,26,10.0,25.0,0.0
2005,8,27,7.2,27.8,0.0
2005,8,28,10.0,27.8,0.0
2005,8,29,12.2,25.6,0.0
2005,8,30,-999.0,-999.0,10.2
2005,8,31,16.7,25.0,4.1
2005,9,1,17.2,22.8,61.5
2005,9,2,13.9,22.8,0.0
2005,9,3,13.9,25.6,0.0
2005,9,4,10.6,21.7,0.0
2005,9,5,4.4,20.0,0.0
2005,9,6,5.6,21.7,0.0
2005,9,7,6.7,25.0,0.0
2005,9,8,10.0,25.6,0.0
2005,9,9,10.0,24.4,4.3
2005,9,10,5.0,17.8,0.0
2005,9,11,2.2,19.4,0.0
2005,9,12,2.2,20.0,0.0
2005,9,13,9.4,25.0,0.0
2005,9,14,-999.0,-999.0,0.0
2005,9,15,11.1,27.8,0.0
2005,9,16,12.8,19.4,10.7
2005,9,17,10.6,21.7,5.3
2005,9,18,10.6,17.2,19.8
2005,9,19,10.6,18.3,3.8
2005,9,20,8.9,20.0,0.0
2005,9,21,6.1,20.6,1.0
2005,9,22,8.3,20.0,0.0
2005,9,23,6.7,22.8,4.6
2005,9,24,3.9,17.8,0.3
2005,9,25,-0.6,16.1,0.0
2005,9,26,5.0,17.2,6.9
2005,9,27,7.8,17.8,10.4
2005,9,28,4.4,16.7,0.0
2005,9,29,3.9,20.6,0.0
2005,9,30,4.4,17.8,9.1
2005,10,1,-0.6,15.6,0.0
2005,10,2,1.1,19.4,0.0
2005,10,3,7.2,24.4,0.0
2005,10,4,7.2,25.0,0.0
2005,10,5,7.8,26.1,0.0
2005,10,6,7.8,27.2,0.0
2005,10,7,8.3,25.0,0.0
2005,10,8,5.0,22.8,33.5
2005,10,9,4.4,5.6,20.3
2005,10,10,5.0,7.2,5.1
2005,10,11,6.7,10.6,0.0
2005,10,12,-0.6,13.3,0.0
2005,10,13,-0.6,15.0,0.0
2005,10,14,5.6,11.1,0.0
2005,10,15,7.8,12.2,9.1
2005,10,16,5.6,12.2,53.8
2005,10,17,4.4,6.1,13.0
2005,10,18,5.0,9.4,0.0
2005,10,19,5.6,8.3,2.0
2005,10,20,1.7,9.4,4.6
2005,10,21,0.6,5.0,0.0
2005,10,22,-0.6,5.6,0.0
2005,10,23,0.6,13.3,11.9
2005,10,24,1.7,3.9,8.9
2005,10,25,1.7,5.0,4.1
2005,10,26,0.0,3.3,3.6
2005,10,27,0.0,3.9,0.8
2005,10,28,-1.1,4.4,0.0
2005,10,29,-2.8,5.6,0.0
2005,10,30,-2.2,6.7,0.0
2005,10,31,-999.0,-999.0,0.0
2005,11,1,6.7,12.2,0.0
2005,11,2,5.0,17.2,1.3
2005,11,3,-0.6,6.1,0.0
2005,11,4,0.0,10.0,0.0
2005,11,5,0.0,4.4,0.0
2005,11,6,1.1,13.9,0.8
2005,11,7,2.8,8.3,6.1
2005,11,8,1.7,7.8,0.3
2005,11,9,-6.1,5.6,0.0
2005,11,10,-5.0,3.3,9.4
2005,11,11,-4.4,3.3,0.0
2005,11,12,-6.1,6.1,0.0
2005,11,13,-6.7,10.0,0.0
2005,11,14,-999.0,-999.0,1.5
2005,11,15,-2.2,4.4,0.0
2005,11,16,-2.2,0.6,22.1
2005,11,17,0.0,9.4,18.5
2005,11,18,-5.0,3.9,2.0
2005,11,19,-13.9,1.7,0.0
2005,11,20,-12.2,2.2,0.0
2005,11,21,1.7,5.0,0.0
2005,11,22,-1.1,9.4,6.1
2005,11,23,-6.7,2.8,32.5
2005,11,24,-999.0,-999.0,1.8
2005,11,25,-11.1,-7.2,11.4
2005,11,26,-16.1,-6.1,0.0
2005,11,27,-13.3,-2.8,1.5
2005,11,28,-10.0,-2.2,0.8
2005,11,29,-3.9,4.4,0.8
2005,11,30,2.8,10.0,3.0
2005,12,1,-1.1,10.6,10.2
2005,12,2,-0.6,5.6,1.8
2005,12,3,-8.3,0.6,0.0
2005,12,4,-7.8,0.0,0.0
2005,12,5,-7.8,-4.4,0.5
2005,12,6,-11.1,-3.3,0.0
2005,12,7,-10.6,-4.4,0.0
2005,12,8,-15.0,-8.3,1.8
2005,12,9,-15.6,-7.2,0.0
2005,12,10,-15.0,-4.4,2.8
2005,12,11,-9.4,-0.6,0.0
2005,12,12,-12.8,1.1,0.0
2005,12,13,-20.0,-3.3,0.0
2005,12,14,-20.0,-9.4,0.0
2005,12,15,-17.8,-10.0,0.0
2005,12,16,-18.3,-4.4,0.0
2005,12,17,-11.1,-3.9,13.2
2005,12,18,-7.8,-2.8,0.0
2005,12,19,-7.2,-1.7,0.0
2005,12,20,-9.4,-6.1,0.0
2005,12,21,-21.1,-3.9,2.3
2005,12,22,-21.1,-12.2,2.0
2005,12,23,-18.3,-1.7,1.8
2005,12,24,-1.7,-0.6,8.1
2005,12,25,-1.7,0.0,1.8
2005,12,26,-1.1,0.6,9.1
2005,12,27,-9.4,0.0,11.9
2005,12,28,-13.9,-6.1,0.5
2005,12,29,-10.6,-1.1,0.3
2005,12,30,-3.3,1.7,17.8
2005,12,31,-20.6,-3.3,2.0
2006,1,1,-18.3,-10.0,0.0
2006,1,2,-17.8,-6.1,1.3
2006,1,3,-13.3,-3.3,0.0
2006,1,4,-23.9,-5.0,0.0
2006,1,5,-23.9,-2.8,0.0
2006,1,6,-9.4,-3.9,4.8
2006,1,7,-14.4,-3.3,1.8
2006,1,8,-18.9,-10.6,0.0
2006,1,9,-15.0,-6.1,2.0
2006,1,10,-8.9,-1.7,9.7
2006,1,11,-11.7,-2.8,0.0
2006,1,12,-11.1,2.2,9.9
2006,1,13,-1.1,2.8,0.0
2006,1,14,-1.7,8.9,2.8
2006,1,15,-13.3,8.3,17.0
2006,1,16,-20.6,-13.3,1.8
2006,1,17,-19.4,-12.2,0.0
2006,1,18,-15.6,-2.2,0.8
2006,1,19,-3.3,10.0,22.1
2006,1,20,-6.1,-2.8,0.5
2006,1,21,-5.0,4.4,0.0
2006,1,22,-15.6,10.0,1.5
2006,1,23,-15.6,-6.7,0.0
2006,1,24,-13.9,-2.8,2.3
2006,1,25,-6.7,-1.1,0.0
2006,1,26,-7.8,-0.6,0.0
2006,1,27,-16.1,-3.3,0.0
2006,1,28,-15.0,1.1,0.0
2006,1,29,-6.1,4.4,0.0
2006,1,30,-9.4,-1.1,6.6
2006,1,31,-9.4,-5.6,3.8
2006,2,1,-6.7,-3.3,1.8
2006,2,2,-6.7,-3.3,0.0
2006,2,3,-6.7,-0.6,2.8
2006,2,4,-3.9,3.9,4.8
2006,2,5,0.0,2.8,7.9
2006,2,6,-3.3,4.4,9.7
2006,2,7,-11.7,-2.2,1.8
2006,2,8,-13.9,-7.8,0.5
2006,2,9,-16.1,-9.4,0.0
2006,2,10,-20.0,-9.4,0.0
2006,2,11,-22.2,-12.8,0.0
2006,2,12,-23.9,-13.9,0.0
2006,2,13,-18.9,-9.4,0.0
2006,2,14,-15.6,-5.6,0.0
2006,2,15,-7.8,-2.2,1.5
2006,2,16,-3.9,7.8,0.0
2006,2,17,-3.9,1.7,4.3
2006,2,18,-18.3,3.3,7.1
2006,2,19,-21.7,-17.2,0.0
2006,2,20,-18.3,-10.0,0.0
2006,2,21,-16.1,-4.4,1.3
2006,2,22,-17.8,-2.8,0.0
2006,2,23,-16.7,-1.7,1.8
2006,2,24,-10.0,0.6,6.9
2006,2,25,-22.2,-3.9,2.8
2006,2,26,-20.0,-9.4,0.0
2006,2,27,-21.7,-12.8,0.0
2006,2,28,-21.7,-15.0,0.0
2006,3,1,-21.1,-11.7,0.0
2006,3,2,-21.1,-10.0,1.5
2006,3,3,-17.2,-2.2,1.0
2006,3,4,-16.7,-7.2,2.0
2006,3,5,-8.9,-5.0,3.0
2006,3,6,-8.9,-5.0,0.0
2006,3,7,-16.7,-0.6,0.0
2006,3,8,-17.2,0.0,0.0
2006,3,9,-16.1,0.0,0.0
2006,3,10,-14.4,0.0,5.3
2006,3,11,0.0,7.2,2.3
2006,3,12,-1.7,6.7,0.0
2006,3,13,-0.6,9.4,1.8
2006,3,14,0.0,7.8,4.6
2006,3,15,-5.6,4.4,5.3
2006,3,16,-9.4,-4.4,2.0
2006,3,17,-11.7,-4.4,0.0
2006,3,18,-13.3,-5.0,0.0
2006,3,19,-13.9,-7.8,0.0
2006,3,20,-13.9,-6.1,0.0
2006,3,21,-13.3,-2.8,0.0
2006,3,22,-6.7,-1.1,0.0
2006,3,23,-4.4,3.3,0.0
2006,3,24,-1.1,5.6,0.0
2006,3,25,-1.1,5.0,0.0
2006,3,26,-2.2,4.4,0.0
2006,3,27,-5.6,6.7,0.0
2006,3,28,-6.7,7.8,0.0
2006,3,29,-5.0,7.8,0.0
2006,3,30,-3.9,11.1,0.0
2006,3,31,-999.0,-999.0,0.0
2006,4,1,-3.3,18.9,0.0
2006,4,2,0.0,17.2,4.6
2006,4,3,-3.3,7.2,0.0
2006,4,4,-3.9,11.7,0.0
2006,4,5,-2.8,4.4,21.1
2006,4,6,-5.0,2.8,0.0
2006,4,7,-2.8,2.8,0.8
2006,4,8,-6.1,5.6,5.1
2006,4,9,-6.7,0.6,0.0
2006,4,10,-6.1,6.7,0.0
2006,4,11,-6.1,11.1,0.0
2006,4,12,-3.3,15.6,0.0
2006,4,13,-3.3,18.9,0.0
2006,4,14,1.7,14.4,0.5
2006,4,15,-0.6,15.6,0.0
2006,4,16,1.1,7.8,18.3
2006,4,17,0.6,7.2,6.4
2006,4,18,2.8,10.0,0.5
2006,4,19,3.3,11.7,0.0
2006,4,20,3.3,12.8,0.0
2006,4,21,-0.6,20.0,0.0
2006,4,22,-5.0,13.3,0.0
2006,4,23,-2.8,15.6,0.0
2006,4,24,4.4,11.7,0.0
2006,4,25,3.9,8.3,2.0
2006,4,26,-2.8,8.3,2.8
2006,4,27,-2.2,9.4,4.6
2006,4,28,-6.1,7.2,0.0
2006,4,29,-5.6,15.0,0.0
2006,4,30,-3.9,16.7,0.0
2006,5,1,-1.1,21.7,0.0
2006,5,2,-0.6,20.6,7.6
2006,5,3,3.3,6.1,3.6
2006,5,4,6.1,13.3,0.0
2006,5,5,6.1,18.9,1.5
2006,5,6,6.1,20.0,0.0
2006,5,7,0.6,17.8,3.8
2006,5,8,-3.3,10.6,0.0
2006,5,9,-2.2,18.9,0.0
2006,5,10,0.6,20.0,0.3
2006,5,11,5.6,14.4,2.0
2006,5,12,7.8,15.6,5.1
2006,5,13,7.8,10.0,0.5
2006,5,14,5.0,17.2,0.0
2006,5,15,2.2,21.7,0.0
2006,5,16,3.3,20.0,0.0
2006,5,17,8.3,11.1,16.5
2006,5,18,8.3,11.7,6.9
2006,5,19,8.9,15.6,9.1
2006,5,20,6.7,12.2,21.3
2006,5,21,6.1,11.1,16.3
2006,5,22,3.3,15.0,26.4
2006,5,23,3.9,7.2,0.8
2006,5,24,2.8,9.4,0.5
2006,5,25,2.8,17.8,0.0
2006,5,26,3.3,12.8,1.0
2006,5,27,9.4,19.4,0.8
2006,5,28,5.6,20.0,0.3
2006,5,29,6.7,26.7,0.0
2006,5,30,12.8,27.8,0.0
2006,5,31,11.7,20.6,0.0
2006,6,1,12.2,28.3,7.1
2006,6,2,11.1,18.9,3.8
2006,6,3,11.7,23.9,0.0
2006,6,4,8.3,13.3,18.3
2006,6,5,8.9,12.2,0.8
2006,6,6,6.7,20.6,0.0
2006,6,7,7.2,26.1,0.0
2006,6,8,7.2,26.1,4.8
2006,6,9,9.4,12.2,17.0
2006,6,10,9.4,16.7,8.9
2006,6,11,11.7,16.7,23.4
2006,6,12,12.2,17.2,3.6
2006,6,13,14.4,20.6,0.8
2006,6,14,12.2,23.3,0.0
2006,6,15,7.2,21.1,0.0
2006,6,16,7.8,22.2,0.0
2006,6,17,9.4,16.7,0.0
2006,6,18,12.8,27.8,0.0
2006,6,19,17.8,31.7,0.0
2006,6,20,17.2,30.0,2.8
2006,6,21,11.1,25.0,4.1
2006,6,22,6.7,23.9,1.5
2006,6,23,8.9,23.3,0.0
2006,6,24,10.0,21.1,0.0
2006,6,25,10.0,25.0,0.0
2006,6,26,13.3,26.7,1.8
2006,6,27,16.7,18.9,16.5
2006,6,28,18.3,27.2,0.0
2006,6,29,17.2,22.8,3.0
2006,6,30,15.0,26.1,0.0
2006,7,1,12.2,20.6,0.0
2006,7,2,11.7,22.2,18.0
2006,7,3,12.2,25.6,5.8
2006,7,4,13.9,23.3,0.0
2006,7,5,15.6,26.7,6.9
2006,7,6,12.2,24.4,0.0
2006,7,7,13.3,20.6,0.0
2006,7,8,11.1,24.4,0.0
2006,7,9,15.0,27.2,0.0
2006,7,10,13.3,30.0,2.5
2006,7,11,13.3,26.7,4.6
2006,7,12,11.1,27.8,5.3
2006,7,13,15.6,26.7,7.1
2006,7,14,17.8,27.2,0.0
2006,7,15,20.0,30.0,0.0
2006,7,16,17.8,27.2,2.0
2006,7,17,16.7,28.9,0.0
2006,7,18,-999.0,-999.0,0.0
2006,7,19,10.0,23.9,0.0
2006,7,20,10.6,27.2,0.0
2006,7,21,-999.0,-999.0,0.0
2006,7,22,14.4,23.3,0.0
2006,7,23,13.9,22.8,21.6
2006,7,24,10.6,20.6,2.3
2006,7,25,13.3,22.2,3.6
2006,7,26,14.4,23.3,6.4
2006,7,27,13.9,28.9,9.9
2006,7,28,17.8,27.8,0.0
2006,7,29,18.9,27.2,0.5
2006,7,30,10.6,26.1,0.3
2006,7,31,8.9,22.8,0.0
2006,8,1,15.6,25.0,0.0
2006,8,2,17.2,26.1,28.7
2006,8,3,15.6,27.8,30.7
2006,8,4,15.6,25.0,0.0
2006,8,5,12.8,27.2,7.6
2006,8,6,7.8,20.6,0.0
2006,8,7,14.4,25.6,0.0
2006,8,8,14.4,21.1,3.8
2006,8,9,7.8,22.8,0.0
2006,8,10,11.7,23.3,0.0
2006,8,11,8.9,20.6,1.3
2006,8,12,7.2,18.9,4.1
2006,8,13,6.1,16.7,1.0
2006,8,14,6.7,17.2,0.0
2006,8,15,14.4,21.7,0.0
2006,8,16,13.3,23.3,0.0
2006,8,17,9.4,22.2,0.0
2006,8,18,8.3,23.9,0.0
2006,8,19,10.0,27.2,0.0
2006,8,20,15.6,25.6,6.1
2006,8,21,15.0,20.0,21.1
2006,8,22,13.3,18.9,1.8
2006,8,23,8.9,22.2,3.6
2006,8,24,3.3,16.1,0.0
2006,8,25,3.9,20.0,0.0
2006,8,26,2.2,20.6,0.0
2006,8,27,-999.0,-999.0,0.0
2006,8,28,7.2,16.7,9.7
2006,8,29,11.1,17.2,0.0
2006,8,30,11.1,21.1,0.0
2006,8,31,7.8,18.3,0.0
2006,9,1,7.2,18.9,0.0
2006,9,2,5.0,21.7,0.0
2006,9,3,6.1,20.0,0.0
2006,9,4,11.1,17.2,5.6
2006,9,5,12.2,18.3,0.5
2006,9,6,13.3,22.8,0.3
2006,9,7,11.7,21.7,0.0
2006,9,8,7.8,21.1,0.0
2006,9,9,9.4,25.0,0.0
2006,9,10,6.7,21.1,3.0
2006,9,11,0.0,16.7,0.0
2006,9,12,0.6,17.8,0.0
2006,9,13,0.6,20.0,0.0
2006,9,14,3.3,21.7,1.5
2006,9,15,12.2,21.1,0.0
2006,9,16,9.4,23.9,0.0
2006,9,17,12.8,23.3,0.0
2006,9,18,11.7,26.1,0.0
2006,9,19,7.8,22.8,0.0
2006,9,20,11.1,26.1,10.4
2006,9,21,6.1,17.8,2.8
2006,9,22,5.0,11.7,0.0
2006,9,23,4.4,14.4,0.0
2006,9,24,7.2,14.4,7.6
2006,9,25,3.9,22.8,0.0
2006,9,26,3.3,13.3,0.0
2006,9,27,-0.6,12.2,0.5
2006,9,28,-0.6,17.2,0.0
2006,9,29,3.9,17.2,0.0
2006,9,30,5.6,13.9,6.1
2006,10,1,5.6,12.2,0.0
2006,10,2,5.0,10.0,4.6
2006,10,3,4.4,10.0,0.0
2006,10,4,7.2,15.0,0.0
2006,10,5,0.0,16.7,7.6
2006,10,6,-1.7,11.1,0.0
2006,10,7,-2.2,13.3,0.0
2006,10,8,-999.0,-999.0,0.0
2006,10,9,5.6,20.6,0.0
2006,10,10,2.2,22.2,0.0
2006,10,11,1.7,13.3,0.0
2006,10,12,6.1,11.7,33.0
2006,10,13,1.7,17.2,7.1
2006,10,14,-5.0,10.0,0.0
2006,10,15,-4.4,11.7,0.0
2006,10,16,-3.9,11.1,0.0
2006,10,17,-3.9,11.7,0.0
2006,10,18,-3.3,11.1,23.1
2006,10,19,7.8,13.9,1.0
2006,10,20,7.8,16.1,7.4
2006,10,21,1.7,11.7,55.9
2006,10,22,-1.1,2.2,0.5
2006,10,23,0.0,7.2,0.0
2006,10,24,0.0,3.9,11.9
2006,10,25,1.7,3.9,0.0
2006,10,26,1.7,6.7,0.0
2006,10,27,1.1,6.1,0.0
2006,10,28,-3.9,2.2,2.5
2006,10,29,-2.2,1.1,19.1
2006,10,30,-1.1,1.7,1.0
2006,10,31,-2.2,3.3,0.3
2006,11,1,-2.2,9.4,3.8
2006,11,2,-2.2,8.9,0.0
2006,11,3,-3.3,5.6,0.0
2006,11,4,-3.9,2.2,0.0
2006,11,5,-7.2,0.6,0.0
2006,11,6,-6.7,2.8,3.6
2006,11,7,-1.7,2.2,0.0
2006,11,8,0.6,10.6,0.8
2006,11,9,3.9,8.9,8.6
2006,11,10,6.7,10.0,0.0
2006,11,11,1.1,11.1,0.0
2006,11,12,2.2,12.8,11.4
2006,11,13,2.8,5.6,5.8
2006,11,14,3.3,6.7,6.9
2006,11,15,6.7,11.1,13.2
2006,11,16,4.4,13.9,0.8
2006,11,17,6.7,17.2,14.7
2006,11,18,1.1,17.2,0.5
2006,11,19,0.0,2.8,0.0
2006,11,20,-3.3,3.3,0.0
2006,11,21,-4.4,3.3,0.0
2006,11,22,-4.4,1.1,0.0
2006,11,23,-7.2,5.0,0.0
2006,11,24,-999.0,-999.0,0.0
2006,11,25,-11.1,5.0,0.0
2006,11,26,-7.2,7.8,0.0
2006,11,27,-2.8,10.0,0.0
2006,11,28,-3.3,3.3,7.6
2006,11,29,-3.9,0.6,0.5
2006,11,30,0.0,7.2,0.0
2006,12,1,1.7,17.8,2.8
2006,12,2,-1.7,3.3,27.2
2006,12,3,-8.3,0.6,0.0
2006,12,4,-8.3,-1.1,2.0
2006,12,5,-11.7,-2.8,0.0
2006,12,6,-18.3,-7.2,0.0
2006,12,7,-17.2,-1.1,0.0
2006,12,8,-10.6,3.3,1.0
2006,12,9,-12.2,1.7,0.0
2006,12,10,-9.4,1.1,0.0
2006,12,11,-1.7,1.1,0.0
2006,12,12,-8.3,1.7,0.0
2006,12,13,-10.0,2.2,0.0
2006,12,14,-4.4,2.8,2.5
2006,12,15,-3.9,7.8,0.0
2006,12,16,-2.2,6.7,0.0
2006,12,17,-1.7,3.3,0.0
2006,12,18,-1.7,6.1,0.0
2006,12,19,-7.2,2.8,2.0
2006,12,20,-13.9,-5.0,0.0
2006,12,21,-15.0,1.7,0.0
2006,12,22,-9.4,0.6,0.0
2006,12,23,-8.9,1.1,11.7
2006,12,24,0.6,3.3,14.0
2006,12,25,-1.1,2.8,0.0
2006,12,26,-1.7,4.4,0.0
2006,12,27,-6.1,0.6,8.9
2006,12,28,-11.1,-3.3,0.5
2006,12,29,-17.2,-6.1,0.0
2006,12,30,-17.2,-9.4,0.0
2006,12,31,-10.0,-6.1,3.6
2007,1,1,-16.1,-1.7,6.1
2007,1,2,-4.4,1.7,0.8
2007,1,3,-7.2,1.7,0.0
2007,1,4,-3.3,3.9,0.0
2007,1,5,-2.8,7.8,0.5
2007,1,6,1.7,8.9,10.7
2007,1,7,0.0,10.0,6.1
2007,1,8,-2.8,1.1,0.5
2007,1,9,-1.7,2.2,8.1
2007,1,10,-7.8,-0.6,0.0
2007,1,11,-16.7,-6.7,0.0
2007,1,12,-16.7,-2.8,1.8
2007,1,13,-3.3,2.8,0.0
2007,1,14,-15.0,-2.2,0.0
2007,1,15,-11.1,-4.4,0.0
2007,1,16,-13.3,-5.0,16.5
2007,1,17,-26.1,-11.1,0.0
2007,1,18,-26.1,-20.0,0.0
2007,1,19,-20.6,-4.4,0.0
2007,1,20,-13.9,-2.2,0.0
2007,1,21,-20.6,-13.9,0.0
2007,1,22,-20.6,-12.2,0.0
2007,1,23,-19.4,-6.1,0.0
2007,1,24,-20.0,-3.9,0.0
2007,1,25,-22.8,-4.4,0.0
2007,1,26,-26.1,-13.9,0.0
2007,1,27,-26.1,-20.0,0.0
2007,1,28,-22.2,-9.4,0.0
2007,1,29,-25.6,-5.6,0.0
2007,1,30,-26.1,-10.0,0.0
2007,1,31,-27.2,-15.6,0.0
2007,2,1,-27.2,-8.3,0.0
2007,2,2,-21.1,-5.6,0.0
2007,2,3,-18.3,-1.1,6.6
2007,2,4,-14.4,-6.7,0.0
2007,2,5,-21.1,-10.0,0.0
2007,2,6,-23.9,-19.4,0.0
2007,2,7,-19.4,-13.9,0.0
2007,2,8,-23.3,-13.3,0.0
2007,2,9,-23.3,-14.4,0.0
2007,2,10,-18.9,-13.9,0.0
2007,2,11,-20.6,-8.3,0.0
2007,2,12,-18.3,-6.1,0.0
2007,2,13,-24.4,-8.3,0.0
2007,2,14,-24.4,-13.3,0.0
2007,2,15,-17.8,-12.8,54.1
2007,2,16,-20.0,-16.7,0.0
2007,2,17,-19.4,-11.1,0.0
2007,2,18,-11.1,-3.9,0.0
2007,2,19,-23.3,-3.9,3.0
2007,2,20,-23.9,-15.6,0.0
2007,2,21,-16.7,-4.4,0.0
2007,2,22,-16.7,-3.9,0.0
2007,2,23,-16.7,-2.8,0.0
2007,2,24,-16.7,-12.2,0.0
2007,2,25,-13.3,-6.1,0.0
2007,2,26,-22.2,-1.1,0.0
2007,2,27,-23.3,3.3,0.0
2007,2,28,-18.9,4.4,0.0
2007,3,1,-19.4,0.6,0.0
2007,3,2,-19.4,-2.8,0.0
2007,3,3,-999.0,-999.0,22.1
2007,3,4,-4.4,4.4,0.0
2007,3,5,-10.0,-1.1,0.0
2007,3,6,-26.1,-3.9,1.5
2007,3,7,-27.2,-20.0,0.0
2007,3,8,-26.7,-13.3,0.0
2007,3,9,-23.9,-18.9,0.0
2007,3,10,-23.3,-3.9,0.0
2007,3,11,-5.6,3.3,3.6
2007,3,12,-5.6,2.8,0.0
2007,3,13,-6.1,8.3,0.0
2007,3,14,1.7,7.2,0.0
2007,3,15,4.4,12.2,6.1
2007,3,16,-13.3,5.0,0.8
2007,3,17,-13.9,-5.6,30.0
2007,3,18,-10.6,-5.0,13.5
2007,3,19,-12.8,-6.1,0.0
2007,3,20,-13.3,-2.2,1.5
2007,3,21,-19.4,-1.7,1.8
2007,3,22,-19.4,3.9,2.5
2007,3,23,-2.2,13.9,0.3
2007,3,24,-7.8,3.3,0.0
2007,3,25,-6.7,10.0,0.0
2007,3,26,-4.4,8.9,0.0
2007,3,27,-4.4,6.7,3.8
2007,3,28,-1.7,6.1,0.0
2007,3,29,-7.8,1.7,0.0
2007,3,30,-7.8,5.0,0.0
2007,3,31,-7.2,6.1,0.0
2007,4,1,-8.3,5.0,0.0
2007,4,2,-6.7,11.1,1.5
2007,4,3,-2.2,2.2,7.1
2007,4,4,-2.2,1.1,0.0
2007,4,5,-4.4,-1.1,23.9
2007,4,6,-5.6,3.9,8.9
2007,4,7,-8.3,-1.7,0.0
2007,4,8,-7.8,-1.1,0.0
2007,4,9,-6.7,-2.2,0.0
2007,4,10,-3.3,1.1,1.8
2007,4,11,-8.9,-0.6,0.0
2007,4,12,-12.8,5.0,0.0
2007,4,13,-12.8,4.4,30.5
2007,4,14,-1.1,3.3,3.0
2007,4,15,-1.7,3.9,0.0
2007,4,16,-1.7,2.2,31.2
2007,4,17,-2.2,1.7,25.4
2007,4,18,-1.1,7.2,10.9
2007,4,19,-2.2,11.1,0.0
2007,4,20,-2.8,13.3,0.0
2007,4,21,-2.8,17.2,0.0
2007,4,22,-3.3,16.1,0.0
2007,4,23,1.1,18.3,0.0
2007,4,24,3.9,21.1,0.0
2007,4,25,-1.7,7.8,0.0
2007,4,26,-5.0,7.8,0.0
2007,4,27,-4.4,13.9,0.0
2007,4,28,1.1,7.2,9.7
2007,4,29,1.7,7.2,5.6
2007,4,30,3.3,6.7,4.3
2007,5,1,1.1,6.1,15.7
2007,5,2,-1.1,9.4,0.0
2007,5,3,-1.7,10.0,0.0
2007,5,4,0.0,11.7,0.0
2007,5,5,-0.6,12.2,0.0
2007,5,6,-0.6,10.6,0.0
2007,5,7,-1.7,13.9,0.0
2007,5,8,0.6,19.4,0.0
2007,5,9,8.3,23.3,0.0
2007,5,10,8.3,27.8,0.0
2007,5,11,8.9,28.9,0.3
2007,5,12,1.7,22.8,7.1
2007,5,13,-1.7,12.8,0.0
2007,5,14,-1.1,11.7,0.0
2007,5,15,0.0,18.9,0.0
2007,5,16,6.7,10.6,13.5
2007,5,17,0.0,6.7,27.7
2007,5,18,-1.1,4.4,4.1
2007,5,19,1.1,5.6,2.5
2007,5,20,1.1,16.7,1.5
2007,5,21,0.0,15.6,0.0
2007,5,22,-1.7,13.3,0.0
2007,5,23,-1.1,18.3,0.0
2007,5,24,0.0,26.7,0.0
2007,5,25,6.1,28.3,0.0
2007,5,26,15.6,29.4,0.0
2007,5,27,2.2,21.7,0.0
2007,5,28,8.3,20.6,12.2
2007,5,29,10.0,20.0,0.0
2007,5,30,10.6,19.4,0.0
2007,5,31,6.7,18.9,5.8
2007,6,1,7.2,20.6,0.0
2007,6,2,12.2,22.8,0.0
2007,6,3,10.6,20.6,2.5
2007,6,4,8.9,15.0,0.5
2007,6,5,8.9,12.2,23.9
2007,6,6,6.7,24.4,16.0
2007,6,7,3.3,10.6,0.0
2007,6,8,3.3,18.3,0.0
2007,6,9,7.8,22.8,0.0
2007,6,10,13.9,20.0,4.1
2007,6,11,10.6,25.6,0.0
2007,6,12,11.7,27.8,0.0
2007,6,13,11.1,27.8,0.0
2007,6,14,10.6,25.6,0.0
2007,6,15,6.1,22.8,0.0
2007,6,16,8.3,26.7,0.0
2007,6,17,10.0,27.2,0.0
2007,6,18,8.9,28.3,7.1
2007,6,19,6.1,22.8,0.0
2007,6,20,-999.0,-999.0,0.0
2007,6,21,14.4,18.3,5.3
2007,6,22,10.6,20.0,10.2
2007,6,23,15.0,20.6,3.6
2007,6,24,8.9,15.6,0.0
2007,6,25,10.0,22.2,0.0
2007,6,26,14.4,30.6,0.0
2007,6,27,24.4,32.2,5.8
2007,6,28,18.9,35.0,20.3
2007,6,29,5.0,25.6,3.8
2007,6,30,7.8,17.8,0.0
2007,7,1,3.9,12.2,0.0
2007,7,2,5.6,11.1,0.0
2007,7,3,6.1,18.9,1.5
2007,7,4,2.2,20.0,0.0
2007,7,5,8.3,18.9,8.6
2007,7,6,10.6,17.2,0.0
2007,7,7,9.4,20.6,0.0
2007,7,8,10.0,16.7,2.8
2007,7,9,3.3,18.3,7.4
2007,7,10,10.0,12.8,5.8
2007,7,11,11.7,24.4,0.0
2007,7,12,12.2,22.2,33.8
2007,7,13,7.2,20.6,0.0
2007,7,14,5.6,17.2,1.3
2007,7,15,12.2,18.9,0.8
2007,7,16,10.0,20.0,22.4
2007,7,17,5.6,19.4,0.0
2007,7,18,8.9,20.0,0.0
2007,7,19,11.1,17.8,0.8
2007,7,20,12.2,17.8,8.4
2007,7,21,11.1,18.9,9.7
2007,7,22,7.8,19.4,0.0
2007,7,23,6.1,20.0,0.0
2007,7,24,8.9,21.7,0.0
2007,7,25,16.1,23.9,0.0
2007,7,26,11.7,23.3,0.0
2007,7,27,16.7,25.0,0.0
2007,7,28,13.9,27.2,3.6
2007,7,29,15.6,23.9,2.0
2007,7,30,11.7,21.1,0.0
2007,7,31,10.6,23.3,0.0
2007,8,1,8.9,24.4,0.0
2007,8,2,13.3,21.1,0.0
2007,8,3,15.6,27.8,0.0
2007,8,4,16.1,26.7,16.0
2007,8,5,10.0,25.6,0.0
2007,8,6,5.0,22.8,0.0
2007,8,7,10.6,20.6,18.0
2007,8,8,15.6,21.7,0.0
2007,8,9,9.4,25.0,17.5
2007,8,10,7.2,21.7,0.0
2007,8,11,9.4,24.4,0.0
2007,8,12,12.2,21.7,0.0
2007,8,13,13.3,22.2,1.5
2007,8,14,10.6,27.2,0.0
2007,8,15,11.1,26.1,4.6
2007,8,16,6.1,17.8,2.3
2007,8,17,8.3,22.8,18.5
2007,8,18,8.9,22.8,7.1
2007,8,19,4.4,15.6,0.0
2007,8,20,2.8,16.7,0.0
2007,8,21,2.8,18.9,0.0
2007,8,22,5.0,21.7,0.0
2007,8,23,8.3,22.8,0.0
2007,8,24,13.3,20.0,6.6
2007,8,25,17.2,23.3,1.3
2007,8,26,19.4,28.3,27.4
2007,8,27,6.7,21.1,0.0
2007,8,28,7.2,23.9,0.0
2007,8,29,8.9,25.6,0.0
2007,8,30,13.3,28.3,0.0
2007,8,31,15.6,27.8,5.1
2007,9,1,12.8,23.9,0.0
2007,9,2,6.7,20.6,0.0
2007,9,3,8.3,23.3,0.0
2007,9,4,10.0,22.8,0.0
2007,9,5,4.4,18.3,0.0
2007,9,6,2.2,17.8,0.0
2007,9,7,2.2,21.7,0.0
2007,9,8,13.3,30.0,0.0
2007,9,9,7.2,27.2,0.0
2007,9,10,11.1,23.3,6.1
2007,9,11,11.1,22.2,0.0
2007,9,12,11.7,16.1,4.1
2007,9,13,6.7,15.6,0.0
2007,9,14,1.7,16.1,0.0
2007,9,15,1.7,21.1,9.4
2007,9,16,1.1,12.2,13.0
2007,9,17,0.6,13.9,0.0
2007,9,18,2.8,18.3,0.0
2007,9,19,2.2,21.1,0.0
2007,9,20,3.9,23.9,0.0
2007,9,21,6.1,22.8,0.0
2007,9,22,6.7,24.4,0.0
2007,9,23,11.1,21.1,0.0
2007,9,24,9.4,20.6,0.0
2007,9,25,10.0,21.1,0.0
2007,9,26,9.4,20.6,0.0
2007,9,27,10.0,27.2,0.0
2007,9,28,15.6,26.1,21.1
2007,9,29,6.7,17.2,0.8
2007,9,30,0.0,15.0,0.0
2007,10,1,3.3,16.1,0.0
2007,10,2,6.1,17.8,0.0
2007,10,3,2.2,18.9,0.0
2007,10,4,2.8,21.1,0.0
2007,10,5,6.7,21.1,0.0
2007,10,6,8.3,24.4,0.0
2007,10,7,7.2,16.7,6.4
2007,10,8,3.3,14.4,1.3
2007,10,9,3.3,8.3,4.6
2007,10,10,2.8,15.6,0.0
2007,10,11,7.2,12.2,0.0
2007,10,12,8.9,15.0,21.8
2007,10,13,3.3,10.0,34.5
2007,10,14,3.3,7.2,1.5
2007,10,15,3.9,7.2,0.8
2007,10,16,2.8,8.9,0.0
2007,10,17,2.2,11.7,0.0
2007,10,18,2.2,15.6,0.0
2007,10,19,3.3,14.4,0.0
2007,10,20,8.3,15.0,20.3
2007,10,21,10.0,19.4,0.0
2007,10,22,12.2,20.0,0.0
2007,10,23,7.8,25.0,0.0
2007,10,24,4.4,15.6,11.2
2007,10,25,1.7,9.4,0.0
2007,10,26,-2.8,12.2,0.0
2007,10,27,-2.8,14.4,5.3
2007,10,28,1.7,7.8,28.4
2007,10,29,-2.8,7.2,0.0
2007,10,30,-2.2,3.9,0.5
2007,10,31,-2.8,7.8,0.0
2007,11,1,-2.8,13.9,0.0
2007,11,2,0.0,10.6,0.0
2007,11,3,-5.0,8.3,0.0
2007,11,4,-2.2,3.9,20.8
2007,11,5,-3.3,6.7,0.0
2007,11,6,-3.9,8.3,2.5
2007,11,7,-1.7,5.6,19.3
2007,11,8,-2.2,4.4,0.0
2007,11,9,-2.8,-0.6,0.0
2007,11,10,-4.4,1.1,0.0
2007,11,11,-4.4,0.6,0.0
2007,11,12,-6.7,2.2,0.0
2007,11,13,-4.4,4.4,1.8
2007,11,14,-1.7,4.4,0.0
2007,11,15,0.6,13.9,5.1
2007,11,16,0.0,6.1,43.7
2007,11,17,-3.9,1.1,3.6
2007,11,18,-5.0,0.6,0.0
2007,11,19,-11.1,-0.6,0.0
2007,11,20,-11.7,0.0,0.0
2007,11,21,-10.0,-0.6,2.0
2007,11,22,-1.7,2.2,0.0
2007,11,23,-6.7,1.1,7.6
2007,11,24,-11.7,-6.1,0.8
2007,11,25,-11.1,-4.4,0.0
2007,11,26,-4.4,1.1,0.0
2007,11,27,-4.4,2.2,20.3
2007,11,28,-10.0,1.7,0.5
2007,11,29,-12.2,-6.1,0.0
2007,11,30,-6.1,1.7,1.0
2007,12,1,-12.8,-3.3,0.8
2007,12,2,-16.7,-3.3,0.0
2007,12,3,-15.0,-6.1,2.3
2007,12,4,-12.2,-6.7,20.8
2007,12,5,-11.1,-5.0,0.0
2007,12,6,-14.4,-5.0,0.0
2007,12,7,-13.3,-5.6,0.0
2007,12,8,-15.6,-5.0,0.5
2007,12,9,-17.2,-1.7,0.0
2007,12,10,-20.0,-11.1,0.0
2007,12,11,-15.6,-3.9,0.0
2007,12,12,-10.6,-1.7,2.8
2007,12,13,-18.3,0.0,2.0
2007,12,14,-20.0,-11.7,8.6
2007,12,15,-20.6,-1.7,2.3
2007,12,16,-20.0,-14.4,0.0
2007,12,17,-16.7,-10.0,31.8
2007,12,18,-17.8,-11.7,0.0
2007,12,19,-18.9,-10.0,0.0
2007,12,20,-13.3,-7.2,13.0
2007,12,21,-11.7,-6.7,0.0
2007,12,22,-11.1,-3.3,0.0
2007,12,23,-7.8,0.6,0.0
2007,12,24,-3.3,7.8,14.5
2007,12,25,-5.0,-1.1,0.0
2007,12,26,-4.4,0.0,0.0
2007,12,27,-2.8,-0.6,0.0
2007,12,28,-4.4,-1.1,6.4
2007,12,29,-4.4,-1.7,13.2
2007,12,30,-4.4,1.1,1.3
2007,12,31,-7.2,-2.8,8.6
2008,1,1,-8.3,-4.4,4.6
2008,1,2,-9.4,-2.8,10.7
2008,1,3,-23.3,-9.4,0.0
2008,1,4,-25.6,-17.2,0.0
2008,1,5,-21.1,-3.9,0.0
2008,1,6,-4.4,0.0,1.0
2008,1,7,-999.0,-999.0,0.0
2008,1,8,-0.6,6.7,3.8
2008,1,9,1.1,10.0,0.0
2008,1,10,0.0,10.6,0.8
2008,1,11,-3.3,1.1,0.0
2008,1,12,-2.8,1.7,8.6
2008,1,13,-11.1,2.8,0.0
2008,1,14,-9.4,-1.7,0.0
2008,1,15,-10.0,-7.8,10.2
2008,1,16,-11.7,-6.7,0.0
2008,1,17,-20.6,-7.8,0.0
2008,1,18,-22.2,-3.3,0.8
2008,1,19,-11.7,1.7,5.6
2008,1,20,-18.9,-2.2,0.8
2008,1,21,-25.6,-14.4,0.0
2008,1,22,-22.8,-15.0,0.0
2008,1,23,-20.0,-6.7,1.8
2008,1,24,-22.2,-5.6,0.5
2008,1,25,-26.7,-10.6,0.0
2008,1,26,-25.6,-10.6,0.0
2008,1,27,-26.1,-7.8,0.0
2008,1,28,-23.3,-3.9,0.0
2008,1,29,-23.9,0.0,0.0
2008,1,30,-9.4,0.6,0.0
2008,1,31,-12.8,4.4,2.5
2008,2,1,-18.3,-6.1,0.0
2008,2,2,-18.3,-4.4,20.3
2008,2,3,-7.2,-5.0,0.0
2008,2,4,-9.4,-2.8,1.5
2008,2,5,-13.3,0.6,1.8
2008,2,6,-5.0,1.7,0.8
2008,2,7,-11.1,-1.1,0.0
2008,2,8,-12.2,-8.3,1.5
2008,2,9,-13.3,-4.4,2.3
2008,2,10,-12.2,-2.8,1.0
2008,2,11,-15.6,0.6,9.4
2008,2,12,-18.9,-15.0,0.0
2008,2,13,-19.4,-9.4,22.4
2008,2,14,-10.0,-2.2,2.3
2008,2,15,-14.4,-4.4,2.5
2008,2,16,-24.4,-2.2,0.0
2008,2,17,-22.2,-12.8,9.9
2008,2,18,-17.8,1.1,2.3
2008,2,19,-999.0,-999.0,3.3
2008,2,20,-13.9,0.6,0.0
2008,2,21,-20.6,-8.3,0.0
2008,2,22,-22.8,-8.3,0.0
2008,2,23,-999.0,-999.0,1.5
2008,2,24,-12.2,1.1,0.0
2008,2,25,-999.0,-999.0,0.0
2008,2,26,-8.3,2.2,0.0
2008,2,27,-3.9,0.6,13.0
2008,2,28,-13.3,-1.7,2.3
2008,2,29,-31.7,-10.6,0.0
2008,3,1,-32.2,-7.2,1.3
2008,3,2,-10.0,-1.7,2.8
2008,3,3,-18.9,-4.4,0.3
2008,3,4,-16.7,6.7,0.0
2008,3,5,-11.1,6.7,7.1
2008,3,6,-11.7,-2.8,4.8
2008,3,7,-13.9,3.9,0.0
2008,3,8,-14.4,6.7,9.7
2008,3,9,-8.3,2.2,40.1
2008,3,10,-16.1,-7.2,0.5
2008,3,11,-16.1,-6.1,0.0
2008,3,12,-15.6,-0.6,0.0
2008,3,13,-15.6,0.6,0.0
2008,3,14,-17.2,-2.2,1.8
2008,3,15,-8.9,-2.8,0.0
2008,3,16,-7.8,2.2,1.5
2008,3,17,-7.8,1.1,2.0
2008,3,18,-16.7,0.0,0.0
2008,3,19,-17.8,5.0,0.0
2008,3,20,-3.3,0.0,19.3
2008,3,21,-11.1,0.0,12.7
2008,3,22,-12.8,-8.3,5.3
2008,3,23,-13.9,-7.2,0.0
2008,3,24,-23.9,-7.2,0.0
2008,3,25,-26.1,-3.9,0.0
2008,3,26,-26.1,1.7,0.0
2008,3,27,-10.6,3.9,0.5
2008,3,28,-10.6,3.9,0.0
2008,3,29,-12.2,2.2,0.0
2008,3,30,-12.8,-3.9,1.8
2008,3,31,-12.2,6.1,0.0
2008,4,1,-11.1,2.8,4.1
2008,4,2,-5.0,9.4,2.5
2008,4,3,-6.7,-1.7,0.0
2008,4,4,-6.7,4.4,0.0
2008,4,5,-7.2,5.6,35.6
2008,4,6,0.0,4.4,0.0
2008,4,7,-2.2,4.4,0.0
2008,4,8,-3.9,10.0,0.0
2008,4,9,-3.9,10.6,0.0
2008,4,10,-2.8,15.6,0.0
2008,4,11,-0.6,7.2,0.0
2008,4,12,-999.0,-999.0,2.8
2008,4,13,-1.7,3.3,10.2
2008,4,14,-0.6,2.8,1.5
2008,4,15,-3.9,5.0,0.0
2008,4,16,-5.6,7.8,0.0
2008,4,17,-5.0,15.0,0.0
2008,4,18,-2.2,20.6,0.0
2008,4,19,-1.1,21.7,0.0
2008,4,20,1.1,17.2,0.0
2008,4,21,0.0,16.1,0.0
2008,4,22,0.6,22.2,0.0
2008,4,23,0.0,22.8,0.0
2008,4,24,4.4,23.9,8.1
2008,4,25,-2.2,16.7,0.0
2008,4,26,-2.2,12.2,0.0
2008,4,27,0.0,17.2,0.0
2008,4,28,1.1,8.9,0.5
2008,4,29,3.3,12.2,18.0
2008,4,30,-1.1,7.2,34.8
2008,5,1,-4.4,4.4,0.0
2008,5,2,-4.4,8.9,0.0
2008,5,3,-2.8,12.8,0.0
2008,5,4,-999.0,-999.0,6.4
2008,5,5,1.1,7.2,2.3
2008,5,6,-1.7,15.6,0.0
2008,5,7,-0.6,20.0,0.0
2008,5,8,1.7,16.1,2.3
2008,5,9,3.3,17.8,0.0
2008,5,10,-1.1,15.6,0.0
2008,5,11,1.1,14.4,0.0
2008,5,12,2.2,17.2,0.0
2008,5,13,-0.6,17.2,0.0
2008,5,14,0.0,20.6,0.0
2008,5,15,1.7,22.8,0.0
2008,5,16,2.2,17.2,0.0
2008,5,17,3.3,17.8,0.0
2008,5,18,6.1,19.4,0.0
2008,5,19,7.8,18.9,0.0
2008,5,20,4.4,12.8,2.0
2008,5,21,3.9,12.2,2.5
2008,5,22,3.9,16.1,5.1
2008,5,23,4.4,11.1,0.5
2008,5,24,4.4,11.7,3.0
2008,5,25,1.7,15.0,0.0
2008,5,26,3.3,20.6,0.0
2008,5,27,12.2,16.7,4.1
2008,5,28,1.7,17.2,0.0
2008,5,29,2.2,13.3,0.0
2008,5,30,1.1,17.2,0.0
2008,5,31,2.2,18.9,6.4
2008,6,1,8.3,16.7,14.7
2008,6,2,-999.0,-999.0,10.9
2008,6,3,7.8,16.1,0.0
2008,6,4,8.9,20.0,3.8
2008,6,5,8.9,10.6,7.4
2008,6,6,8.9,21.1,0.0
2008,6,7,11.7,15.0,4.1
2008,6,8,12.8,28.9,0.3
2008,6,9,15.6,29.4,10.2
2008,6,10,16.1,22.2,0.0
2008,6,11,16.7,31.7,48.8
2008,6,12,10.6,22.2,5.8
2008,6,13,5.0,18.9,0.0
2008,6,14,7.8,23.9,0.0
2008,6,15,7.2,27.2,3.0
2008,6,16,8.3,21.1,11.9
2008,6,17,12.2,16.1,12.2
2008,6,18,11.1,20.6,11.7
2008,6,19,10.0,18.3,18.8
2008,6,20,11.1,19.4,12.2
2008,6,21,10.0,20.0,30.5
2008,6,22,8.9,22.8,0.5
2008,6,23,10.6,21.1,2.5
2008,6,24,13.9,25.0,6.9
2008,6,25,8.9,21.1,0.0
2008,6,26,13.9,23.3,0.0
2008,6,27,15.0,23.9,3.8
2008,6,28,16.1,26.1,0.0
2008,6,29,13.3,17.8,12.4
2008,6,30,-999.0,-999.0,13.5
2008,7,1,12.2,23.9,0.0
2008,7,2,10.0,23.9,0.0
2008,7,3,12.2,26.7,0.0
2008,7,4,8.9,23.3,2.3
2008,7,5,7.8,24.4,0.0
2008,7,6,11.1,25.6,0.0
2008,7,7,11.1,28.3,0.0
2008,7,8,14.4,28.3,0.0
2008,7,9,12.2,30.0,0.0
2008,7,10,16.1,29.4,17.8
2008,7,11,13.3,28.3,0.0
2008,7,12,7.8,26.7,0.0
2008,7,13,15.0,25.6,0.0
2008,7,14,16.1,22.8,5.8
2008,7,15,10.6,23.3,0.0
2008,7,16,9.4,23.9,0.0
2008,7,17,15.0,27.8,0.3
2008,7,18,12.8,25.6,0.0
2008,7,19,15.0,18.3,31.2
2008,7,20,13.9,25.6,1.0
2008,7,21,15.6,21.7,8.1
2008,7,22,14.4,26.7,3.0
2008,7,23,15.0,21.7,14.2
2008,7,24,16.1,20.6,10.7
2008,7,25,16.1,23.9,29.5
2008,7,26,11.1,24.4,1.8
2008,7,27,12.8,26.7,0.0
2008,7,28,12.8,26.1,0.0
2008,7,29,14.4,23.9,0.0
2008,7,30,13.9,22.8,6.6
2008,7,31,15.0,23.9,1.0
2008,8,1,16.1,21.7,2.3
2008,8,2,16.7,25.0,2.8
2008,8,3,15.6,25.0,15.7
2008,8,4,15.0,23.9,16.0
2008,8,5,12.8,22.2,6.4
2008,8,6,11.1,18.3,0.3
2008,8,7,11.7,17.2,36.8
2008,8,8,12.2,14.4,15.2
2008,8,9,11.7,15.6,5.8
2008,8,10,10.6,22.2,5.3
2008,8,11,11.7,25.0,0.5
2008,8,12,11.7,21.1,5.1
2008,8,13,12.8,20.0,13.2
2008,8,14,12.2,22.2,0.0
2008,8,15,8.9,23.3,0.0
2008,8,16,14.4,24.4,2.3
2008,8,17,15.0,22.2,0.5
2008,8,18,7.8,22.2,0.0
2008,8,19,12.2,26.1,15.2
2008,8,20,7.8,16.1,1.5
2008,8,21,10.6,18.9,0.0
2008,8,22,10.0,24.4,0.0
2008,8,23,11.1,28.9,0.0
2008,8,24,12.8,28.9,0.0
2008,8,25,13.3,26.7,14.5
2008,8,26,8.3,21.7,0.0
2008,8,27,8.9,18.9,0.0
2008,8,28,8.3,25.0,0.0
2008,8,29,7.8,25.6,0.0
2008,8,30,9.4,26.1,0.0
2008,8,31,12.2,21.1,2.0
2008,9,1,12.2,20.6,0.0
2008,9,2,11.1,23.3,0.0
2008,9,3,8.9,22.8,0.0
2008,9,4,9.4,25.0,0.5
2008,9,5,8.9,24.4,0.0
2008,9,6,9.4,25.0,0.0
2008,9,7,15.0,24.4,2.5
2008,9,8,11.7,16.7,0.0
2008,9,9,11.7,20.6,1.8
2008,9,10,8.3,16.1,16.0
2008,9,11,2.2,14.4,0.0
2008,9,12,2.8,17.8,0.0
2008,9,13,3.3,15.6,7.9
2008,9,14,12.2,19.4,0.0
2008,9,15,14.4,20.6,2.8
2008,9,16,8.9,22.8,0.0
2008,9,17,3.3,17.2,0.0
2008,9,18,2.8,20.6,1.3
2008,9,19,-1.7,20.6,0.0
2008,9,20,-1.7,15.6,0.0
2008,9,21,2.2,20.0,0.0
2008,9,22,-0.6,16.1,0.0
2008,9,23,-1.1,15.0,0.0
2008,9,24,-0.6,16.7,0.0
2008,9,25,2.2,18.3,0.0
2008,9,26,7.2,23.3,0.0
2008,9,27,6.7,20.0,20.3
2008,9,28,10.0,20.6,7.1
2008,9,29,10.0,19.4,17.3
2008,9,30,9.4,15.0,0.0
2008,10,1,8.9,18.3,0.0
2008,10,2,9.4,13.3,6.6
2008,10,3,0.6,10.6,2.0
2008,10,4,3.3,9.4,1.8
2008,10,5,4.4,7.2,0.0
2008,10,6,-0.6,10.6,0.0
2008,10,7,-1.1,8.9,0.0
2008,10,8,2.2,13.3,0.0
2008,10,9,6.1,18.3,2.8
2008,10,10,7.2,15.0,3.6
2008,10,11,6.1,13.9,0.0
2008,10,12,-1.7,14.4,0.0
2008,10,13,0.0,15.6,6.9
2008,10,14,7.8,11.7,0.0
2008,10,15,2.2,16.7,0.0
2008,10,16,2.2,12.8,0.8
2008,10,17,2.2,9.4,3.0
2008,10,18,-2.2,8.9,0.0
2008,10,19,-7.2,7.8,0.0
2008,10,20,-5.6,10.6,0.0
2008,10,21,-6.1,13.3,1.0
2008,10,22,0.0,5.0,20.6
2008,10,23,-7.8,6.7,1.8
2008,10,24,-999.0,-999.0,0.0
2008,10,25,-3.3,13.3,0.0
2008,10,26,0.0,12.8,29.2
2008,10,27,3.3,9.4,0.0
2008,10,28,2.2,14.4,0.8
2008,10,29,0.6,10.6,11.4
2008,10,30,-1.1,1.7,2.3
2008,10,31,-2.8,0.6,0.0
2008,11,1,-2.8,10.6,0.0
2008,11,2,-5.0,4.4,0.0
2008,11,3,-6.7,3.3,0.0
2008,11,4,-3.9,6.7,0.0
2008,11,5,3.9,15.6,0.0
2008,11,6,0.6,18.9,0.0
2008,11,7,0.6,15.6,18.3
2008,11,8,7.8,15.6,3.6
2008,11,9,6.1,13.9,6.9
2008,11,10,0.6,12.2,1.0
2008,11,11,-0.6,5.0,2.5
2008,11,12,-1.1,1.7,0.5
2008,11,13,-4.4,0.0,0.0
2008,11,14,-5.0,4.4,11.7
2008,11,15,3.9,7.8,6.9
2008,11,16,4.4,14.4,14.0
2008,11,17,-1.1,12.8,0.0
2008,11,18,-3.9,1.1,0.0
2008,11,19,-10.6,-3.3,0.0
2008,11,20,-10.0,-6.1,0.0
2008,11,21,-9.4,-6.7,0.0
2008,11,22,-9.4,-5.0,0.0
2008,11,23,-13.9,-6.1,0.0
2008,11,24,-16.7,-2.8,0.0
2008,11,25,-13.3,1.1,0.0
2008,11,26,-999.0,-999.0,60.5
2008,11,27,-4.4,5.0,0.0
2008,11,28,-3.3,3.9,0.0
2008,11,29,-4.4,2.8,0.0
2008,11,30,-6.7,1.1,0.0
2008,12,1,-3.9,1.7,8.4
2008,12,2,-2.2,3.9,0.0
2008,12,3,-5.0,2.8,0.0
2008,12,4,-5.0,2.8,0.0
2008,12,5,-7.8,3.3,3.0
2008,12,6,-16.7,-6.1,0.0
2008,12,7,-13.9,-3.9,0.0
2008,12,8,-20.0,-2.8,0.0
2008,12,9,-20.6,-15.0,0.0
2008,12,10,-18.3,2.8,6.6
2008,12,11,-11.1,6.7,4.8
2008,12,12,-11.7,-6.7,16.5
2008,12,13,-17.2,-0.6,5.1
2008,12,14,-22.8,-12.8,0.0
2008,12,15,-17.2,-3.3,0.0
2008,12,16,-7.8,7.2,0.0
2008,12,17,-11.1,-4.4,2.0
2008,12,18,-11.7,-5.6,5.8
2008,12,19,-16.7,-5.0,1.5
2008,12,20,-19.4,-16.1,0.5
2008,12,21,-28.9,-12.8,0.0
2008,12,22,-25.6,-13.9,40.1
2008,12,23,-21.7,-12.8,0.0
2008,12,24,-21.7,-8.3,2.3
2008,12,25,-8.3,3.9,7.9
2008,12,26,-25.0,-1.1,1.0
2008,12,27,-23.9,-6.1,0.8
2008,12,28,-6.1,1.1,15.7
2008,12,29,-4.4,8.9,1.3
2008,12,30,-9.4,0.0,0.0
2008,12,31,-18.3,-2.2,0.8
2009,1,1,-23.9,-13.3,0.0
2009,1,2,-22.2,-16.1,0.0
2009,1,3,-16.1,-7.8,0.0
2009,1,4,-15.6,-11.1,0.0
2009,1,5,-15.0,-10.0,0.0
2009,1,6,-10.6,-3.9,0.0
2009,1,7,-15.0,-6.1,0.0
2009,1,8,-12.2,-10.0,27.4
2009,1,9,-16.1,-3.9,0.0
2009,1,10,-18.9,-12.8,0.0
2009,1,11,-24.4,-11.7,0.0
2009,1,12,-20.6,-10.0,1.8
2009,1,13,-20.6,-10.0,0.0
2009,1,14,-21.1,-3.3,1.3
2009,1,15,-30.6,-18.9,0.0
2009,1,16,-38.3,-18.3,0.0
2009,1,17,-38.3,-18.3,0.0
2009,1,18,-34.4,-14.4,0.0
2009,1,19,-20.0,-12.2,14.7
2009,1,20,-18.9,-6.7,1.0
2009,1,21,-19.4,-7.8,0.0
2009,1,22,-17.8,-7.8,0.0
2009,1,23,-24.4,-3.3,0.0
2009,1,24,-24.4,-3.3,0.0
2009,1,25,-23.9,-14.4,0.0
2009,1,26,-35.0,-11.1,0.0
2009,1,27,-35.6,-12.8,0.0
2009,1,28,-22.8,-10.0,0.0
2009,1,29,-20.6,-8.3,19.1
2009,1,30,-12.2,-7.2,0.0
2009,1,31,-13.9,-3.9,0.0
2009,2,1,-23.9,-6.1,1.8
2009,2,2,-23.9,-6.7,0.0
2009,2,3,-19.4,1.7,0.0
2009,2,4,-19.4,-6.1,0.0
2009,2,5,-25.0,-12.2,0.0
2009,2,6,-24.4,-12.8,0.0
2009,2,7,-18.9,-7.2,0.0
2009,2,8,-15.0,5.0,0.3
2009,2,9,-18.9,1.7,0.5
2009,2,10,-18.9,-9.4,0.0
2009,2,11,-17.2,-1.7,0.0
2009,2,12,-3.3,9.4,10.9
2009,2,13,-13.3,2.2,7.9
2009,2,14,-16.7,-10.6,0.0
2009,2,15,-12.2,-7.8,0.0
2009,2,16,-10.6,-4.4,0.0
2009,2,17,-10.0,-5.0,0.0
2009,2,18,-22.2,-2.8,0.0
2009,2,19,-22.2,0.6,5.8
2009,2,20,-12.2,-3.3,9.4
2009,2,21,-11.1,-8.9,0.0
2009,2,22,-15.0,-6.7,0.0
2009,2,23,-8.3,0.0,22.6
2009,2,24,-11.1,-3.9,12.7
2009,2,25,-15.6,-8.3,0.0
2009,2,26,-14.4,-6.7,0.0
2009,2,27,-16.7,0.0,0.0
2009,2,28,-12.8,5.6,2.8
2009,3,1,-24.4,-7.8,0.0
2009,3,2,-22.2,-8.3,1.0
2009,3,3,-16.1,-7.8,3.3
2009,3,4,-20.6,-5.6,0.0
2009,3,5,-18.3,-2.8,0.0
2009,3,6,-15.6,-3.3,11.2
2009,3,7,-4.4,6.1,2.0
2009,3,8,0.0,5.6,9.1
2009,3,9,-8.3,3.3,0.0
2009,3,10,-14.4,1.1,0.0
2009,3,11,-14.4,6.7,0.0
2009,3,12,-12.8,5.6,7.1
2009,3,13,-17.2,-8.3,0.0
2009,3,14,-19.4,3.9,0.0
2009,3,15,-17.8,6.1,0.0
2009,3,16,-9.4,5.6,0.0
2009,3,17,-11.1,5.6,0.0
2009,3,18,-11.1,11.1,0.0
2009,3,19,-4.4,7.8,0.3
2009,3,20,-11.7,6.1,0.0
2009,3,21,-13.9,0.6,0.0
2009,3,22,-12.8,4.4,0.0
2009,3,23,-14.4,0.0,0.3
2009,3,24,-15.0,-6.7,0.0
2009,3,25,-11.1,4.4,0.0
2009,3,26,-11.1,8.3,0.0
2009,3,27,-9.4,9.4,0.0
2009,3,28,-3.3,4.4,0.0
2009,3,29,-2.2,3.3,0.0
2009,3,30,-1.1,2.8,13.0
2009,3,31,-2.2,3.3,0.8
2009,4,1,-999.0,-999.0,0.0
2009,4,2,-5.0,3.3,0.8
2009,4,3,-2.2,12.2,0.0
2009,4,4,-2.8,7.2,7.6
2009,4,5,1.1,7.2,1.0
2009,4,6,0.6,2.8,0.5
2009,4,7,0.6,6.7,9.4
2009,4,8,-2.8,5.6,4.3
2009,4,9,-2.2,1.1,0.0
2009,4,10,-3.3,6.7,0.0
2009,4,11,-6.1,3.9,0.0
2009,4,12,-5.0,8.9,0.0
2009,4,13,-3.9,2.2,0.0
2009,4,14,-4.4,7.2,0.0
2009,4,15,-6.7,10.0,0.0
2009,4,16,-6.7,16.1,0.0
2009,4,17,-999.0,-999.0,0.0
2009,4,18,-999.0,-999.0,0.0
2009,4,19,-6.7,20.0,0.0
2009,4,20,-8.3,5.0,0.0
2009,4,21,-999.0,-999.0,0.0
2009,4,22,2.8,5.6,10.2
2009,4,23,-0.6,6.7,35.1
2009,4,24,-1.1,7.8,3.8
2009,4,25,-0.6,25.6,0.0
2009,4,26,-999.0,-999.0,0.0
2009,4,27,-999.0,-999.0,0.0
2009,4,28,3.9,21.1,0.0
2009,4,29,-0.6,24.4,0.0
2009,4,30,-0.6,10.6,0.8
2009,5,1,-0.6,18.9,4.6
2009,5,2,5.6,18.9,5.1
2009,5,3,-1.7,15.6,0.0
2009,5,4,0.0,14.4,0.0
2009,5,5,0.6,17.8,0.0
2009,5,6,0.6,15.6,0.0
2009,5,7,6.7,10.6,4.8
2009,5,8,6.7,9.4,15.7
2009,5,9,4.4,16.7,0.3
2009,5,10,5.6,20.6,16.5
2009,5,11,3.9,6.1,0.5
2009,5,12,-1.1,13.9,0.0
2009,5,13,-1.7,16.1,0.0
2009,5,14,0.0,18.9,0.0
2009,5,15,5.0,17.2,2.8
2009,5,16,0.0,18.9,0.0
2009,5,17,2.8,16.7,9.1
2009,5,18,-0.6,8.9,1.5
2009,5,19,-2.2,7.8,0.0
2009,5,20,-1.7,18.9,0.0
2009,5,21,5.0,18.9,0.0
2009,5,22,16.7,28.3,0.0
2009,5,23,1.1,18.3,0.0
2009,5,24,5.6,18.9,0.0
2009,5,25,3.9,21.1,0.0
2009,5,26,-1.7,12.2,0.0
2009,5,27,0.0,17.2,0.0
2009,5,28,3.9,13.3,9.1
2009,5,29,5.0,11.7,15.7
2009,5,30,6.7,14.4,13.0
2009,5,31,5.6,11.7,2.0
2009,6,1,1.7,10.0,10.9
2009,6,2,2.8,15.0,0.5
2009,6,3,7.2,15.0,0.0
2009,6,4,4.4,17.8,0.5
2009,6,5,0.6,18.9,0.0
2009,6,6,5.0,21.7,0.0
2009,6,7,5.0,22.2,0.0
2009,6,8,5.6,20.0,0.0
2009,6,9,1.1,17.8,0.0
2009,6,10,2.8,14.4,26.2
2009,6,11,7.2,16.7,0.0
2009,6,12,8.3,21.1,0.0
2009,6,13,7.8,17.2,0.0
2009,6,14,10.0,21.1,0.0
2009,6,15,10.0,20.6,0.0
2009,6,16,6.1,17.8,0.0
2009,6,17,6.7,22.2,0.0
2009,6,18,7.2,25.6,0.0
2009,6,19,6.1,23.3,11.9
2009,6,20,11.7,15.0,16.0
2009,6,21,11.7,20.0,2.8
2009,6,22,13.9,22.2,0.5
2009,6,23,13.3,16.1,0.0
2009,6,24,15.0,20.6,1.3
2009,6,25,13.9,25.6,0.0
2009,6,26,15.6,27.2,9.7
2009,6,27,15.0,24.4,16.3
2009,6,28,15.0,24.4,4.8
2009,6,29,16.1,20.0,13.0
2009,6,30,13.3,17.8,7.4
2009,7,1,15.0,22.2,0.0
2009,7,2,15.6,22.2,0.0
2009,7,3,14.4,18.9,7.1
2009,7,4,14.4,22.2,23.9
2009,7,5,10.6,17.8,12.2
2009,7,6,10.0,15.6,0.0
2009,7,7,12.2,23.3,17.0
2009,7,8,10.0,13.9,3.0
2009,7,9,10.6,14.4,2.8
2009,7,10,8.3,23.3,0.0
2009,7,11,9.4,25.6,0.0
2009,7,12,12.2,22.2,3.3
2009,7,13,10.6,21.7,1.5
2009,7,14,8.3,18.3,3.8
2009,7,15,10.0,16.1,0.0
2009,7,16,8.3,15.0,0.0
2009,7,17,10.6,16.7,1.0
2009,7,18,12.8,25.6,11.2
2009,7,19,15.0,23.9,3.3
2009,7,20,11.1,24.4,0.0
2009,7,21,12.8,25.0,14.0
2009,7,22,13.3,20.0,0.0
2009,7,23,14.4,18.9,2.8
2009,7,24,13.3,20.6,0.3
2009,7,25,12.8,22.2,10.7
2009,7,26,13.9,20.6,0.0
2009,7,27,14.4,22.2,0.0
2009,7,28,14.4,23.9,0.3
2009,7,29,13.3,26.1,0.0
2009,7,30,15.0,29.4,22.1
2009,7,31,13.3,25.0,0.0
2009,8,1,13.3,19.4,18.0
2009,8,2,11.7,26.1,0.0
2009,8,3,13.9,23.9,6.9
2009,8,4,9.4,22.8,0.0
2009,8,5,12.8,24.4,3.6
2009,8,6,10.6,26.7,0.0
2009,8,7,9.4,23.3,2.0
2009,8,8,7.8,19.4,17.5
2009,8,9,6.7,20.0,0.0
2009,8,10,11.7,23.3,0.5
2009,8,11,15.0,25.0,0.0
2009,8,12,13.9,22.8,5.6
2009,8,13,14.4,25.6,0.0
2009,8,14,15.0,26.1,0.0
2009,8,15,15.6,28.3,0.0
2009,8,16,15.6,28.3,0.0
2009,8,17,16.1,28.3,0.0
2009,8,18,19.4,29.4,0.0
2009,8,19,20.0,30.6,3.6
2009,8,20,10.6,28.3,0.0
2009,8,21,13.9,22.2,0.0
2009,8,22,15.6,28.9,9.4
2009,8,23,17.2,26.7,0.0
2009,8,24,14.4,23.9,0.0
2009,8,25,12.8,23.3,11.9
2009,8,26,13.9,24.4,0.0
2009,8,27,7.2,23.9,0.0
2009,8,28,2.8,17.2,0.0
2009,8,29,5.6,18.9,0.5
2009,8,30,8.3,12.2,7.4
2009,8,31,10.6,23.3,1.5
2009,9,1,4.4,16.7,0.0
2009,9,2,6.1,20.0,0.0
2009,9,3,6.1,23.9,0.0
2009,9,4,12.2,25.6,0.0
2009,9,5,5.6,24.4,0.0
2009,9,6,1.1,20.0,0.0
2009,9,7,2.2,19.4,0.0
2009,9,8,8.3,22.2,0.0
2009,9,9,3.9,22.8,0.0
2009,9,10,1.1,21.1,0.0
2009,9,11,1.1,21.7,0.0
2009,9,12,3.9,22.2,0.0
2009,9,13,3.9,23.3,0.0
2009,9,14,7.2,17.2,0.0
2009,9,15,10.0,16.7,0.0
2009,9,16,2.2,16.1,0.0
2009,9,17,0.0,13.9,0.0
2009,9,18,0.6,17.2,0.0
2009,9,19,5.0,15.6,0.0
2009,9,20,4.4,13.9,0.0
2009,9,21,7.2,16.7,0.0
2009,9,22,4.4,25.0,0.0
2009,9,23,4.4,21.1,0.0
2009,9,24,10.6,21.7,5.6
2009,9,25,6.1,16.7,1.0
2009,9,26,-1.7,13.3,0.0
2009,9,27,-1.1,17.8,0.0
2009,9,28,8.9,13.3,8.6
2009,9,29,9.4,17.8,18.3
2009,9,30,8.9,18.3,7.1
2009,10,1,4.4,10.6,1.5
2009,10,2,2.2,8.9,0.0
2009,10,3,2.8,7.8,1.0
2009,10,4,5.6,9.4,18.0
2009,10,5,7.2,13.9,1.3
2009,10,6,7.8,13.3,0.8
2009,10,7,5.6,10.6,4.8
2009,10,8,5.6,7.2,17.0
2009,10,9,5.0,9.4,1.0
2009,10,10,6.7,8.9,6.6
2009,10,11,-0.6,8.9,0.0
2009,10,12,1.1,8.3,0.0
2009,10,13,0.0,8.9,0.0
2009,10,14,-0.6,3.3,6.9
2009,10,15,-2.2,2.8,0.0
2009,10,16,-7.8,2.8,0.0
2009,10,17,-8.3,6.7,0.0
2009,10,18,-7.2,7.8,0.0
2009,10,19,-3.3,2.8,0.0
2009,10,20,-3.9,9.4,0.0
2009,10,21,-1.7,10.6,0.0
2009,10,22,-0.6,10.0,6.6
2009,10,23,-1.1,2.2,1.8
2009,10,24,-1.1,6.1,23.6
2009,10,25,0.6,8.9,24.9
2009,10,26,0.0,9.4,0.0
2009,10,27,-1.1,7.2,0.0
2009,10,28,-1.7,5.0,0.0
2009,10,29,-1.7,7.2,0.0
2009,10,30,-2.8,7.2,0.0
2009,10,31,-2.2,11.1,0.8
2009,11,1,5.0,16.1,3.3
2009,11,2,-4.4,8.3,0.0
2009,11,3,-5.0,7.2,0.0
2009,11,4,-4.4,6.7,1.8
2009,11,5,-2.2,2.8,0.0
2009,11,6,-2.8,3.3,2.0
2009,11,7,-2.8,1.1,0.0
2009,11,8,-2.2,8.9,0.0
2009,11,9,-2.2,12.8,0.0
2009,11,10,-2.8,16.1,0.0
2009,11,11,-1.7,10.6,0.0
2009,11,12,-6.7,10.6,0.0
2009,11,13,-8.9,8.9,0.0
2009,11,14,-8.9,12.2,0.0
2009,11,15,-7.2,11.1,70.6
2009,11,16,4.4,10.6,0.0
2009,11,17,-0.6,6.1,0.0
2009,11,18,-3.9,6.1,0.0
2009,11,19,-3.3,12.2,0.0
2009,11,20,-3.3,13.9,0.0
2009,11,21,-1.7,7.2,13.5
2009,11,22,0.0,6.1,0.0
2009,11,23,-6.1,6.7,0.0
2009,11,24,-6.7,6.1,0.0
2009,11,25,-3.3,6.1,0.0
2009,11,26,-2.2,4.4,0.0
2009,11,27,2.2,9.4,0.0
2009,11,28,0.0,4.4,38.4
2009,11,29,-1.7,0.6,4.1
2009,11,30,-0.6,0.6,3.6
2009,12,1,-6.1,1.7,0.8
2009,12,2,-6.7,0.0,0.0
2009,12,3,-2.2,5.0,6.9
2009,12,4,1.7,8.3,18.5
2009,12,5,-3.3,5.0,0.0
2009,12,6,-4.4,1.1,0.0
2009,12,7,-5.0,0.0,0.0
2009,12,8,-7.2,-2.8,0.0
2009,12,9,-13.3,-4.4,0.0
2009,12,10,-11.7,-6.1,17.3
2009,12,11,-9.4,0.0,6.1
2009,12,12,-14.4,-7.8,0.0
2009,12,13,-12.8,-6.1,0.0
2009,12,14,-7.2,-1.1,3.8
2009,12,15,-3.9,-1.1,5.3
2009,12,16,-12.2,0.0,2.8
2009,12,17,-23.3,-12.2,0.0
2009,12,18,-23.3,-17.2,0.0
2009,12,19,-18.9,-10.0,0.0
2009,12,20,-16.7,-7.2,0.0
2009,12,21,-15.0,-11.7,0.0
2009,12,22,-12.8,-9.4,0.0
2009,12,23,-15.6,-11.1,6.1
2009,12,24,-14.4,-6.1,0.0
2009,12,25,-8.9,-3.3,0.3
2009,12,26,-7.2,-1.7,0.0
2009,12,27,-7.2,0.0,4.3
2009,12,28,-3.9,2.2,5.6
2009,12,29,-12.8,1.1,4.3
2009,12,30,-21.1,-12.8,0.5
2009,12,31,-16.7,-5.0,0.0
2010,1,1,-15.6,-4.4,0.0
2010,1,2,-8.9,-2.8,7.9
2010,1,3,-8.3,0.0,27.9
2010,1,4,-3.3,0.6,0.0
2010,1,5,-8.9,-3.3,2.5
2010,1,6,-8.9,-6.1,0.0
2010,1,7,-7.2,-5.6,0.0
2010,1,8,-10.6,-5.6,0.0
2010,1,9,-15.0,-8.3,2.3
2010,1,10,-21.1,-7.8,0.0
2010,1,11,-21.1,-8.9,1.8
2010,1,12,-11.7,-5.6,0.0
2010,1,13,-18.9,-11.7,0.0
2010,1,14,-25.6,-10.0,0.0
2010,1,15,-26.7,1.1,0.0
2010,1,16,-1.7,1.1,0.3
2010,1,17,-11.7,0.0,0.5
2010,1,18,-11.1,-6.1,0.0
2010,1,19,-7.8,-3.9,0.0
2010,1,20,-5.6,-1.7,6.6
2010,1,21,-5.0,-1.1,0.0
2010,1,22,-8.9,-1.1,0.0
2010,1,23,-23.3,-0.6,0.0
2010,1,24,-20.6,-2.8,0.0
2010,1,25,-11.1,1.1,0.0
2010,1,26,0.0,7.8,8.6
2010,1,27,-1.7,0.6,0.5
2010,1,28,-11.7,-0.6,0.5
2010,1,29,-16.7,-2.8,2.8
2010,1,30,-22.8,-16.7,0.0
2010,1,31,-23.3,-13.9,0.0
2010,2,1,-17.8,-8.9,1.8
2010,2,2,-21.7,-11.1,1.3
2010,2,3,-22.2,-10.0,0.0
2010,2,4,-19.4,-3.9,1.0
2010,2,5,-15.0,-9.4,0.0
2010,2,6,-20.6,-8.3,0.0
2010,2,7,-17.8,-8.9,0.0
2010,2,8,-13.3,-8.9,0.0
2010,2,9,-11.1,-8.3,0.0
2010,2,10,-11.7,-5.0,0.0
2010,2,11,-12.2,1.1,0.0
2010,2,12,-8.9,-3.9,0.0
2010,2,13,-9.4,-6.1,0.0
2010,2,14,-8.9,-5.6,0.0
2010,2,15,-8.3,-3.9,0.0
2010,2,16,-11.7,1.1,0.0
2010,2,17,-10.6,-1.7,0.0
2010,2,18,-5.6,0.6,0.0
2010,2,19,-6.1,-2.8,0.0
2010,2,20,-5.6,-2.8,0.0
2010,2,21,-6.1,-1.7,0.0
2010,2,22,-6.1,-1.7,0.0
2010,2,23,-2.2,1.7,0.5
2010,2,24,-1.7,1.7,0.0
2010,2,25,-2.2,-1.1,16.3
2010,2,26,-2.8,-1.1,26.9
2010,2,27,-2.2,2.2,15.7
2010,2,28,-1.1,0.6,9.7
2010,3,1,-1.1,3.9,0.3
2010,3,2,-3.3,1.1,0.0
2010,3,3,-7.8,6.7,0.0
2010,3,4,-8.3,0.6,0.0
2010,3,5,-10.0,4.4,0.0
2010,3,6,-10.0,3.9,0.0
2010,3,7,-5.0,6.7,0.0
2010,3,8,-1.1,7.2,0.0
2010,3,9,-4.4,5.0,0.0
2010,3,10,-9.4,0.6,0.0
2010,3,11,-9.4,3.9,0.0
2010,3,12,-9.4,7.8,0.0
2010,3,13,-8.9,7.2,0.0
2010,3,14,-6.7,10.6,0.0
2010,3,15,-1.1,6.1,0.0
2010,3,16,-6.7,10.0,0.0
2010,3,17,-7.2,13.3,0.0
2010,3,18,-6.7,10.0,0.0
2010,3,19,-1.1,9.4,0.0
2010,3,20,-1.1,13.9,0.0
2010,3,21,-3.3,8.3,0.0
2010,3,22,-2.2,0.6,0.0
2010,3,23,-1.1,3.3,15.7
2010,3,24,-1.7,0.6,25.9
2010,3,25,-4.4,0.0,1.8
2010,3,26,-10.6,8.9,0.0
2010,3,27,-17.2,-2.8,0.0
2010,3,28,-15.6,-3.9,0.0
2010,3,29,-7.2,1.7,3.0
2010,3,30,0.0,6.1,13.5
2010,3,31,0.0,4.4,2.8
2010,4,1,1.7,7.2,8.1
2010,4,2,-1.7,16.1,0.0
2010,4,3,-1.7,21.7,0.0
2010,4,4,2.2,27.2,0.0
2010,4,5,-0.6,16.7,0.0
2010,4,6,-0.6,16.1,0.0
2010,4,7,6.1,13.9,4.3
2010,4,8,2.8,14.4,3.6
2010,4,9,1.1,6.1,0.5
2010,4,10,0.0,5.0,26.4
2010,4,11,0.6,6.1,0.0
2010,4,12,-1.1,8.3,0.0
2010,4,13,-4.4,8.3,0.0
2010,4,14,-4.4,11.1,0.0
2010,4,15,-3.9,11.7,0.0
2010,4,16,-2.8,9.4,0.0
2010,4,17,-0.6,5.6,2.3
2010,4,18,-0.6,1.1,10.9
2010,4,19,0.0,6.1,3.6
2010,4,20,2.8,11.7,0.5
2010,4,21,-1.1,16.1,0.0
2010,4,22,2.2,17.2,0.8
2010,4,23,5.0,15.6,0.0
2010,4,24,-0.6,18.3,0.0
2010,4,25,1.7,19.4,0.0
2010,4,26,-1.1,15.6,0.0
2010,4,27,-0.6,16.7,0.5
2010,4,28,2.2,5.6,4.3
2010,4,29,1.7,6.7,3.6
2010,4,30,1.7,18.3,0.0
2010,5,1,4.4,17.8,0.0
2010,5,2,6.1,22.2,1.0
2010,5,3,14.4,27.8,0.0
2010,5,4,7.8,24.4,7.1
2010,5,5,8.3,20.0,5.1
2010,5,6,-999.0,-999.0,3.6
2010,5,7,4.4,9.4,14.7
2010,5,8,3.3,10.6,0.0
2010,5,9,2.2,6.1,11.2
2010,5,10,-1.1,6.1,2.3
2010,5,11,-2.8,1.1,0.0
2010,5,12,-1.7,13.3,0.0
2010,5,13,-2.2,13.9,0.0
2010,5,14,3.3,15.6,0.0
2010,5,15,3.9,16.7,3.8
2010,5,16,2.8,14.4,2.3
2010,5,17,2.8,17.8,0.0
2010,5,18,0.6,22.8,0.0
2010,5,19,6.1,24.4,0.0
2010,5,20,7.2,15.0,1.8
2010,5,21,2.2,23.3,0.0
2010,5,22,1.7,20.6,0.0
2010,5,23,7.2,23.3,1.3
2010,5,24,9.4,27.2,0.0
2010,5,25,11.1,28.9,0.0
2010,5,26,15.6,30.0,11.9
2010,5,27,-999.0,-999.0,0.0
2010,5,28,2.2,21.1,0.0
2010,5,29,5.0,21.7,0.0
2010,5,30,9.4,17.2,5.1
2010,5,31,3.3,19.4,0.0
2010,6,1,5.6,20.6,0.5
2010,6,2,11.1,16.1,22.4
2010,6,3,13.3,25.0,12.2
2010,6,4,12.8,16.7,16.3
2010,6,5,10.6,22.2,4.1
2010,6,6,10.0,17.8,7.6
2010,6,7,7.8,11.7,18.0
2010,6,8,7.2,17.2,2.0
2010,6,9,5.0,15.0,2.3
2010,6,10,7.2,20.6,0.0
2010,6,11,5.0,10.6,0.0
2010,6,12,7.2,20.6,0.0
2010,6,13,8.9,19.4,0.0
2010,6,14,10.0,23.9,0.0
2010,6,15,6.7,20.6,0.0
2010,6,16,3.3,20.0,0.0
2010,6,17,5.0,22.8,9.4
2010,6,18,12.2,22.2,0.5
2010,6,19,10.0,28.9,0.0
2010,6,20,13.3,24.4,1.0
2010,6,21,12.2,25.0,3.0
2010,6,22,8.3,24.4,0.0
2010,6,23,11.1,26.7,1.5
2010,6,24,13.9,18.3,4.3
2010,6,25,10.6,21.7,2.3
2010,6,26,8.3,21.1,0.0
2010,6,27,10.0,21.1,0.0
2010,6,28,12.8,23.9,18.0
2010,6,29,15.0,17.8,40.6
2010,6,30,10.6,17.2,3.3
2010,7,1,7.8,17.2,0.0
2010,7,2,8.9,21.1,2.5
2010,7,3,9.4,24.4,0.0
2010,7,4,13.3,27.8,0.0
2010,7,5,18.3,26.7,0.0
2010,7,6,22.2,30.6,0.0
2010,7,7,16.7,31.1,0.0
2010,7,8,18.9,30.6,13.2
2010,7,9,18.9,32.2,0.0
2010,7,10,19.4,30.0,3.0
2010,7,11,15.0,30.0,0.0
2010,7,12,16.1,27.2,0.0
2010,7,13,17.8,28.3,2.8
2010,7,14,18.9,26.7,11.9
2010,7,15,14.4,25.6,6.6
2010,7,16,15.0,29.4,0.0
2010,7,17,19.4,24.4,3.0
2010,7,18,15.0,27.8,5.1
2010,7,19,16.7,23.9,0.0
2010,7,20,14.4,20.6,8.6
2010,7,21,10.0,25.0,0.0
2010,7,22,13.3,26.1,18.3
2010,7,23,10.6,23.9,0.0
2010,7,24,15.6,26.1,3.0
2010,7,25,17.8,22.2,12.4
2010,7,26,18.3,26.1,0.0
2010,7,27,16.7,22.8,0.0
2010,7,28,10.6,23.9,0.0
2010,7,29,13.9,27.8,1.8
2010,7,30,8.9,21.7,0.0
2010,7,31,10.6,18.9,0.0
2010,8,1,9.4,22.2,0.0
2010,8,2,9.4,25.0,0.0
2010,8,3,13.9,25.6,4.8
2010,8,4,16.1,23.3,7.4
2010,8,5,15.6,24.4,0.0
2010,8,6,16.1,27.8,0.0
2010,8,7,6.1,20.0,0.8
2010,8,8,3.9,17.8,0.0
2010,8,9,9.4,21.1,6.6
2010,8,10,12.2,24.4,0.0
2010,8,11,14.4,26.7,0.8
2010,8,12,6.1,23.9,0.0
2010,8,13,6.1,22.8,0.0
2010,8,14,10.0,22.2,0.0
2010,8,15,11.7,27.2,0.0
2010,8,16,15.0,26.7,1.3
2010,8,17,12.2,23.3,32.0
2010,8,18,9.4,25.6,0.5
2010,8,19,7.8,23.9,0.0
2010,8,20,11.7,26.7,1.0
2010,8,21,11.7,23.3,0.0
2010,8,22,12.2,22.2,0.0
2010,8,23,6.7,20.0,2.3
2010,8,24,7.2,20.6,0.0
2010,8,25,9.4,24.4,0.0
2010,8,26,13.9,18.3,14.0
2010,8,27,13.3,21.1,1.8
2010,8,28,11.7,22.8,1.0
2010,8,29,12.8,23.3,0.0
2010,8,30,16.7,30.0,0.0
2010,8,31,16.1,28.3,0.0
2010,9,1,18.9,30.0,0.0
2010,9,2,19.4,30.0,0.0
2010,9,3,18.3,28.9,4.6
2010,9,4,15.6,30.6,15.5
2010,9,5,11.7,22.8,2.3
2010,9,6,10.6,16.1,0.0
2010,9,7,11.1,20.0,4.8
2010,9,8,13.3,21.1,8.1
2010,9,9,11.7,18.9,13.7
2010,9,10,7.8,16.7,1.5
2010,9,11,7.8,12.8,0.3
2010,9,12,2.8,20.0,0.0
2010,9,13,4.4,17.8,6.6
2010,9,14,8.3,12.8,1.8
2010,9,15,8.3,16.7,1.8
2010,9,16,7.2,13.3,0.0
2010,9,17,7.8,11.7,21.8
2010,9,18,2.2,16.1,0.0
2010,9,19,4.4,19.4,0.0
2010,9,20,1.1,19.4,0.0
2010,9,21,1.7,15.6,0.0
2010,9,22,2.2,18.3,0.0
2010,9,23,5.6,18.3,0.0
2010,9,24,5.6,15.0,15.7
2010,9,25,7.2,15.6,23.1
2010,9,26,6.1,19.4,10.4
2010,9,27,8.3,11.1,0.8
2010,9,28,8.3,17.2,7.9
2010,9,29,11.7,21.7,21.1
2010,9,30,11.1,18.9,0.0
2010,10,1,13.9,21.7,39.1
2010,10,2,6.7,13.9,26.2
2010,10,3,0.0,9.4,0.0
2010,10,4,-1.1,11.7,0.0
2010,10,5,1.1,14.4,0.0
2010,10,6,2.2,20.6,0.0
2010,10,7,3.3,13.3,15.7
2010,10,8,3.3,13.3,8.4
2010,10,9,2.2,11.1,4.1
2010,10,10,2.2,6.7,0.0
2010,10,11,3.9,12.8,0.0
2010,10,12,-1.1,11.7,0.0
2010,10,13,1.7,12.8,0.0
2010,10,14,-1.7,12.8,0.0
2010,10,15,-1.1,13.3,7.4
2010,10,16,4.4,8.3,42.4
2010,10,17,3.9,7.2,0.8
2010,10,18,2.8,9.4,0.0
2010,10,19,0.0,7.2,0.0
2010,10,20,-2.2,8.9,0.0
2010,10,21,-1.7,12.8,0.0
2010,10,22,-1.1,8.3,3.0
2010,10,23,-1.7,2.8,0.3
2010,10,24,-1.7,4.4,0.0
2010,10,25,-1.1,6.7,1.5
2010,10,26,1.7,7.8,1.5
2010,10,27,6.1,18.9,10.9
2010,10,28,1.7,13.3,6.6
2010,10,29,1.7,15.6,0.0
2010,10,30,-2.8,7.2,0.5
2010,10,31,-2.8,1.1,3.6
2010,11,1,-2.8,2.8,2.3
2010,11,2,-2.2,2.2,1.0
2010,11,3,-2.8,4.4,0.0
2010,11,4,-5.0,7.8,0.0
2010,11,5,-5.0,4.4,23.4
2010,11,6,-5.0,9.4,4.8
2010,11,7,-2.8,7.2,0.0
2010,11,8,-1.1,6.1,11.4
2010,11,9,0.6,3.3,19.3
2010,11,10,-1.7,6.1,1.0
2010,11,11,-5.0,8.3,0.0
2010,11,12,-5.6,10.6,0.0
2010,11,13,-4.4,15.0,0.0
2010,11,14,-1.7,14.4,0.0
2010,11,15,-1.7,9.4,0.0
2010,11,16,-0.6,7.2,0.0
2010,11,17,-0.6,11.1,4.3
2010,11,18,1.7,10.0,8.1
2010,11,19,-2.2,3.3,0.0
2010,11,20,-4.4,2.2,0.0
2010,11,21,-9.4,0.0,0.0
2010,11,22,-11.1,-1.7,2.3
2010,11,23,-5.6,0.6,5.3
2010,11,24,-1.7,5.6,3.0
2010,11,25,-8.9,-1.7,0.0
2010,11,26,-10.0,-3.3,0.0
2010,11,27,-7.2,1.1,3.6
2010,11,28,-8.3,0.6,3.0
2010,11,29,-6.1,-1.7,0.0
2010,11,30,-11.7,0.6,0.0
2010,12,1,-11.7,3.9,10.7
2010,12,2,0.0,5.0,8.4
2010,12,3,-3.9,0.0,0.0
2010,12,4,-2.8,-0.6,11.9
2010,12,5,-6.7,0.0,5.3
2010,12,6,-8.3,-5.0,0.0
2010,12,7,-8.3,-6.1,18.0
2010,12,8,-10.0,-5.6,0.0
2010,12,9,-12.8,-8.9,0.0
2010,12,10,-16.7,-9.4,0.0
2010,12,11,-17.8,-6.7,0.8
2010,12,12,-8.3,-1.7,0.0
2010,12,13,-6.7,9.4,10.9
2010,12,14,-7.2,10.6,4.3
2010,12,15,-12.8,-7.2,6.4
2010,12,16,-18.3,-12.2,4.1
2010,12,17,-15.0,-9.4,0.5
2010,12,18,-17.8,-7.2,0.0
2010,12,19,-14.4,-4.4,0.0
2010,12,20,-11.7,-1.7,0.0
2010,12,21,-10.0,-5.6,0.0
2010,12,22,-5.6,1.1,2.8
2010,12,23,-3.3,-1.7,8.1
2010,12,24,-10.6,-1.7,0.0
2010,12,25,-18.9,-5.0,0.0
2010,12,26,-21.7,-6.1,0.0
2010,12,27,-20.6,-7.2,4.1
2010,12,28,-15.6,-7.2,8.1
2010,12,29,-15.0,-10.0,0.0
2010,12,30,-11.7,-4.4,0.0
2010,12,31,-5.6,5.6,0.0
