Year,Month,Day,Tmin,Tair,Tmax,Prcp,Tdew,RelH,WndS,WndD,Pres
2005,1,1,-16.0,-6.4,3.2,1.9,-6.4,93.2,25.1,292.1,920.1
2005,1,2,-15.7,-7.9,-0.1,5.3,-14.7,71.6,28.8,182.1,926.5
2005,1,3,-5.9,-3.0,0.0,0.0,-4.1,97.4,9.9,271.7,920.1
2005,1,4,-11.8,-8.6,-5.3,1.5,-8.5,94.2,3.4,275.7,918.9
2005,1,5,-18.6,-15.2,-11.7,0.0,-17.6,85.7,3.2,314.6,918.1
2005,1,6,-17.6,-11.3,-4.9,6.0,-14.1,88.6,0.2,160.0,910.4
2005,1,7,-15.1,-10.2,-5.2,6.0,-12.1,90.6,0.0,-999.0,913.2
2005,1,8,-9.4,-8.0,-6.6,0.0,-9.2,93.0,0.0,-999.0,919.8
2005,1,9,-9.6,-7.4,-5.2,1.5,-9.0,93.3,8.0,235.3,922.9
2005,1,10,-13.5,-8.4,-3.2,2.9,-7.3,95.0,24.1,230.0,909.6
2005,1,11,-20.3,-15.6,-10.8,0.0,-17.2,85.9,12.2,230.8,919.4
2005,1,12,-12.6,-8.1,-3.6,1.2,-10.4,91.9,41.3,148.3,920.0
2005,1,13,-3.6,1.2,6.0,11.6,0.2,99.0,41.6,119.0,912.4
2005,1,14,-15.3,-3.9,7.5,29.2,-5.1,95.1,25.0,160.4,912.8
2005,1,15,-19.1,-15.6,-12.1,0.0,-16.8,86.5,16.9,155.0,928.7
2005,1,16,-15.4,-13.3,-11.2,0.0,-15.9,87.0,14.5,219.2,928.0
2005,1,17,-26.0,-20.7,-15.4,1.5,-21.4,82.0,17.2,242.5,915.8
2005,1,18,-30.3,-27.9,-25.4,1.5,-32.2,71.7,28.1,185.0,920.2
2005,1,19,-26.4,-20.6,-14.8,1.5,-22.3,80.6,37.1,104.2,912.7
2005,1,20,-29.3,-21.8,-14.3,0.0,-22.2,80.8,18.9,181.2,905.4
2005,1,21,-33.4,-31.2,-28.9,0.0,-34.5,69.1,25.9,183.3,911.6
2005,1,22,-30.6,-25.0,-19.3,1.5,-25.9,77.3,19.2,199.6,913.8
2005,1,23,-25.4,-22.9,-20.4,-999.0,-26.1,77.0,36.7,264.8,909.1
2005,1,24,-25.5,-20.2,-14.8,3.0,-22.3,80.5,28.3,171.7,903.7
2005,1,25,-22.6,-19.2,-15.7,1.5,-22.5,80.5,20.1,184.2,902.9
2005,1,26,-23.8,-20.2,-16.5,0.0,-22.1,80.7,16.3,209.2,907.5
2005,1,27,-26.7,-25.2,-23.6,0.0,-28.3,75.0,26.7,207.9,921.1
2005,1,28,-25.7,-21.7,-17.6,0.0,-24.6,78.2,25.8,179.2,930.5
2005,1,29,-17.7,-12.7,-7.6,3.0,-16.8,74.8,31.5,167.1,922.5
2005,1,30,-14.1,-10.6,-7.1,0.0,-15.3,71.3,20.6,210.8,917.5
2005,1,31,-12.1,-7.9,-3.6,2.2,-18.4,47.3,10.6,214.6,924.1
2005,2,1,-10.8,-7.7,-4.6,0.0,-17.6,48.0,17.0,-999.0,925.8
2005,2,2,-8.7,-5.4,-2.0,0.0,-11.4,66.3,13.6,-999.0,929.3
2005,2,3,-8.0,-3.9,0.3,0.0,-17.6,34.9,25.6,-999.0,923.4
2005,2,4,-2.8,0.6,3.9,0.0,-14.4,35.5,13.3,-999.0,924.2
2005,2,5,-4.3,-1.0,2.4,0.0,-6.9,66.1,15.8,-999.0,928.1
2005,2,6,-2.0,2.2,6.4,0.0,-6.9,53.0,21.9,-999.0,931.9
2005,2,7,3.1,5.7,8.3,0.0,-10.1,33.7,21.6,-999.0,924.4
2005,2,8,-1.6,1.5,4.5,3.0,-5.0,67.3,19.9,-999.0,915.1
2005,2,9,-5.4,-3.5,-1.6,2.3,-3.8,97.8,6.1,-999.0,911.8
2005,2,10,-12.2,-8.3,-4.3,24.7,-7.9,94.2,26.3,-999.0,902.2
2005,2,11,-14.8,-12.0,-9.2,4.5,-14.1,88.8,34.4,-999.0,895.7
2005,2,12,-14.3,-11.0,-7.6,1.5,-11.4,91.1,16.3,-999.0,897.3
2005,2,13,-18.9,-15.1,-11.3,0.0,-17.2,85.5,23.2,-999.0,914.9
2005,2,14,-15.4,-9.7,-3.9,3.0,-11.6,90.5,45.5,-999.0,919.5
2005,2,15,-4.0,-2.0,0.0,1.5,-2.1,98.8,38.2,-999.0,911.2
2005,2,16,-10.9,-5.2,0.5,20.3,-2.4,98.1,23.2,-999.0,905.0
2005,2,17,-15.9,-12.9,-9.8,0.0,-14.1,88.8,11.8,-999.0,905.2
2005,2,18,-21.5,-16.2,-10.9,1.5,-16.9,85.8,19.1,-999.0,906.6
2005,2,19,-23.8,-18.3,-12.7,1.4,-20.5,82.9,19.0,-999.0,913.7
2005,2,20,-25.1,-21.7,-18.2,0.0,-23.7,79.7,14.9,-999.0,921.1
2005,2,21,-18.2,-14.0,-9.8,2.4,-16.5,85.3,40.9,-999.0,914.3
2005,2,22,-9.9,-8.0,-6.0,3.1,-9.2,93.0,16.2,-999.0,913.3
2005,2,23,-18.0,-13.6,-9.2,0.0,-16.2,86.5,11.7,-999.0,913.8
2005,2,24,-20.6,-15.9,-11.2,0.0,-18.5,84.2,12.3,-999.0,919.5
2005,2,25,-16.4,-12.8,-9.2,7.5,-15.4,87.2,11.5,-999.0,914.7
2005,2,26,-16.9,-13.5,-10.1,0.0,-16.6,85.3,15.1,-999.0,913.9
2005,2,27,-19.2,-16.3,-13.3,0.0,-18.9,79.8,24.7,-999.0,914.0
2005,2,28,-16.2,-11.5,-6.8,0.0,-17.8,59.3,24.7,-999.0,911.7
2005,3,1,-11.9,-10.0,-8.1,8.3,-12.8,83.5,36.0,50.8,894.0
2005,3,2,-15.0,-13.1,-11.1,1.5,-13.7,88.6,19.1,310.9,890.4
2005,3,3,-20.9,-18.0,-15.0,0.0,-20.3,82.2,27.9,284.2,897.8
2005,3,4,-18.7,-15.1,-11.4,1.5,-16.9,85.0,16.6,275.8,902.4
2005,3,5,-14.1,-10.4,-6.6,1.5,-13.1,80.1,20.7,283.3,904.0
2005,3,6,-15.2,-9.7,-4.2,1.5,-7.4,93.6,27.2,262.9,897.5
2005,3,7,-19.0,-9.5,0.1,22.5,-12.5,89.6,34.9,186.7,897.1
2005,3,8,-20.0,-10.0,0.0,17.1,-14.1,88.4,25.8,287.5,888.1
2005,3,9,-24.1,-20.9,-17.7,9.9,-23.1,80.4,28.6,279.2,889.2
2005,3,10,-22.3,-18.2,-14.0,0.0,-20.1,82.9,19.9,263.6,898.5
2005,3,11,-14.1,-11.2,-8.3,7.6,-12.3,89.5,29.8,185.4,899.4
2005,3,12,-8.5,-6.0,-3.5,6.0,-7.1,94.8,25.0,121.7,895.8
2005,3,13,-9.5,-8.2,-6.9,1.5,-8.4,94.1,8.7,282.5,904.0
2005,3,14,-11.7,-8.3,-4.8,9.0,-9.4,93.0,15.7,303.3,907.0
2005,3,15,-8.9,-7.5,-6.1,0.0,-8.3,94.1,21.3,300.4,909.6
2005,3,16,-10.9,-8.6,-6.2,0.0,-9.3,93.2,13.2,280.4,910.1
2005,3,17,-12.2,-9.4,-6.5,8.9,-10.9,91.6,15.4,280.8,910.9
2005,3,18,-10.9,-8.9,-6.9,0.0,-9.8,92.5,18.2,284.6,912.0
2005,3,19,-11.1,-7.7,-4.3,2.3,-8.9,90.3,18.8,302.1,916.5
2005,3,20,-7.8,-4.7,-1.6,0.0,-8.0,80.2,15.2,258.8,914.9
2005,3,21,-6.4,-2.8,0.8,0.0,-7.9,73.2,13.1,318.8,913.3
2005,3,22,-6.8,-3.3,0.3,0.0,-9.2,66.4,18.5,273.8,915.4
2005,3,23,-11.9,-6.7,-1.5,1.0,-10.2,75.2,17.5,203.3,916.2
2005,3,24,-4.1,-0.4,3.4,0.0,-10.9,48.2,18.5,212.1,912.6
2005,3,25,-10.0,-6.0,-2.0,1.5,-9.5,73.8,19.8,295.8,911.8
2005,3,26,-10.9,-4.9,1.1,0.0,-18.3,35.2,13.5,244.2,918.5
2005,3,27,-4.1,1.1,6.3,0.0,-10.3,44.2,18.4,231.2,918.4
2005,3,28,-1.7,-0.8,0.1,4.5,-2.1,91.5,20.0,138.3,911.2
2005,3,29,-2.3,-0.5,1.3,3.0,-1.5,95.2,25.0,33.3,908.7
2005,3,30,-3.2,1.4,5.9,1.5,-4.0,71.2,24.8,55.4,918.7
2005,3,31,-1.3,4.0,9.3,0.0,-5.5,50.7,38.2,156.2,918.9
2005,4,1,-1.9,-0.6,0.8,6.8,-0.7,98.7,10.5,203.3,915.8
2005,4,2,-0.6,0.2,1.0,15.0,0.0,98.8,25.0,129.2,911.0
2005,4,3,0.0,2.2,4.4,2.3,2.1,97.2,49.0,120.4,897.7
2005,4,4,-2.5,-1.2,0.1,6.0,-0.6,98.7,17.0,225.0,901.1
2005,4,5,-4.1,-1.3,1.5,1.5,-2.1,94.8,17.0,282.1,914.5
2005,4,6,0.8,5.8,10.7,0.0,-3.5,54.7,15.3,251.7,920.3
2005,4,7,-2.7,1.8,6.3,14.2,0.7,85.3,27.5,195.4,911.0
2005,4,8,-3.3,-0.4,2.6,0.0,-1.8,94.2,17.4,300.8,913.7
2005,4,9,-4.6,1.1,6.8,0.0,-9.1,49.0,20.1,306.2,919.8
2005,4,10,-5.2,-0.1,5.0,1.5,-8.5,45.8,25.2,259.6,918.2
2005,4,11,-7.1,-3.6,0.0,0.0,-11.1,58.5,26.8,171.7,921.3
2005,4,12,-6.6,-3.3,0.0,0.0,-9.2,67.5,32.8,207.1,915.7
2005,4,13,-4.9,-1.0,3.0,0.0,-3.5,87.1,21.6,235.0,913.7
2005,4,14,-2.5,0.2,2.8,1.5,-8.5,58.4,24.3,104.6,921.7
2005,4,15,-2.5,2.8,8.1,0.0,-15.2,26.0,8.6,62.5,931.7
2005,4,16,2.9,8.4,13.9,1.5,-12.6,21.7,15.6,237.9,931.4
2005,4,17,3.6,9.1,14.6,0.0,-4.7,37.2,22.0,283.8,921.5
2005,4,18,0.1,5.3,10.4,0.0,-9.3,34.2,23.9,291.7,919.9
2005,4,19,5.9,11.3,16.6,0.0,-4.0,34.3,26.2,259.2,915.1
2005,4,20,-2.9,4.7,12.2,-999.0,2.7,91.0,15.7,212.2,910.0
2005,4,21,-7.0,-2.0,2.3,-999.0,-9.0,62.0,18.6,302.0,913.5
2005,4,22,-2.6,3.5,9.6,1.5,-11.8,32.0,12.2,203.8,914.0
2005,4,23,-0.3,3.0,6.3,9.2,0.9,92.2,37.6,125.4,906.2
2005,4,24,2.8,6.2,9.6,6.7,6.7,95.9,48.5,127.9,898.6
2005,4,25,-0.9,1.2,3.3,3.0,0.1,96.2,17.4,228.7,897.8
2005,4,26,-0.3,5.9,12.1,2.9,0.9,75.2,22.8,195.0,911.7
2005,4,27,2.8,5.1,7.4,19.2,3.0,84.5,51.8,135.0,910.8
2005,4,28,0.1,1.5,2.9,2.6,1.8,99.0,16.8,230.0,907.8
2005,4,29,-2.1,1.3,4.6,14.4,-0.4,91.8,25.5,262.5,909.4
2005,4,30,1.7,5.4,9.0,8.3,0.4,75.1,28.5,165.8,913.4
2005,5,1,0.1,2.9,5.6,0.0,2.4,95.0,22.1,265.0,907.4
2005,5,2,-1.3,2.8,6.8,0.0,-0.5,87.5,20.9,252.1,910.5
2005,5,3,-1.4,1.6,4.5,1.5,-0.9,90.6,17.9,258.3,914.4
2005,5,4,-1.8,2.2,6.1,0.0,-2.5,76.1,18.9,266.7,924.1
2005,5,5,-0.8,5.2,11.1,0.0,-3.8,58.4,10.4,235.8,930.8
2005,5,6,2.8,8.1,13.3,0.0,-2.8,47.8,19.3,159.2,927.3
2005,5,7,1.7,5.0,8.2,3.0,-1.3,71.1,25.8,94.6,919.1
2005,5,8,1.4,2.6,3.7,1.4,1.7,94.4,23.0,35.8,916.0
2005,5,9,1.9,8.9,15.9,1.5,5.4,82.8,14.2,77.1,918.9
2005,5,10,8.3,14.5,20.7,1.5,7.7,65.0,22.2,175.0,918.1
2005,5,11,1.4,11.6,21.8,1.5,9.4,74.9,24.0,260.4,914.7
2005,5,12,-4.1,-0.1,4.0,4.7,-7.4,62.6,27.2,331.2,923.4
2005,5,13,-5.1,1.4,7.9,1.5,-9.1,46.6,18.9,307.9,924.0
2005,5,14,3.7,5.9,8.1,0.0,-4.3,53.6,20.8,180.4,914.5
2005,5,15,5.5,7.3,9.0,6.7,6.0,94.6,25.0,168.8,910.6
2005,5,16,3.2,5.7,8.2,1.5,5.0,95.3,14.0,270.0,913.5
2005,5,17,1.8,4.4,7.0,0.0,0.2,75.1,15.0,264.6,918.4
2005,5,18,2.4,5.9,9.4,1.5,1.4,79.7,12.7,273.8,920.1
2005,5,19,2.7,6.8,10.9,1.5,2.3,74.2,14.8,272.1,920.1
2005,5,20,3.4,8.4,13.3,7.1,2.8,70.5,14.2,133.8,918.2
2005,5,21,1.5,4.7,7.8,0.0,2.9,89.2,19.2,50.4,916.1
2005,5,22,1.6,3.4,5.2,9.3,3.4,99.0,29.5,60.8,910.2
2005,5,23,3.7,5.6,7.5,4.9,5.3,99.4,33.2,77.1,908.9
2005,5,24,2.7,6.6,10.5,1.2,4.6,92.2,35.2,79.6,914.4
2005,5,25,2.4,8.6,14.7,1.5,2.8,69.6,28.3,78.8,916.6
2005,5,26,4.5,5.7,6.9,12.8,4.7,94.4,36.8,61.7,911.3
2005,5,27,5.9,7.0,8.0,13.6,6.7,99.4,14.4,202.1,909.2
2005,5,28,6.0,10.6,15.1,1.5,8.3,91.7,11.4,299.2,910.7
2005,5,29,8.4,12.6,16.7,1.5,8.6,84.3,12.6,271.2,911.5
2005,5,30,7.7,11.9,16.1,16.5,9.2,93.8,14.6,271.2,913.7
2005,5,31,9.2,12.1,14.9,12.8,10.5,96.1,8.6,224.6,919.7
2005,6,1,9.8,14.7,19.5,-999.0,9.6,74.0,8.0,168.7,924.2
2005,6,2,13.5,18.8,24.1,0.0,8.3,54.9,12.5,237.5,924.3
2005,6,3,15.4,20.3,25.2,0.0,10.2,57.5,16.3,266.2,920.4
2005,6,4,13.5,19.6,25.6,0.0,10.2,57.6,16.5,284.6,916.7
2005,6,5,13.7,19.2,24.7,0.0,13.6,75.8,15.7,252.9,917.6
2005,6,6,13.0,17.8,22.5,0.0,13.7,85.0,35.7,183.8,914.2
2005,6,7,11.5,16.4,21.3,0.0,12.6,76.8,25.4,265.8,910.0
2005,6,8,9.5,11.6,13.7,0.0,10.4,92.6,8.6,231.2,916.9
2005,6,9,11.5,18.4,25.3,0.0,13.7,73.9,13.7,207.1,921.9
2005,6,10,16.1,20.1,24.1,3.0,18.3,91.5,21.5,231.7,920.8
2005,6,11,18.1,22.5,26.9,0.0,19.1,85.6,13.2,260.8,920.9
2005,6,12,19.2,22.1,24.9,0.0,19.2,88.9,23.8,258.8,917.9
2005,6,13,18.6,21.4,24.1,0.0,18.9,92.0,18.8,272.5,912.8
2005,6,14,10.3,15.0,19.6,36.0,16.2,99.0,18.3,163.8,907.4
2005,6,15,6.9,9.0,11.0,15.0,9.6,100.0,36.8,164.6,905.5
2005,6,16,7.0,8.8,10.5,1.4,8.6,100.0,29.0,170.0,904.7
2005,6,17,7.9,9.3,10.7,46.8,9.3,100.0,21.2,132.1,906.1
2005,6,18,6.6,8.6,10.6,3.0,7.8,100.0,18.0,33.8,915.3
2005,6,19,5.8,11.5,17.1,0.0,8.0,82.1,10.4,89.2,924.7
2005,6,20,10.3,15.6,20.9,0.0,11.6,80.2,17.8,265.8,924.0
2005,6,21,12.3,17.1,21.9,9.1,13.0,80.2,28.0,265.4,916.2
2005,6,22,8.4,12.1,15.7,1.5,7.1,74.7,25.2,331.2,916.9
2005,6,23,7.6,12.6,17.5,0.0,5.2,61.7,13.5,229.2,921.3
2005,6,24,12.7,18.3,23.8,0.0,9.1,55.8,33.2,246.7,918.9
2005,6,25,18.4,23.0,27.5,0.0,16.9,73.0,23.8,267.9,918.6
2005,6,26,16.8,21.9,26.9,0.0,15.0,69.2,12.2,217.9,924.5
2005,6,27,18.7,24.3,29.9,0.0,17.3,69.5,15.8,204.2,926.5
2005,6,28,19.1,24.1,29.1,0.0,18.3,76.8,21.8,224.2,921.5
2005,6,29,-999.0,18.8,-999.0,-999.0,18.2,96.3,15.4,258.1,918.2
2005,6,30,16.5,20.2,23.9,0.0,16.0,78.5,10.0,89.6,917.6
2005,7,1,14.2,18.8,23.4,7.5,17.4,94.5,30.4,190.0,910.1
2005,7,2,8.9,12.5,16.1,1.5,9.8,83.2,16.2,273.8,913.6
2005,7,3,10.4,15.9,21.4,1.5,10.2,67.3,15.4,245.0,922.8
2005,7,4,14.5,20.0,25.4,0.0,12.8,66.0,19.3,211.7,922.4
2005,7,5,14.7,18.7,22.7,12.6,16.4,93.1,21.5,217.9,917.1
2005,7,6,10.2,14.5,18.7,4.4,11.4,83.6,24.2,50.8,919.8
2005,7,7,10.7,16.0,21.3,1.5,10.4,72.2,15.5,83.3,923.7
2005,7,8,13.2,17.1,21.0,0.0,13.4,83.0,13.8,145.8,923.2
2005,7,9,10.9,12.4,13.8,43.7,12.3,97.8,23.5,179.6,915.6
2005,7,10,11.5,17.6,23.6,4.6,15.6,90.5,22.7,302.9,916.5
2005,7,11,16.6,21.1,25.6,1.5,13.4,66.7,21.8,246.7,919.2
2005,7,12,17.1,22.2,27.3,1.5,10.8,51.8,10.8,100.8,922.1
2005,7,13,17.7,22.0,26.2,1.5,16.7,76.7,14.8,240.0,919.6
2005,7,14,16.0,19.5,23.0,6.0,17.1,91.7,21.7,255.8,918.3
2005,7,15,14.6,19.3,24.0,1.5,11.2,62.5,14.2,177.5,923.0
2005,7,16,17.0,21.9,26.8,1.5,14.3,65.3,11.6,177.9,924.1
2005,7,17,18.8,20.9,22.9,17.8,19.8,95.0,16.6,209.2,922.4
2005,7,18,19.3,22.3,25.3,4.6,20.6,97.2,23.2,209.6,918.2
2005,7,19,17.2,21.6,25.9,12.0,19.7,92.0,20.8,251.2,916.3
2005,7,20,15.6,18.6,21.5,1.5,14.6,80.6,14.4,297.1,918.9
2005,7,21,14.4,19.0,23.5,0.0,15.5,82.9,17.5,270.0,917.6
2005,7,22,12.0,17.4,22.7,19.5,15.7,92.6,16.4,275.8,917.1
2005,7,23,11.0,14.7,18.4,4.1,10.6,77.6,18.0,306.2,919.2
2005,7,24,9.7,14.6,19.5,1.5,7.5,63.5,17.1,287.1,919.6
2005,7,25,14.4,18.1,21.8,7.6,15.2,85.9,22.8,252.9,911.4
2005,7,26,17.5,21.2,24.9,12.0,14.9,74.0,21.7,241.7,912.7
2005,7,27,9.1,14.1,19.0,4.5,14.7,100.0,19.4,310.4,912.0
2005,7,28,8.6,13.8,18.9,0.0,9.0,75.8,11.7,217.1,920.8
2005,7,29,11.6,15.6,19.5,0.0,10.9,77.5,14.1,274.6,922.1
2005,7,30,11.1,15.1,19.0,0.0,8.0,66.7,9.8,226.2,927.4
2005,7,31,10.6,15.5,20.3,2.3,10.4,75.6,16.4,137.9,926.9
2005,8,1,13.7,17.4,21.0,0.0,15.5,93.6,19.8,252.9,920.2
2005,8,2,14.7,18.1,21.5,23.3,16.8,98.3,19.2,281.7,917.4
2005,8,3,14.1,17.9,21.7,0.0,11.9,69.5,12.6,285.8,919.4
2005,8,4,14.8,19.2,23.6,0.0,14.1,73.2,21.0,181.7,920.6
2005,8,5,13.3,17.5,21.6,1.5,16.1,84.2,21.6,265.8,917.7
2005,8,6,11.5,16.2,20.9,0.0,8.1,60.5,16.9,211.2,924.1
2005,8,7,14.8,18.9,23.0,0.0,11.5,63.7,19.3,250.4,923.1
2005,8,8,16.3,21.5,26.6,0.0,13.7,65.0,20.2,257.9,923.6
2005,8,9,17.8,22.2,26.5,0.0,16.7,76.5,22.5,243.3,921.0
2005,8,10,16.2,21.7,27.1,10.5,16.9,80.4,22.6,256.2,917.4
2005,8,11,15.2,18.9,22.5,2.3,14.1,80.5,14.0,301.2,917.9
2005,8,12,14.1,18.9,23.7,4.5,11.4,71.3,18.2,161.2,919.1
2005,8,13,16.4,18.8,21.2,8.3,15.7,87.1,20.9,263.3,914.7
2005,8,14,13.8,15.5,17.2,0.0,13.0,83.5,7.8,184.2,919.1
2005,8,15,13.7,17.8,21.8,0.0,13.7,83.4,6.7,131.3,923.0
2005,8,16,14.4,18.1,21.7,6.0,13.5,78.8,17.3,235.0,920.4
2005,8,17,8.4,13.2,17.9,0.0,9.1,76.5,16.4,312.9,917.7
2005,8,18,7.1,10.5,13.9,0.0,5.5,73.4,10.8,252.1,921.9
2005,8,19,9.6,15.1,20.6,0.0,10.1,78.0,22.3,158.8,922.6
2005,8,20,12.3,14.3,16.3,9.1,13.7,96.2,33.4,182.5,917.6
2005,8,21,14.1,17.2,20.3,1.5,14.7,88.4,19.0,255.8,912.6
2005,8,22,9.6,13.2,16.7,0.0,11.6,89.1,16.5,263.8,912.7
2005,8,23,9.2,11.9,14.5,0.0,10.5,98.2,16.5,286.7,917.3
2005,8,24,9.8,12.1,14.3,1.5,11.2,97.2,17.9,299.6,923.0
2005,8,25,10.3,15.4,20.4,0.0,10.5,75.0,18.2,313.3,925.4
2005,8,26,13.4,18.2,22.9,0.0,9.9,61.3,12.2,286.7,922.8
2005,8,27,14.6,19.3,24.0,0.0,11.3,62.4,21.2,186.2,920.4
2005,8,28,13.3,15.5,17.6,1.5,14.9,97.7,31.4,182.1,918.3
2005,8,29,15.3,18.8,22.3,0.0,17.3,96.6,15.2,191.2,920.3
2005,8,30,17.1,19.7,22.3,0.0,17.6,94.5,16.7,194.6,917.4
2005,8,31,14.4,17.3,20.1,-999.0,16.6,100.0,28.4,190.5,906.8
2005,9,1,13.5,15.4,17.3,1.5,14.2,96.8,17.2,272.6,909.8
2005,9,2,10.9,15.7,20.5,0.0,13.0,89.4,25.3,251.7,913.0
2005,9,3,10.2,13.6,17.0,12.0,11.9,95.7,13.3,280.8,916.4
2005,9,4,8.1,11.3,14.4,7.5,9.2,89.2,15.8,321.2,924.6
2005,9,5,9.2,13.5,17.7,0.0,8.6,76.3,8.5,278.3,931.6
2005,9,6,11.6,16.5,21.3,0.0,8.3,61.9,14.5,250.4,931.9
2005,9,7,13.8,17.7,21.6,1.4,12.2,75.1,23.2,254.2,926.8
2005,9,8,8.6,14.2,19.8,5.3,11.9,87.7,22.6,248.3,920.1
2005,9,9,5.3,9.5,13.7,1.5,7.9,91.0,17.7,285.8,920.9
2005,9,10,4.0,8.4,12.7,0.0,3.8,73.9,16.4,312.5,925.2
2005,9,11,7.2,12.3,17.4,1.3,6.1,67.2,22.7,256.7,925.0
2005,9,12,13.6,17.8,22.0,0.0,14.3,83.9,22.5,278.8,918.2
2005,9,13,17.2,21.3,25.3,0.0,17.0,83.0,19.7,240.4,919.5
2005,9,14,15.6,20.8,26.0,0.0,14.2,68.1,23.2,220.8,918.4
2005,9,15,13.9,15.9,17.8,0.0,14.6,92.2,10.3,210.8,922.2
2005,9,16,13.9,16.1,18.3,11.4,15.0,97.2,16.3,106.2,923.8
2005,9,17,11.1,13.6,16.0,0.0,14.0,100.0,19.9,95.8,916.4
2005,9,18,9.4,10.9,12.4,0.0,11.0,100.0,11.2,282.9,917.9
2005,9,19,10.8,14.0,17.2,0.0,12.2,94.9,19.5,261.2,922.4
2005,9,20,9.6,13.9,18.1,0.0,12.5,93.6,29.7,221.2,914.6
2005,9,21,7.8,12.4,16.9,0.0,9.4,86.0,16.6,269.2,916.5
2005,9,22,12.9,16.2,19.4,0.0,11.4,74.9,28.3,241.2,916.3
2005,9,23,3.7,8.9,14.1,0.0,8.8,88.7,20.0,305.4,918.0
2005,9,24,2.2,7.1,12.0,0.0,2.1,73.7,16.5,143.3,927.9
2005,9,25,6.4,9.9,13.3,0.0,7.1,85.7,32.8,197.5,921.4
2005,9,26,6.3,10.8,15.2,0.0,13.5,100.0,32.2,230.0,908.3
2005,9,27,5.8,9.1,12.3,1.5,6.3,90.3,24.6,303.8,914.3
2005,9,28,7.6,12.2,16.8,2.7,8.3,83.6,26.1,212.9,920.4
2005,9,29,1.3,6.6,11.8,6.0,6.7,98.2,43.2,217.5,907.6
2005,9,30,-0.1,4.3,8.7,0.0,1.4,86.5,18.6,252.1,919.3
2005,10,1,5.4,11.5,17.6,1.3,4.2,63.4,27.7,232.9,924.1
2005,10,2,11.3,15.8,20.3,1.5,8.0,62.6,14.4,240.4,930.2
2005,10,3,14.4,18.5,22.6,1.5,8.9,57.2,21.0,207.1,930.5
2005,10,4,14.7,19.2,23.6,0.0,12.7,71.1,23.5,246.2,928.7
2005,10,5,14.9,19.0,23.0,0.0,12.9,70.9,17.2,232.9,927.3
2005,10,6,13.9,17.7,21.4,1.5,14.3,83.8,22.5,205.4,922.8
2005,10,7,3.7,10.8,17.8,13.8,12.4,98.0,23.3,186.1,918.0
2005,10,8,1.2,3.3,5.3,30.4,2.9,100.0,36.0,40.0,915.9
2005,10,9,2.1,3.8,5.4,1.5,4.1,100.0,40.9,65.4,918.8
2005,10,10,4.6,7.2,9.7,1.5,7.1,100.0,18.7,110.4,921.5
2005,10,11,2.7,5.7,8.6,0.0,6.5,100.0,25.5,113.3,923.1
2005,10,12,2.6,6.4,10.2,4.9,2.1,79.3,43.0,106.7,927.7
2005,10,13,3.2,5.9,8.6,0.0,4.7,93.6,35.8,120.8,926.2
2005,10,14,6.1,9.4,12.6,7.9,8.7,98.1,28.3,148.8,920.1
2005,10,15,5.4,7.7,10.0,36.2,8.7,100.0,17.8,220.8,904.1
2005,10,16,3.6,4.7,5.7,73.4,4.8,100.0,18.3,289.2,892.0
2005,10,17,2.4,3.3,4.1,15.2,3.0,100.0,17.8,285.8,900.4
2005,10,18,2.4,3.6,4.8,6.8,3.8,100.0,15.5,269.6,901.9
2005,10,19,-0.2,3.3,6.8,9.8,3.9,100.0,20.0,250.8,905.9
2005,10,20,-2.8,-1.2,0.4,0.0,-0.7,100.0,14.7,280.8,911.9
2005,10,21,-3.2,-1.9,-0.5,0.0,-1.8,99.8,13.2,292.9,916.2
2005,10,22,-1.6,2.0,5.6,0.0,0.2,91.5,17.5,126.1,913.1
2005,10,23,-0.3,0.6,1.5,12.9,0.6,99.8,27.5,60.0,908.0
2005,10,24,-0.3,1.6,3.4,1.5,1.0,100.0,18.8,92.5,916.6
2005,10,25,-3.1,-0.9,1.3,33.7,-0.8,100.0,36.5,57.1,907.8
2005,10,26,-2.9,-2.0,-1.1,3.0,-2.1,100.0,33.6,257.9,902.9
2005,10,27,-4.2,-3.2,-2.2,1.5,-3.0,99.6,5.5,319.0,916.9
2005,10,28,-5.3,-3.4,-1.5,5.2,-3.8,99.0,-999.0,-999.0,923.8
2005,10,29,-5.6,-3.0,-0.4,22.6,-3.0,99.2,36.0,298.0,919.9
2005,10,30,-0.7,2.8,6.2,2.6,1.9,97.8,34.5,277.9,917.0
2005,10,31,3.7,6.6,9.5,0.0,1.7,75.2,34.6,253.3,917.3
2005,11,1,3.4,8.8,14.2,3.0,4.9,87.2,27.3,232.9,912.1
2005,11,2,-3.6,-0.1,3.4,3.1,-0.3,99.1,17.8,280.0,911.6
2005,11,3,-3.7,2.2,8.1,1.5,0.6,92.9,26.6,250.4,910.8
2005,11,4,-2.6,2.1,6.7,0.0,0.8,95.2,27.2,138.8,914.4
2005,11,5,4.6,7.6,10.5,0.0,5.1,87.3,23.1,262.5,915.8
2005,11,6,5.3,7.1,8.9,13.7,6.8,99.3,32.3,158.8,914.3
2005,11,7,-0.6,2.5,5.6,1.0,-0.7,85.0,30.1,260.8,909.1
2005,11,8,-6.2,-2.3,1.7,0.0,-4.0,84.6,14.5,284.2,914.6
2005,11,9,-7.8,-3.7,0.5,3.7,-5.5,89.0,22.1,170.0,913.1
2005,11,10,-6.7,-2.6,1.5,9.8,-2.1,99.2,21.8,253.8,900.9
2005,11,11,-8.1,-7.2,-6.2,0.0,-7.7,95.4,14.1,277.5,910.5
2005,11,12,-8.5,-2.7,3.2,1.0,-5.7,86.5,17.2,245.4,919.5
2005,11,13,2.6,5.5,8.4,0.0,-1.3,60.4,31.9,192.1,918.4
2005,11,14,-2.9,3.1,9.1,0.0,-1.1,76.3,25.0,260.4,920.1
2005,11,15,-3.1,-1.4,0.4,11.3,-2.6,92.9,13.2,142.6,925.3
2005,11,16,-0.5,4.7,9.9,27.9,3.9,100.0,45.9,209.6,912.0
2005,11,17,-6.3,-3.4,-0.5,4.5,-3.4,98.0,25.0,265.0,912.2
2005,11,18,-12.4,-9.4,-6.3,3.0,-11.2,92.7,10.2,270.0,917.6
2005,11,19,-11.1,-7.1,-3.1,1.5,-7.0,96.0,21.7,214.2,919.8
2005,11,20,-3.7,-1.1,1.6,1.5,-1.7,94.2,32.0,247.5,915.2
2005,11,21,1.4,2.6,3.7,0.0,-0.1,84.4,25.8,245.0,908.2
2005,11,22,-0.4,-0.1,0.3,22.7,-2.5,94.5,27.7,224.2,890.4
2005,11,23,-15.2,-12.1,-9.0,3.0,-13.7,90.3,13.8,280.4,893.1
2005,11,24,-15.0,-10.6,-6.2,3.0,-11.9,91.5,23.9,175.8,891.4
2005,11,25,-16.0,-13.1,-10.2,0.0,-14.1,89.9,25.6,250.8,906.2
2005,11,26,-10.3,-9.2,-8.1,0.0,-9.9,93.5,12.2,202.9,920.9
2005,11,27,-9.1,-6.0,-2.9,1.5,-7.2,95.7,15.2,173.9,924.0
2005,11,28,-2.9,1.0,4.8,17.3,0.6,99.8,38.2,182.1,923.6
2005,11,29,4.6,7.1,9.6,3.7,7.6,99.3,54.9,169.2,916.8
2005,11,30,-2.6,3.1,8.7,19.6,2.8,100.0,28.0,263.8,913.3
2005,12,1,-3.1,-2.5,-1.9,0.0,-2.6,99.4,-999.0,-999.0,911.1
2005,12,2,-11.2,-6.3,-1.3,14.8,-4.9,98.0,-999.0,-999.0,893.1
2005,12,3,-13.2,-12.0,-10.7,1.2,-12.9,91.5,-999.0,-999.0,901.5
2005,12,4,-12.2,-10.0,-7.8,1.5,-10.7,93.2,-999.0,-999.0,906.0
2005,12,5,-9.2,-8.1,-6.9,0.0,-9.1,94.8,-999.0,-999.0,911.7
2005,12,6,-11.1,-10.1,-9.1,0.0,-10.9,92.8,-999.0,-999.0,910.0
2005,12,7,-19.4,-15.3,-11.1,0.0,-16.5,88.0,-999.0,-999.0,913.8
2005,12,8,-18.4,-15.7,-12.9,0.0,-17.0,87.2,-999.0,-999.0,926.4
2005,12,9,-13.5,-10.5,-7.5,0.0,-12.2,91.7,-999.0,-999.0,911.2
2005,12,10,-9.7,-7.4,-5.1,0.0,-7.6,95.4,-999.0,-999.0,905.8
2005,12,11,-8.3,-6.8,-5.3,0.0,-7.7,95.3,-999.0,-999.0,897.4
2005,12,12,-19.5,-13.1,-6.7,0.0,-14.0,90.0,-999.0,-999.0,902.4
2005,12,13,-20.3,-16.5,-12.7,0.0,-20.0,84.7,-999.0,-999.0,917.2
2005,12,14,-19.1,-14.4,-9.6,0.0,-18.4,86.2,-999.0,-999.0,924.9
2005,12,15,-16.0,-10.6,-5.1,0.0,-13.0,90.8,-999.0,-999.0,921.2
2005,12,16,-11.0,-8.2,-5.3,0.0,-8.7,93.6,-999.0,-999.0,909.8
2005,12,17,-8.7,-7.5,-6.2,0.0,-7.7,95.3,-999.0,-999.0,918.5
2005,12,18,-9.3,-8.3,-7.2,0.0,-9.0,94.6,-999.0,-999.0,921.6
2005,12,19,-12.4,-10.9,-9.3,0.0,-11.9,92.0,-999.0,-999.0,910.3
2005,12,20,-21.2,-15.1,-9.0,0.0,-12.0,91.8,-999.0,-999.0,906.2
2005,12,21,-22.0,-16.6,-11.1,0.0,-18.9,86.0,-999.0,-999.0,910.3
2005,12,22,-19.6,-13.2,-6.8,0.0,-15.7,88.6,-999.0,-999.0,909.9
2005,12,23,-6.8,-4.8,-2.7,0.0,-4.6,98.0,-999.0,-999.0,906.6
2005,12,24,-3.3,-2.4,-1.5,1.3,-2.9,99.2,-999.0,-999.0,909.1
2005,12,25,-1.6,-0.8,0.1,0.0,-0.7,100.0,-999.0,-999.0,908.5
2005,12,26,-11.4,-5.9,-0.4,0.0,-4.0,98.2,-999.0,-999.0,895.2
2005,12,27,-15.5,-12.8,-10.0,0.0,-13.3,91.3,-999.0,-999.0,902.8
2005,12,28,-10.1,-6.8,-3.5,0.0,-7.3,96.2,-999.0,-999.0,907.1
2005,12,29,-4.2,-0.4,3.4,-999.0,0.3,99.8,-999.0,-999.0,900.4
2005,12,30,-18.1,-11.2,-4.2,3.0,-13.2,91.1,-999.0,-999.0,903.4
2005,12,31,-17.2,-13.3,-9.3,0.0,-14.6,88.8,-999.0,-999.0,908.2
2006,1,1,-10.5,-9.1,-7.6,0.0,-9.9,93.4,-999.0,-999.0,912.0
2006,1,2,-10.9,-8.1,-5.3,0.0,-8.8,94.3,-999.0,-999.0,918.3
2006,1,3,-8.6,-5.5,-2.3,3.6,-6.6,96.2,-999.0,-999.0,917.2
2006,1,4,-8.4,-5.6,-2.7,0.0,-10.1,72.3,-999.0,-999.0,912.2
2006,1,5,-7.9,-5.3,-2.7,0.0,-5.6,96.9,21.5,240.8,900.7
2006,1,6,-16.3,-11.9,-7.5,0.0,-11.5,92.5,2.0,295.6,903.2
2006,1,7,-20.8,-16.1,-11.3,0.0,-18.8,85.8,25.8,264.8,904.5
2006,1,8,-11.7,-8.9,-6.0,0.0,-9.8,93.6,14.0,210.8,912.4
2006,1,9,-7.6,-4.9,-2.1,0.0,-6.6,96.2,27.1,203.3,910.7
2006,1,10,-8.6,-7.2,-5.8,0.0,-7.6,95.7,20.8,265.0,921.3
2006,1,11,-5.9,-1.1,3.8,30.3,-1.5,99.1,31.2,206.7,915.1
2006,1,12,-0.9,1.1,3.1,4.3,0.0,100.0,28.9,255.0,908.2
2006,1,13,0.0,3.0,6.0,1.5,-0.3,85.2,35.4,201.2,909.2
2006,1,14,-12.3,-2.4,7.5,8.2,1.2,98.5,40.2,230.4,896.0
2006,1,15,-23.2,-17.8,-12.3,0.0,-22.0,83.4,41.3,317.5,897.9
2006,1,16,-24.7,-21.5,-18.3,0.0,-23.8,81.4,33.2,297.9,901.0
2006,1,17,-18.9,-12.4,-5.9,0.0,-12.6,90.9,30.8,194.6,915.1
2006,1,18,-6.0,-0.4,5.2,46.5,-2.0,99.0,33.7,191.7,898.0
2006,1,19,-8.2,-6.6,-5.0,0.0,-7.4,95.9,31.0,254.6,910.7
2006,1,20,-5.4,-1.6,2.2,6.8,-0.9,99.5,28.5,233.3,914.0
2006,1,21,-13.7,-4.6,4.5,6.8,-2.2,97.4,27.1,247.5,910.5
2006,1,22,-17.9,-12.7,-7.5,0.0,-15.0,89.4,17.5,268.8,928.0
2006,1,23,-7.9,-6.0,-4.1,0.0,-8.3,86.8,27.2,226.7,914.4
2006,1,24,-7.1,-5.9,-4.7,0.0,-6.6,96.4,17.9,218.3,904.9
2006,1,25,-8.1,-5.5,-2.9,0.0,-5.3,97.9,16.7,240.8,899.2
2006,1,26,-17.1,-12.6,-8.1,0.0,-12.7,91.8,26.3,287.5,914.3
2006,1,27,-17.6,-10.5,-3.3,0.0,-13.3,90.8,32.2,278.3,920.9
2006,1,28,-4.3,-2.1,0.1,0.0,-3.7,91.6,33.0,270.8,914.4
2006,1,29,-7.4,-5.4,-3.4,1.7,-6.1,93.7,21.4,205.0,911.4
2006,1,30,-5.6,-3.7,-1.7,1.5,-3.4,98.9,24.3,160.0,907.2
2006,1,31,-4.6,-3.2,-1.7,1.5,-3.5,99.1,20.9,144.6,906.8
2006,2,1,-8.1,-6.3,-4.5,0.0,-7.3,96.1,3.7,304.4,909.1
2006,2,2,-7.5,-5.2,-2.8,1.5,-5.3,97.6,0.0,-999.0,911.8
2006,2,3,-3.0,-0.8,1.5,9.0,-1.1,99.8,42.4,219.0,904.9
2006,2,4,-2.5,-1.3,0.0,3.3,-1.5,99.8,29.6,182.1,909.3
2006,2,5,-6.7,-2.0,2.8,14.6,-0.5,99.8,38.3,186.2,892.3
2006,2,6,-15.1,-10.7,-6.3,5.2,-10.4,93.8,29.8,255.8,893.4
2006,2,7,-16.3,-15.5,-14.6,3.0,-16.5,88.0,23.3,274.6,902.7
2006,2,8,-17.7,-15.8,-13.9,0.0,-17.8,87.0,12.0,288.8,908.8
2006,2,9,-20.6,-18.4,-16.1,0.0,-20.0,84.6,14.5,277.1,907.9
2006,2,10,-24.1,-20.8,-17.5,0.0,-23.1,81.9,10.5,290.4,910.7
2006,2,11,-20.1,-15.4,-10.7,1.5,-18.4,86.2,11.9,233.9,914.8
2006,2,12,-17.8,-15.4,-13.0,0.0,-17.3,87.2,27.7,137.5,904.3
2006,2,13,-18.2,-14.0,-9.7,1.5,-15.3,88.8,26.3,262.9,900.1
2006,2,14,-9.7,-7.4,-5.1,4.5,-8.9,94.7,20.5,247.5,907.3
2006,2,15,-5.1,-2.5,0.1,17.2,-2.3,99.4,25.3,238.8,914.7
2006,2,16,-7.8,-3.8,0.2,5.3,-4.0,98.2,20.8,153.3,920.3
2006,2,17,-20.6,-8.5,3.6,13.6,-7.6,93.0,46.4,231.7,902.1
2006,2,18,-25.2,-22.9,-20.6,1.5,-25.6,80.2,15.3,275.4,909.4
2006,2,19,-24.2,-18.9,-13.6,1.5,-20.6,84.4,20.9,272.1,911.8
2006,2,20,-14.7,-12.4,-10.1,3.0,-13.8,90.3,30.3,256.2,908.8
2006,2,21,-11.6,-9.9,-8.2,1.5,-10.7,93.6,16.8,244.2,907.0
2006,2,22,-9.8,-8.0,-6.1,0.0,-9.1,94.6,17.3,228.3,911.2
2006,2,23,-7.6,-5.7,-3.8,0.0,-6.4,96.6,20.5,239.2,906.8
2006,2,24,-20.0,-12.9,-5.7,4.5,-12.0,92.1,23.0,284.2,907.7
2006,2,25,-20.9,-18.1,-15.2,1.5,-19.5,84.9,22.7,148.3,912.9
2006,2,26,-24.4,-20.8,-17.2,0.0,-22.4,82.5,23.6,309.2,909.0
2006,2,27,-25.1,-22.3,-19.4,1.5,-24.7,80.3,24.1,280.4,901.4
2006,2,28,-21.6,-19.3,-17.0,0.0,-21.5,81.6,27.5,270.4,897.7
2006,3,1,-24.5,-18.6,-12.6,1.5,-21.4,82.2,25.9,285.0,901.3
2006,3,2,-16.2,-12.5,-8.7,3.0,-13.4,90.1,25.2,302.5,901.3
2006,3,3,-19.0,-16.5,-13.9,12.6,-18.5,86.0,25.3,299.6,901.2
2006,3,4,-13.9,-12.1,-10.2,9.3,-13.2,90.7,21.2,297.5,904.7
2006,3,5,-12.6,-11.4,-10.2,0.0,-12.4,91.7,17.0,299.6,910.6
2006,3,6,-13.0,-8.6,-4.2,27.8,-11.3,92.5,13.5,282.9,912.9
2006,3,7,-12.3,-9.3,-6.2,0.0,-11.0,93.0,11.5,315.9,917.1
2006,3,8,-13.8,-9.7,-5.5,0.0,-10.5,93.0,10.1,251.7,915.8
2006,3,9,-7.3,-4.5,-1.6,3.2,-5.9,89.8,40.5,169.2,910.3
2006,3,10,-2.2,1.6,5.4,15.7,1.0,99.8,39.0,208.8,901.8
2006,3,11,-3.1,-1.2,0.7,0.0,-1.9,94.8,17.1,279.2,918.2
2006,3,12,0.0,2.9,5.7,3.0,-0.8,81.2,31.9,235.4,915.6
2006,3,13,-0.4,2.0,4.3,6.6,1.4,99.7,23.2,191.2,908.8
2006,3,14,-8.0,-1.3,5.4,5.3,-0.9,96.0,36.7,234.6,893.9
2006,3,15,-12.1,-10.1,-8.0,12.0,-11.1,92.9,17.7,275.8,895.7
2006,3,16,-13.2,-11.4,-9.6,4.5,-12.6,91.5,16.0,282.5,906.4
2006,3,17,-15.7,-13.8,-11.8,3.0,-15.2,88.8,18.0,299.6,910.0
2006,3,18,-17.7,-15.7,-13.6,1.5,-16.5,87.6,13.5,282.9,906.8
2006,3,19,-15.3,-12.9,-10.5,3.0,-14.7,89.2,10.8,287.1,906.8
2006,3,20,-16.1,-13.2,-10.3,3.0,-14.7,89.3,18.6,305.0,909.3
2006,3,21,-12.2,-10.3,-8.4,0.0,-11.2,92.5,17.7,283.8,905.0
2006,3,22,-8.6,-7.0,-5.3,1.5,-7.3,95.5,14.2,304.2,908.3
2006,3,23,-6.5,-3.6,-0.6,0.0,-3.6,98.2,19.0,311.2,916.1
2006,3,24,-2.8,-1.3,0.2,0.0,-1.0,99.6,8.7,227.5,917.7
2006,3,25,-2.1,-0.4,1.3,1.5,-1.5,94.2,9.8,81.7,914.5
2006,3,26,-4.8,-2.5,-0.1,0.0,-4.5,82.2,19.6,281.7,912.6
2006,3,27,-7.4,-3.9,-0.4,0.0,-8.1,70.3,24.1,314.6,916.4
2006,3,28,-4.3,0.4,5.1,1.5,-8.4,54.7,11.1,304.2,920.8
2006,3,29,0.3,3.6,6.9,0.0,-7.7,45.9,16.5,277.1,921.6
2006,3,30,0.3,4.8,9.3,0.0,-5.0,50.5,15.4,271.2,923.5
2006,3,31,4.4,10.2,15.9,0.0,-2.5,42.7,24.5,223.8,918.3
2006,4,1,-1.8,5.1,11.9,15.7,3.5,84.2,28.8,232.5,906.3
2006,4,2,-5.0,-1.3,2.5,0.0,-4.5,81.2,25.2,312.1,913.8
2006,4,3,-1.1,2.6,6.2,0.0,-11.1,36.9,31.0,139.2,912.9
2006,4,4,-6.4,-3.2,0.0,17.3,-2.7,98.7,29.2,185.0,901.9
2006,4,5,-7.2,-5.3,-3.4,1.5,-5.7,96.9,17.8,264.6,902.4
2006,4,6,-4.6,-2.7,-0.7,3.0,-2.6,99.0,8.8,284.6,906.4
2006,4,7,-6.2,-3.1,0.1,12.1,-0.7,99.7,19.6,226.2,903.9
2006,4,8,-11.4,-7.6,-3.8,0.0,-7.9,95.5,4.4,310.0,908.5
2006,4,9,-7.9,-4.2,-0.5,0.0,-4.5,96.5,0.0,-999.0,917.7
2006,4,10,-3.6,1.4,6.3,0.0,-3.0,76.6,17.4,274.6,920.7
2006,4,11,1.8,6.6,11.4,0.0,-3.8,50.8,13.7,250.8,926.1
2006,4,12,4.8,10.0,15.1,0.0,-0.6,49.4,36.2,176.7,922.7
2006,4,13,-0.1,4.1,8.2,1.5,3.9,94.0,31.6,231.7,912.7
2006,4,14,-1.5,5.1,11.7,0.0,-1.4,70.6,10.9,205.4,910.3
2006,4,15,-0.6,3.7,8.0,21.0,4.0,91.6,22.5,250.0,899.2
2006,4,16,-1.4,-0.4,0.7,8.2,-0.4,100.0,18.7,273.3,905.4
2006,4,17,-1.5,-0.1,1.4,1.5,-0.2,100.0,27.8,64.6,912.1
2006,4,18,1.0,5.6,10.1,0.0,1.9,81.2,28.5,91.7,915.6
2006,4,19,2.5,8.7,14.9,0.0,-1.9,52.7,36.0,228.8,913.4
2006,4,20,2.3,8.1,13.9,0.0,-5.0,37.5,26.3,125.8,915.9
2006,4,21,1.0,7.5,13.9,0.0,-2.5,52.7,23.3,110.8,924.2
2006,4,22,1.5,4.9,8.3,0.0,-6.6,43.1,33.0,145.8,924.4
2006,4,23,-0.2,1.0,2.1,14.5,-0.2,93.3,53.2,132.5,917.7
2006,4,24,-1.1,2.9,6.8,9.8,2.6,99.5,28.3,189.6,909.6
2006,4,25,-5.6,-0.9,3.8,3.0,0.0,98.4,20.3,266.7,905.2
2006,4,26,-5.6,-0.4,4.8,0.0,-4.1,79.5,20.2,260.4,906.8
2006,4,27,-4.1,-0.7,2.8,0.0,-4.6,81.1,12.1,303.3,912.4
2006,4,28,-5.4,-0.1,5.3,0.0,-8.3,55.2,15.8,235.4,923.8
2006,4,29,0.5,6.1,11.6,0.0,-9.0,34.3,10.5,173.3,931.1
2006,4,30,5.0,10.9,16.7,0.0,-8.6,24.9,16.1,47.9,932.1
2006,5,1,5.8,11.0,16.2,1.5,-6.6,28.9,27.5,100.0,930.6
2006,5,2,2.9,4.4,5.8,14.8,2.8,92.0,31.4,84.6,918.8
2006,5,3,5.2,8.0,10.7,1.1,8.2,100.0,18.1,144.2,915.0
2006,5,4,7.4,13.0,18.5,0.0,8.6,84.5,15.5,242.5,911.4
2006,5,5,6.4,10.8,15.2,0.0,5.5,74.0,16.4,270.8,908.9
2006,5,6,-1.9,5.4,12.6,7.5,3.8,91.2,16.6,274.6,910.0
2006,5,7,-4.5,1.5,7.4,0.0,-3.0,77.2,12.4,267.5,918.1
2006,5,8,3.0,10.1,17.1,1.5,-2.2,44.0,13.2,201.2,921.9
2006,5,9,8.2,13.2,18.1,1.2,0.3,44.2,21.1,115.0,920.3
2006,5,10,4.7,11.4,18.1,2.2,7.5,83.5,31.8,100.0,916.9
2006,5,11,8.1,11.9,15.6,6.7,9.9,91.8,43.1,119.2,915.2
2006,5,12,6.6,10.2,13.7,0.0,8.1,95.5,52.3,114.2,915.1
2006,5,13,4.1,6.2,8.2,9.1,5.2,95.6,51.4,113.3,919.8
2006,5,14,4.8,10.4,15.9,1.5,3.5,70.0,45.7,110.4,922.1
2006,5,15,5.1,8.7,12.3,1.5,5.7,82.3,44.0,116.7,919.0
2006,5,16,6.7,7.8,8.8,30.8,7.7,100.0,20.3,185.8,905.5
2006,5,17,6.8,7.4,7.9,9.8,7.3,100.0,23.6,228.8,899.0
2006,5,18,7.7,9.1,10.5,17.4,9.0,100.0,14.6,150.8,901.2
2006,5,19,5.3,7.7,10.0,34.5,8.4,100.0,23.0,140.4,899.9
2006,5,20,3.2,4.9,6.5,24.1,5.1,100.0,35.0,248.3,897.3
2006,5,21,2.0,5.5,9.0,13.3,4.0,100.0,19.2,248.3,900.9
2006,5,22,-0.8,1.5,3.7,12.8,0.8,100.0,15.2,282.9,906.5
2006,5,23,-0.1,2.7,5.5,3.1,2.6,100.0,15.2,278.8,911.4
2006,5,24,4.3,8.2,12.1,1.5,5.1,89.9,12.3,290.8,914.4
2006,5,25,7.9,13.3,18.6,0.0,5.1,62.0,19.7,240.4,911.6
2006,5,26,12.5,16.5,20.5,10.5,10.0,72.2,15.7,245.8,907.9
2006,5,27,10.8,13.8,16.7,0.0,11.5,91.8,14.4,307.9,912.9
2006,5,28,10.3,16.6,22.8,0.0,8.7,61.0,14.2,249.6,922.3
2006,5,29,13.9,18.8,23.6,0.0,13.2,73.5,15.0,287.9,921.7
2006,5,30,12.8,18.1,23.3,7.5,15.8,90.6,20.1,152.1,923.6
2006,5,31,12.2,18.9,25.5,11.3,16.1,86.2,23.3,227.1,921.6
2006,6,1,10.1,13.5,16.8,10.7,13.1,98.2,18.0,235.8,917.9
2006,6,2,10.7,15.5,20.2,1.5,8.9,67.4,15.3,56.7,916.8
2006,6,3,7.7,11.1,14.4,13.5,8.9,90.2,31.0,87.9,914.4
2006,6,4,6.2,8.5,10.7,1.6,7.2,96.1,29.5,56.2,912.4
2006,6,5,8.0,13.8,19.5,0.0,5.8,61.6,15.5,182.1,914.3
2006,6,6,13.3,18.1,22.9,0.0,6.8,49.3,13.1,187.9,919.4
2006,6,7,10.3,15.6,20.8,0.0,9.5,73.3,28.8,97.1,917.1
2006,6,8,8.2,9.4,10.5,3.8,9.2,98.7,27.8,60.8,911.5
2006,6,9,8.4,10.0,11.6,4.5,9.9,100.0,7.7,160.4,908.6
2006,6,10,4.1,7.4,10.6,60.9,9.1,100.0,21.9,247.5,901.0
2006,6,11,3.8,6.8,9.8,23.4,6.8,100.0,27.2,289.6,905.0
2006,6,12,8.6,10.8,13.0,0.0,10.7,100.0,22.8,291.2,913.9
2006,6,13,10.8,14.6,18.4,0.0,11.4,86.7,13.7,298.3,918.1
2006,6,14,11.1,14.2,17.3,1.5,10.4,82.1,12.4,106.7,919.0
2006,6,15,11.5,15.5,19.5,1.6,7.5,65.9,23.1,217.1,915.8
2006,6,16,11.5,17.3,23.1,0.0,9.9,66.0,17.8,275.0,920.1
2006,6,17,14.4,17.3,20.2,1.1,11.3,72.5,24.2,234.2,919.8
2006,6,18,17.7,23.3,28.8,0.0,16.0,68.2,24.3,243.8,918.7
2006,6,19,14.5,20.6,26.6,5.7,16.4,81.5,26.5,240.0,913.6
2006,6,20,7.8,12.7,17.5,5.4,13.6,99.5,20.6,274.6,912.8
2006,6,21,7.3,12.8,18.3,0.0,9.0,77.0,15.9,266.2,919.3
2006,6,22,13.9,17.9,21.9,0.0,13.9,80.9,26.2,224.6,917.8
2006,6,23,11.4,14.6,17.7,0.0,13.8,91.6,12.2,278.3,920.4
2006,6,24,10.4,15.6,20.7,0.0,7.1,58.4,9.0,178.8,922.9
2006,6,25,12.7,18.1,23.5,0.0,8.6,54.1,9.3,173.8,924.7
2006,6,26,12.9,15.0,17.1,15.0,14.5,98.5,31.6,146.2,923.7
2006,6,27,16.3,19.3,22.3,5.4,16.8,91.3,38.9,180.8,922.7
2006,6,28,14.8,16.8,18.8,3.0,15.7,98.0,31.1,186.7,920.8
2006,6,29,13.0,17.6,22.2,11.3,16.2,95.0,16.9,240.0,918.1
2006,6,30,10.4,12.5,14.5,24.9,12.1,99.7,16.2,265.8,914.7
2006,7,1,10.2,14.0,17.8,6.1,12.5,93.0,21.8,257.9,917.3
2006,7,2,10.4,16.7,22.9,26.3,15.1,92.0,31.0,242.1,911.5
2006,7,3,8.9,15.2,21.5,0.0,12.2,82.8,16.6,255.4,918.4
2006,7,4,14.6,19.2,23.7,12.8,16.1,90.8,22.3,239.2,914.9
2006,7,5,10.8,14.2,17.6,0.0,13.4,93.1,21.2,264.6,914.3
2006,7,6,9.5,13.1,16.7,0.0,10.7,87.3,12.8,285.8,919.3
2006,7,7,11.6,16.1,20.6,0.0,12.7,81.5,19.3,288.3,924.7
2006,7,8,15.2,20.0,24.7,0.0,13.6,71.2,19.7,256.7,924.7
2006,7,9,15.6,19.4,23.2,0.0,12.5,67.5,21.2,255.8,918.7
2006,7,10,16.1,20.2,24.2,0.0,14.1,70.6,15.6,227.9,919.3
2006,7,11,15.3,18.0,20.6,8.2,16.1,91.7,18.5,230.8,921.0
2006,7,12,14.3,17.8,21.3,8.4,16.4,96.5,18.6,196.7,920.7
2006,7,13,14.3,19.0,23.6,0.0,16.8,87.8,16.2,182.9,917.5
2006,7,14,16.9,21.0,25.1,0.0,17.6,83.1,25.0,268.3,918.1
2006,7,15,18.0,21.5,24.9,0.0,17.9,86.3,18.7,242.5,917.2
2006,7,16,17.3,21.9,26.4,0.0,17.8,81.5,17.8,266.2,918.1
2006,7,17,19.1,23.5,27.9,0.0,19.2,79.1,20.0,237.9,917.2
2006,7,18,14.8,18.1,21.4,13.5,15.4,85.9,16.8,276.2,917.9
2006,7,19,14.4,18.7,22.9,0.0,11.8,66.1,7.2,148.8,925.9
2006,7,20,14.6,19.7,24.8,0.0,14.2,74.1,27.8,181.2,923.3
2006,7,21,15.1,18.4,21.7,1.5,16.5,92.0,14.5,272.1,916.7
2006,7,22,11.9,14.7,17.4,15.0,14.0,93.6,16.8,61.7,914.4
2006,7,23,11.3,14.1,16.9,6.0,12.4,96.2,20.0,208.3,914.4
2006,7,24,12.2,16.6,20.9,1.5,12.4,81.4,16.5,255.8,917.8
2006,7,25,14.0,16.6,19.2,13.5,15.5,93.1,28.0,226.7,916.7
2006,7,26,16.6,20.4,24.1,0.0,18.3,91.4,16.0,238.3,917.7
2006,7,27,18.3,21.4,24.4,0.0,18.8,89.4,24.8,210.0,915.9
2006,7,28,17.2,18.4,19.6,6.0,18.6,99.7,16.0,268.3,914.4
2006,7,29,11.1,17.2,23.3,7.5,17.6,97.4,20.2,277.1,912.5
2006,7,30,8.2,13.1,18.0,0.0,10.0,83.1,14.9,299.2,914.0
2006,7,31,12.7,17.4,22.1,61.7,14.1,83.3,15.8,259.6,915.1
2006,8,1,17.9,22.3,26.6,13.9,20.3,97.3,24.8,254.6,912.7
2006,8,2,13.2,19.0,24.8,45.2,19.8,99.2,16.0,265.0,911.2
2006,8,3,12.6,17.2,21.7,22.6,14.6,89.3,13.4,114.2,911.9
2006,8,4,13.5,18.7,23.8,0.0,15.4,79.0,11.5,285.8,914.9
2006,8,5,9.8,13.7,17.6,0.0,9.6,77.1,18.9,312.5,921.6
2006,8,6,11.8,16.8,21.7,0.0,9.8,65.5,18.8,225.0,924.8
2006,8,7,12.2,17.5,22.7,16.6,16.6,92.2,26.0,246.2,916.4
2006,8,8,11.7,15.3,18.9,0.0,11.2,83.8,20.8,334.6,919.9
2006,8,9,11.4,15.6,19.8,0.0,9.8,70.2,16.6,280.0,920.8
2006,8,10,9.3,12.7,16.0,10.5,11.0,90.4,27.2,302.1,913.9
2006,8,11,6.8,10.8,14.7,3.8,7.4,84.9,24.3,337.9,916.3
2006,8,12,5.4,9.5,13.6,0.0,6.6,84.3,18.2,319.6,917.8
2006,8,13,5.6,10.8,16.0,0.0,6.8,77.0,13.4,296.2,917.9
2006,8,14,11.3,15.9,20.5,1.5,10.3,72.4,26.9,237.5,913.4
2006,8,15,12.5,15.7,18.9,0.0,13.4,90.7,22.2,260.0,911.4
2006,8,16,11.9,15.6,19.3,0.0,13.0,91.7,15.2,289.2,921.7
2006,8,17,11.9,16.1,20.3,0.0,11.1,75.1,11.3,314.6,927.1
2006,8,18,14.5,19.7,24.8,0.0,13.4,71.1,16.4,221.7,923.7
2006,8,19,13.3,18.4,23.5,33.8,16.1,87.2,17.9,237.9,918.0
2006,8,20,12.0,13.6,15.1,12.8,14.2,100.0,25.8,126.2,912.7
2006,8,21,10.3,12.5,14.6,1.5,12.0,100.0,18.5,295.4,916.8
2006,8,22,10.1,14.3,18.5,0.0,12.0,91.0,22.5,277.1,917.7
2006,8,23,7.4,11.0,14.5,0.0,7.0,80.5,11.8,306.2,918.0
2006,8,24,6.6,10.9,15.2,0.0,6.0,78.0,9.0,288.8,918.9
2006,8,25,8.0,12.1,16.1,0.0,6.5,75.0,8.6,173.8,921.3
2006,8,26,8.0,13.3,18.5,0.0,6.1,64.5,13.6,102.1,925.2
2006,8,27,8.5,9.8,11.0,24.7,9.7,99.7,40.0,176.7,921.0
2006,8,28,9.6,12.6,15.6,1.5,12.8,99.4,9.5,252.2,917.6
2006,8,29,11.5,15.1,18.6,0.0,12.7,90.2,7.9,122.9,915.9
2006,8,30,6.9,10.5,14.0,0.0,7.9,85.6,21.1,331.2,918.8
2006,8,31,5.9,10.5,15.0,0.0,8.2,88.3,27.8,318.8,925.2
2006,9,1,10.2,14.8,19.3,0.0,9.5,76.3,16.5,62.5,929.9
2006,9,2,8.6,11.7,14.8,0.0,8.4,83.1,36.6,115.8,929.9
2006,9,3,6.5,9.7,12.9,5.2,9.4,97.3,39.5,132.1,921.5
2006,9,4,10.5,11.4,12.3,9.8,11.5,100.0,17.3,269.6,916.9
2006,9,5,10.5,13.0,15.5,0.0,12.4,99.5,13.2,288.8,919.0
2006,9,6,7.8,10.7,13.5,0.0,11.5,100.0,15.5,307.1,917.1
2006,9,7,7.8,12.3,16.8,0.0,10.2,90.9,15.0,259.6,920.1
2006,9,8,10.5,15.7,20.8,0.0,11.8,80.8,24.0,240.8,918.7
2006,9,9,4.7,9.5,14.2,6.8,10.6,97.5,25.1,262.1,917.4
2006,9,10,2.9,7.7,12.4,0.0,2.7,74.3,22.3,299.2,925.1
2006,9,11,4.6,9.2,13.7,0.0,1.9,63.2,13.7,68.3,930.3
2006,9,12,6.0,11.0,15.9,0.0,2.7,59.5,9.8,84.2,926.4
2006,9,13,7.7,11.6,15.5,3.8,6.2,77.5,18.9,184.6,918.8
2006,9,14,9.8,11.9,13.9,1.5,11.8,100.0,15.9,203.3,918.9
2006,9,15,12.6,15.2,17.7,1.5,14.2,99.6,8.3,222.9,922.7
2006,9,16,11.8,14.3,16.7,0.0,13.3,98.4,12.3,291.2,922.4
2006,9,17,12.2,14.4,16.5,0.0,13.2,98.0,24.0,253.8,916.6
2006,9,18,13.9,18.0,22.0,0.0,13.9,82.0,25.6,222.9,912.7
2006,9,19,8.3,12.2,16.1,6.8,13.2,97.5,27.8,224.6,908.4
2006,9,20,3.1,7.7,12.3,4.4,7.7,96.1,15.7,273.3,906.2
2006,9,21,0.9,4.5,8.1,1.5,2.5,88.8,13.1,275.4,914.1
2006,9,22,1.5,6.9,12.2,-999.0,2.5,75.6,12.6,263.3,920.5
2006,9,23,7.4,10.4,13.3,6.8,9.3,96.7,25.9,214.6,911.5
2006,9,24,4.0,10.7,17.3,2.9,11.4,96.9,29.2,241.2,901.8
2006,9,25,3.3,6.1,8.9,0.0,3.5,88.0,14.6,278.8,908.2
2006,9,26,3.9,6.2,8.4,1.3,4.2,90.3,22.9,262.5,911.9
2006,9,27,5.1,10.1,15.0,0.0,4.9,74.5,28.0,184.2,916.1
2006,9,28,7.7,11.5,15.2,0.0,8.7,88.0,36.9,167.5,912.0
2006,9,29,2.0,5.9,9.8,36.1,5.8,97.9,29.7,233.3,907.1
2006,9,30,1.3,5.3,9.3,0.0,2.4,87.0,17.0,214.2,919.1
2006,10,1,4.9,6.6,8.2,3.6,5.9,97.4,37.8,150.4,918.7
2006,10,2,5.0,6.1,7.2,1.6,6.3,100.0,13.5,274.6,918.6
2006,10,3,6.3,8.9,11.5,0.0,9.0,96.5,23.1,257.5,919.8
2006,10,4,2.2,7.7,13.1,22.5,10.2,100.0,27.2,247.5,916.0
2006,10,5,-0.2,2.3,4.8,0.0,1.8,97.5,24.9,304.6,922.8
2006,10,6,0.8,5.5,10.1,0.0,0.1,71.2,11.4,110.8,931.0
2006,10,7,3.2,8.2,13.2,1.5,-0.2,57.0,14.0,244.2,930.0
2006,10,8,5.5,10.7,15.9,0.0,0.8,53.3,26.5,259.2,925.0
2006,10,9,4.3,10.2,16.1,0.0,7.6,76.3,28.0,276.7,919.7
2006,10,10,3.2,5.5,7.8,0.0,-0.1,68.8,11.6,133.3,919.7
2006,10,11,5.0,7.3,9.5,1.6,4.1,82.0,44.2,147.5,915.0
2006,10,12,-1.2,5.1,11.3,8.3,6.8,100.0,36.8,198.3,902.2
2006,10,13,-2.9,1.7,6.2,0.0,-2.8,80.1,21.0,220.0,907.8
2006,10,14,-1.1,3.4,7.9,0.0,-2.9,74.6,26.1,214.6,907.0
2006,10,15,-2.3,0.9,4.0,0.0,-0.9,91.5,22.1,254.6,912.5
2006,10,16,0.2,4.7,9.1,0.0,-0.6,74.9,15.3,243.3,922.6
2006,10,17,2.5,3.8,5.1,13.4,0.4,80.4,35.0,160.4,919.5
2006,10,18,3.8,6.1,8.3,13.6,6.4,100.0,29.6,230.8,909.5
2006,10,19,7.0,8.7,10.3,12.7,8.1,99.6,22.0,214.6,908.5
2006,10,20,-2.9,2.7,8.2,54.8,2.6,100.0,24.8,242.9,900.4
2006,10,21,-4.8,-3.3,-1.7,0.0,-3.2,99.5,15.8,296.2,907.6
2006,10,22,-5.5,-2.8,0.0,6.8,-2.7,99.3,5.6,260.0,912.2
2006,10,23,-1.1,0.6,2.2,6.0,0.3,100.0,19.4,238.8,902.8
2006,10,24,-1.5,-0.7,0.2,7.5,-0.7,100.0,13.9,296.2,902.0
2006,10,25,-1.1,-0.5,0.1,7.5,-0.3,100.0,5.8,317.0,906.9
2006,10,26,-2.3,-1.5,-0.7,0.0,-1.3,100.0,11.0,310.4,914.5
2006,10,27,-3.1,-1.7,-0.3,1.5,-2.1,100.0,11.7,249.6,917.0
2006,10,28,-1.6,2.2,6.0,14.1,1.1,100.0,57.0,159.2,893.8
2006,10,29,-3.4,-2.0,-0.5,22.9,-2.3,100.0,34.5,253.3,885.4
2006,10,30,-4.1,-2.8,-1.5,0.0,-3.3,99.4,20.7,275.8,906.5
2006,10,31,-3.6,2.1,7.8,7.7,2.6,98.3,28.8,240.4,910.8
2006,11,1,-0.8,3.5,7.7,0.0,-0.2,88.0,22.5,254.6,912.9
2006,11,2,-3.9,-1.6,0.8,0.0,-4.9,79.2,17.0,269.2,912.3
2006,11,3,-5.4,-4.3,-3.2,0.0,-5.3,93.0,16.5,269.6,916.6
2006,11,4,-6.8,-3.7,-0.5,0.0,-6.6,87.0,8.5,281.7,924.8
2006,11,5,-5.1,-1.7,1.7,1.5,-4.3,84.5,15.4,237.1,927.0
2006,11,6,-0.6,1.6,3.8,1.5,0.7,99.0,17.4,242.2,924.8
2006,11,7,3.6,5.8,7.9,0.0,-0.9,66.0,26.8,203.8,920.2
2006,11,8,3.0,6.0,9.0,9.0,5.5,95.6,26.9,176.2,911.2
2006,11,9,5.9,7.9,9.8,4.5,8.2,100.0,18.8,237.9,901.9
2006,11,10,-1.0,2.5,5.9,0.0,0.9,100.0,16.2,277.5,910.5
2006,11,11,-1.2,2.4,6.0,13.6,2.1,100.0,21.2,171.7,913.2
2006,11,12,-0.9,2.7,6.3,4.4,0.6,100.0,21.3,54.2,920.7
2006,11,13,3.7,6.2,8.6,3.0,5.7,100.0,35.8,122.1,921.8
2006,11,14,3.8,6.6,9.3,12.8,5.8,100.0,34.3,159.2,911.2
2006,11,15,3.9,5.9,7.9,3.0,6.0,100.0,22.2,217.1,915.5
2006,11,16,7.8,10.5,13.2,1.4,10.2,100.0,40.0,164.6,912.7
2006,11,17,-2.7,5.5,13.7,1.4,7.6,99.0,38.4,221.7,904.0
2006,11,18,-3.8,-3.0,-2.2,0.0,-2.9,99.8,13.1,287.1,912.5
2006,11,19,-5.5,-3.9,-2.3,1.5,-4.2,99.0,3.9,302.5,911.8
2006,11,20,-7.5,-6.5,-5.4,0.0,-7.1,97.2,2.2,275.9,914.9
2006,11,21,-8.7,-6.2,-3.7,0.0,-6.6,97.4,14.6,260.0,927.3
2006,11,22,-5.2,-0.6,4.0,0.0,-7.3,71.0,16.5,186.7,929.7
2006,11,23,0.4,5.8,11.1,0.0,-16.1,20.2,16.4,172.9,925.7
2006,11,24,-3.6,-0.9,1.9,1.5,-6.4,71.3,26.7,251.7,922.3
2006,11,25,-2.0,2.6,7.2,0.0,-9.1,43.7,25.8,201.7,924.3
2006,11,26,3.9,5.7,7.4,0.0,-2.4,60.8,27.0,252.9,922.9
2006,11,27,-1.8,2.7,7.1,1.5,3.4,96.9,18.1,225.4,923.3
2006,11,28,-2.7,-1.1,0.5,3.0,-0.9,100.0,23.2,110.8,926.3
2006,11,29,0.5,4.5,8.4,0.0,3.3,100.0,36.2,199.2,922.8
2006,11,30,0.9,7.3,13.7,11.4,8.2,97.7,31.3,237.9,915.1
2006,12,1,-3.1,-0.1,3.0,18.8,-0.7,100.0,11.6,158.1,907.0
2006,12,2,-10.3,-5.5,-0.6,4.5,-6.3,97.3,21.8,260.8,908.2
2006,12,3,-11.2,-7.5,-3.8,1.5,-7.8,96.5,17.5,250.0,919.5
2006,12,4,-14.2,-9.9,-5.5,4.5,-11.1,94.1,11.7,290.0,912.3
2006,12,5,-15.2,-12.8,-10.4,0.0,-14.5,91.2,8.3,280.4,915.8
2006,12,6,-10.6,-6.9,-3.2,3.0,-8.7,95.5,31.9,197.9,914.1
2006,12,7,-15.1,-8.5,-1.8,6.0,-5.2,98.1,20.6,250.4,908.9
2006,12,8,-18.9,-15.6,-12.3,0.0,-17.8,88.8,23.6,291.7,909.9
2006,12,9,-12.3,-8.7,-5.1,3.0,-8.2,96.2,28.5,257.5,913.6
2006,12,10,-5.2,-3.9,-2.5,0.0,-4.2,98.9,35.2,271.2,915.9
2006,12,11,-5.7,-3.7,-1.7,1.5,-3.2,99.6,10.7,315.8,925.5
2006,12,12,-6.3,-4.6,-2.8,5.2,-4.8,98.0,24.0,220.4,930.5
2006,12,13,-3.8,-0.6,2.7,27.8,-0.6,99.9,37.3,199.6,917.9
2006,12,14,-1.2,1.4,4.0,0.0,0.8,91.8,31.3,229.2,910.5
2006,12,15,0.3,2.4,4.4,1.4,1.5,91.4,30.5,218.3,904.6
2006,12,16,-5.1,-2.4,0.3,0.0,-1.7,99.6,16.2,280.0,911.3
2006,12,17,-4.2,-1.1,2.0,3.1,-0.8,99.7,26.7,242.1,911.7
2006,12,18,-6.5,-3.3,-0.1,0.0,-3.1,99.5,13.6,265.8,913.7
2006,12,19,-10.8,-8.7,-6.5,3.8,-9.1,95.2,9.8,295.8,917.7
2006,12,20,-9.6,-6.1,-2.6,1.5,-6.5,96.4,23.1,246.2,918.5
2006,12,21,-9.8,-6.3,-2.7,0.0,-5.5,92.2,21.3,280.0,917.0
2006,12,22,-10.6,-6.2,-1.7,0.0,-10.9,71.2,23.9,224.6,923.5
2006,12,23,-1.9,0.1,2.0,29.9,-0.1,100.0,25.0,210.8,907.8
2006,12,24,-4.2,-2.3,-0.4,4.5,-2.3,99.7,20.8,270.4,907.0
2006,12,25,-4.2,-2.5,-0.7,0.0,-3.3,99.0,24.0,242.9,915.4
2006,12,26,-7.7,-4.3,-0.9,8.3,-3.0,98.7,25.5,144.0,898.8
2006,12,27,-13.1,-10.4,-7.7,0.0,-11.7,93.5,-999.0,-999.0,905.1
2006,12,28,-15.5,-12.6,-9.7,0.0,-12.7,92.7,11.0,290.0,919.3
2006,12,29,-19.9,-14.8,-9.7,0.0,-16.9,89.0,-999.0,-999.0,931.2
2006,12,30,-12.3,-9.2,-6.1,0.0,-10.8,93.9,-999.0,-999.0,924.3
2006,12,31,-11.9,-9.4,-6.8,1.5,-10.6,94.2,-999.0,-999.0,923.2
2007,1,1,-7.6,-3.7,0.3,3.0,-2.7,99.0,-999.0,-999.0,909.4
2007,1,2,-10.2,-5.1,0.1,0.0,-6.5,96.9,-999.0,-999.0,910.4
2007,1,3,-5.5,-3.8,-2.1,0.0,-4.1,98.3,-999.0,-999.0,915.6
2007,1,4,-2.8,0.6,4.0,21.8,-1.7,87.3,-999.0,-999.0,913.3
2007,1,5,2.0,4.9,7.8,6.0,4.4,98.1,-999.0,-999.0,909.1
2007,1,6,-2.1,3.5,9.1,20.3,5.8,100.0,-999.0,-999.0,901.8
2007,1,7,-4.6,-3.4,-2.1,1.5,-4.1,95.3,-999.0,-999.0,917.4
2007,1,8,-4.1,-2.0,0.2,8.2,-1.9,99.9,-999.0,-999.0,900.0
2007,1,9,-8.9,-6.5,-4.1,1.5,-6.3,97.5,-999.0,-999.0,899.4
2007,1,10,-20.4,-14.7,-8.9,0.0,-15.8,90.0,-999.0,-999.0,909.9
2007,1,11,-20.4,-13.4,-6.4,0.0,-16.2,89.6,-999.0,-999.0,921.9
2007,1,12,-6.6,-3.2,0.2,12.6,-3.1,98.8,-999.0,-999.0,916.7
2007,1,13,-14.9,-7.4,0.1,4.5,-9.3,95.0,-999.0,-999.0,918.9
2007,1,14,-12.3,-9.8,-7.3,0.0,-10.7,94.3,-999.0,-999.0,920.6
2007,1,15,-15.2,-10.6,-5.9,12.0,-10.9,94.0,-999.0,-999.0,911.9
2007,1,16,-28.1,-21.7,-15.2,1.2,-21.2,85.7,-999.0,-999.0,909.2
2007,1,17,-29.7,-23.8,-17.8,2.2,-28.8,78.7,-999.0,-999.0,924.7
2007,1,18,-17.8,-13.1,-8.3,1.5,-13.5,92.0,-999.0,-999.0,921.3
2007,1,19,-9.1,-7.2,-5.2,0.0,-7.6,96.5,-999.0,-999.0,902.9
2007,1,20,-23.4,-16.3,-9.1,1.1,-19.3,87.3,-999.0,-999.0,902.8
2007,1,21,-25.0,-21.1,-17.1,2.3,-23.7,83.2,-999.0,-999.0,916.6
2007,1,22,-20.0,-15.4,-10.7,-999.0,-15.7,90.0,-999.0,-999.0,909.2
2007,1,23,-15.1,-12.0,-8.8,1.5,-13.5,92.0,-999.0,-999.0,905.0
2007,1,24,-20.5,-14.0,-7.5,2.2,-14.2,91.2,-999.0,-999.0,907.0
2007,1,25,-27.5,-23.8,-20.1,2.3,-25.4,81.5,-999.0,-999.0,904.1
2007,1,26,-28.8,-27.2,-25.5,1.5,-30.0,77.2,-999.0,-999.0,902.8
2007,1,27,-26.4,-19.6,-12.8,3.0,-20.3,85.9,-999.0,-999.0,902.5
2007,1,28,-18.4,-15.8,-13.1,2.3,-17.3,88.3,-999.0,-999.0,900.9
2007,1,29,-24.4,-21.2,-17.9,0.0,-22.0,84.5,-999.0,-999.0,901.9
2007,1,30,-27.1,-23.5,-19.8,1.5,-25.5,81.1,-999.0,-999.0,904.9
2007,1,31,-21.5,-17.6,-13.6,-999.0,-19.8,86.3,-999.0,-999.0,905.3
2007,2,1,-17.2,-12.8,-8.4,1.5,-12.9,92.3,-999.0,-999.0,908.1
2007,2,2,-10.8,-8.2,-5.6,2.3,-8.9,95.5,-999.0,-999.0,902.6
2007,2,3,-15.8,-11.2,-6.5,3.8,-13.7,91.9,-999.0,-999.0,899.4
2007,2,4,-22.4,-18.8,-15.1,6.9,-18.7,87.7,-999.0,-999.0,901.9
2007,2,5,-28.1,-25.3,-22.4,19.0,-28.0,79.2,-999.0,-999.0,900.7
2007,2,6,-23.3,-20.7,-18.0,10.5,-23.1,83.5,-999.0,-999.0,904.4
2007,2,7,-21.0,-19.7,-18.3,1.1,-21.8,84.8,-999.0,-999.0,901.0
2007,2,8,-20.4,-18.3,-16.2,0.0,-20.3,86.0,-999.0,-999.0,898.2
2007,2,9,-23.4,-20.3,-17.1,1.5,-22.3,84.2,-999.0,-999.0,899.3
2007,2,10,-18.5,-15.6,-12.6,3.6,-17.4,88.5,-999.0,-999.0,905.3
2007,2,11,-19.9,-15.4,-10.8,1.5,-16.4,89.4,-999.0,-999.0,911.1
2007,2,12,-26.7,-19.7,-12.6,1.1,-18.4,87.5,-999.0,-999.0,911.8
2007,2,13,-28.8,-25.0,-21.2,1.4,-27.3,79.7,-999.0,-999.0,919.5
2007,2,14,-21.3,-18.5,-15.7,55.7,-19.5,86.5,-999.0,-999.0,904.5
2007,2,15,-24.5,-22.4,-20.2,23.5,-24.6,82.0,-999.0,-999.0,890.0
2007,2,16,-22.0,-17.5,-12.9,10.0,-20.3,85.9,-999.0,-999.0,890.4
2007,2,17,-13.3,-11.7,-10.0,1.3,-12.7,92.2,-999.0,-999.0,898.4
2007,2,18,-23.3,-16.5,-9.7,0.0,-14.4,91.2,-999.0,-999.0,898.4
2007,2,19,-29.0,-23.7,-18.3,1.7,-27.3,79.9,-999.0,-999.0,905.5
2007,2,20,-20.0,-13.4,-6.7,1.5,-12.3,92.6,-999.0,-999.0,900.6
2007,2,21,-14.4,-12.2,-9.9,1.5,-13.0,92.2,-999.0,-999.0,905.5
2007,2,22,-14.5,-10.2,-5.9,1.5,-11.2,93.7,-999.0,-999.0,904.0
2007,2,23,-21.4,-18.0,-14.5,0.0,-19.7,86.7,-999.0,-999.0,904.8
2007,2,24,-21.2,-17.6,-14.0,3.0,-19.0,87.4,-999.0,-999.0,910.9
2007,2,25,-16.1,-13.1,-10.0,1.5,-14.5,90.9,-999.0,-999.0,914.3
2007,2,26,-12.5,-8.0,-3.4,19.5,-9.5,93.9,-999.0,-999.0,908.4
2007,2,27,-8.8,-5.4,-2.0,0.0,-7.1,92.4,-999.0,-999.0,910.3
2007,2,28,-13.8,-11.0,-8.1,0.0,-12.1,86.8,-999.0,-999.0,913.7
2007,3,1,-15.5,-12.0,-8.4,0.0,-15.7,73.7,-999.0,-999.0,916.3
2007,3,2,-11.2,-7.9,-4.6,13.2,-9.2,92.6,-999.0,-999.0,903.5
2007,3,3,-7.5,-4.2,-0.9,5.9,-4.7,98.5,-999.0,-999.0,899.0
2007,3,4,-11.7,-9.1,-6.4,1.7,-8.6,95.9,-999.0,-999.0,897.2
2007,3,5,-25.9,-16.9,-7.9,1.5,-13.5,92.1,-999.0,-999.0,896.5
2007,3,6,-30.3,-28.1,-25.9,0.0,-30.4,77.5,-999.0,-999.0,909.8
2007,3,7,-27.6,-22.8,-17.9,0.0,-24.9,82.2,-999.0,-999.0,912.9
2007,3,8,-26.7,-22.5,-18.3,0.0,-26.2,81.0,-999.0,-999.0,913.4
2007,3,9,-25.0,-16.9,-8.7,1.5,-19.6,75.5,-999.0,-999.0,922.4
2007,3,10,-9.7,-4.6,0.6,27.0,-7.2,81.6,-999.0,-999.0,915.1
2007,3,11,-6.4,-3.8,-1.2,0.0,-3.9,98.5,-999.0,-999.0,916.9
2007,3,12,-5.6,-1.8,2.0,1.5,-5.5,77.1,-999.0,-999.0,917.6
2007,3,13,-1.8,2.7,7.2,1.5,-2.1,78.1,-999.0,-999.0,914.4
2007,3,14,5.1,7.2,9.3,10.5,6.1,89.6,-999.0,-999.0,908.5
2007,3,15,-15.4,-5.1,5.2,7.5,-4.2,96.5,-999.0,-999.0,914.4
2007,3,16,-17.9,-14.3,-10.6,0.0,-16.1,80.2,-999.0,-999.0,922.8
2007,3,17,-13.6,-11.9,-10.1,0.0,-13.2,91.8,-999.0,-999.0,902.7
2007,3,18,-14.4,-12.0,-9.6,0.0,-13.4,91.8,-999.0,-999.0,901.3
2007,3,19,-16.7,-10.6,-4.5,1.5,-11.5,91.1,-999.0,-999.0,913.1
2007,3,20,-17.9,-10.8,-3.6,0.0,-13.7,91.2,-999.0,-999.0,917.0
2007,3,21,-16.9,-9.7,-2.4,51.7,-19.6,42.7,-999.0,-999.0,929.4
2007,3,22,-5.6,1.8,9.2,-999.0,1.4,93.2,-999.0,-999.0,911.4
2007,3,23,-5.4,-1.5,2.5,-999.0,-1.8,96.9,-999.0,-999.0,916.6
2007,3,24,-6.2,-1.9,2.5,-999.0,-7.2,69.0,-999.0,-999.0,923.8
2007,3,25,-3.9,0.1,4.1,-999.0,-7.1,62.9,-999.0,-999.0,927.0
2007,3,26,-1.4,1.8,5.0,3.0,-1.6,88.8,-999.0,-999.0,919.2
2007,3,27,-1.7,1.4,4.5,2.9,3.4,100.0,-999.0,-999.0,914.5
2007,3,28,-9.2,-5.5,-1.7,1.1,-7.5,82.8,-999.0,-999.0,921.2
2007,3,29,-11.0,-5.5,0.0,1.1,-12.3,57.8,-999.0,-999.0,925.7
2007,3,30,-8.1,-2.6,3.0,0.0,-10.2,53.8,-999.0,-999.0,921.0
2007,3,31,-10.1,-4.5,1.1,0.0,-14.9,45.0,-999.0,-999.0,921.2
2007,4,1,-1.7,3.5,8.7,0.0,-13.1,31.4,-999.0,-999.0,920.3
2007,4,2,-1.1,-0.7,-0.2,1.5,-0.6,99.4,-999.0,-999.0,912.3
2007,4,3,-2.0,-0.9,0.2,6.0,-0.6,100.0,-999.0,-999.0,917.5
2007,4,4,-5.1,-3.6,-2.0,9.0,-3.7,99.1,-999.0,-999.0,909.4
2007,4,5,-9.2,-6.5,-3.7,3.0,-6.4,97.3,-999.0,-999.0,899.1
2007,4,6,-9.8,-8.6,-7.4,10.2,-9.4,95.0,-999.0,-999.0,899.0
2007,4,7,-11.0,-8.5,-6.0,1.5,-9.1,95.1,-999.0,-999.0,901.1
2007,4,8,-10.1,-7.9,-5.6,12.8,-8.6,95.4,-999.0,-999.0,900.0
2007,4,9,-7.1,-5.7,-4.2,1.5,-6.2,97.0,-999.0,-999.0,906.1
2007,4,10,-8.7,-5.8,-2.8,0.0,-6.1,97.1,-999.0,-999.0,911.6
2007,4,11,-10.1,-5.5,-0.8,8.9,-6.0,97.2,-999.0,-999.0,917.6
2007,4,12,-6.3,-4.5,-2.7,4.3,-4.4,98.6,-999.0,-999.0,910.5
2007,4,13,-4.9,-3.6,-2.3,0.0,-3.5,99.1,-999.0,-999.0,904.5
2007,4,14,-2.7,-1.4,-0.1,5.1,-1.5,100.0,-999.0,-999.0,911.9
2007,4,15,-3.0,-2.2,-1.3,38.3,-2.1,100.0,-999.0,-999.0,910.1
2007,4,16,-2.9,-1.4,0.1,4.7,-1.2,100.0,-999.0,-999.0,895.3
2007,4,17,-3.7,-2.3,-0.8,1.4,-2.1,99.9,-999.0,-999.0,904.8
2007,4,18,-1.7,0.0,1.7,0.0,-0.8,95.4,-999.0,-999.0,912.6
2007,4,19,-2.2,2.7,7.5,0.0,-6.6,51.8,-999.0,-999.0,916.5
2007,4,20,3.9,8.7,13.4,0.0,-6.6,33.8,-999.0,-999.0,920.3
2007,4,21,6.2,9.6,12.9,0.0,-5.7,34.9,-999.0,-999.0,921.1
2007,4,22,7.6,12.0,16.4,0.0,-4.5,32.7,-999.0,-999.0,920.3
2007,4,23,9.1,14.4,19.7,1.4,0.4,39.8,-999.0,-999.0,912.1
2007,4,24,-2.2,3.5,9.2,0.0,-1.1,77.5,-999.0,-999.0,912.8
2007,4,25,-2.8,1.6,6.0,0.0,-7.5,50.8,-999.0,-999.0,917.2
2007,4,26,0.0,5.1,10.1,0.0,-7.5,39.9,-999.0,-999.0,919.8
2007,4,27,2.6,4.6,6.6,2.4,2.5,90.9,-999.0,-999.0,912.1
2007,4,28,4.3,5.8,7.3,6.7,6.1,100.0,-999.0,-999.0,907.9
2007,4,29,2.8,4.3,5.7,1.5,4.2,100.0,-999.0,-999.0,909.0
2007,4,30,-1.0,2.5,5.9,4.5,2.5,100.0,-999.0,-999.0,905.2
