Year,Month,Day,Tmin,Tair,Tmax,Prcp,Tdew,RelH,WndS,WndD,Pres,SnDh
2010,1,1,-8.0,-6.3,-4.5,3.2,-7.5,93.3,3.8,75.2,958.9,17.0
2010,1,2,-14.0,-10.1,-6.1,2.1,-9.8,91.0,8.7,285.8,954.1,23.0
2010,1,3,-14.2,-8.7,-3.2,2.8,-8.6,92.5,14.9,331.7,949.1,34.0
2010,1,4,-10.9,-8.7,-6.4,0.6,-9.4,94.2,12.4,300.0,951.8,32.0
2010,1,5,-7.8,-5.8,-3.7,0.3,-6.6,94.7,10.6,312.2,951.4,-999.0
2010,1,6,-8.6,-7.7,-6.7,0.0,-8.6,93.2,16.1,305.8,950.7,30.0
2010,1,7,-12.0,-9.9,-7.8,0.0,-10.9,87.6,15.5,307.5,955.1,29.0
2010,1,8,-17.5,-13.6,-9.7,0.0,-14.2,87.0,12.0,330.0,957.1,28.0
2010,1,9,-21.5,-17.9,-14.3,-999.0,-21.8,73.5,10.0,298.7,966.2,29.0
2010,1,10,-20.0,-14.8,-9.6,-999.0,-17.1,82.9,5.3,239.5,964.0,28.0
2010,1,11,-12.3,-9.2,-6.0,-999.0,-10.4,86.8,9.0,280.4,961.4,28.0
2010,1,12,-18.4,-15.3,-12.2,0.0,-17.7,76.6,11.7,315.0,965.2,29.0
2010,1,13,-20.1,-14.9,-9.6,0.0,-16.5,81.5,2.9,218.1,964.8,28.0
2010,1,14,-11.1,-6.9,-2.6,0.0,-8.3,90.5,5.0,175.3,963.5,27.0
2010,1,15,-4.3,-2.3,-0.3,0.0,-3.5,92.2,12.1,266.7,960.8,28.0
2010,1,16,-9.5,-4.3,0.9,0.7,-4.0,88.4,13.8,232.6,962.6,-999.0
2010,1,17,-12.5,-9.8,-7.1,0.0,-12.3,80.0,6.1,86.7,963.4,27.0
2010,1,18,-7.5,-5.5,-3.4,0.0,-6.1,96.2,3.5,134.8,956.3,27.0
2010,1,19,-5.3,-3.1,-0.8,0.8,-4.2,94.0,3.3,191.0,958.2,27.0
2010,1,20,-7.3,-4.9,-2.5,0.2,-5.7,93.4,5.8,292.9,962.1,29.0
2010,1,21,-12.4,-7.9,-3.4,0.0,-10.2,86.0,8.3,287.0,966.9,29.0
2010,1,22,-19.0,-11.4,-3.8,0.0,-12.0,78.0,6.2,164.3,967.7,28.0
2010,1,23,-24.5,-12.4,-0.2,0.0,-19.1,68.3,0.9,164.3,971.4,28.0
2010,1,24,-15.0,-6.8,1.4,0.2,-12.9,65.7,4.3,137.1,963.5,28.0
2010,1,25,-5.3,0.4,6.0,31.5,2.6,95.9,9.0,145.2,941.3,27.0
2010,1,26,-2.9,-1.0,1.0,2.4,-1.1,93.8,10.8,247.3,941.5,19.0
2010,1,27,-10.9,-6.9,-2.9,1.9,-9.5,84.1,9.8,243.0,955.8,23.0
2010,1,28,-19.2,-12.7,-6.2,1.6,-10.6,88.5,9.2,185.5,954.9,26.0
2010,1,29,-24.8,-22.3,-19.7,0.1,-25.6,72.9,21.1,300.9,961.8,26.0
2010,1,30,-25.7,-19.8,-13.8,-999.0,-24.5,68.1,9.2,261.8,-999.0,23.0
2010,1,31,-25.4,-18.0,-10.5,0.3,-20.1,80.2,5.5,281.2,-999.0,22.0
2010,2,1,-22.2,-18.3,-14.3,0.0,-21.0,76.2,13.4,278.3,-999.0,23.0
2010,2,2,-31.6,-21.0,-10.3,0.0,-23.8,74.0,3.7,206.2,-999.0,23.0
2010,2,3,-26.2,-16.1,-5.9,0.4,-18.7,77.8,5.3,254.7,-999.0,23.0
2010,2,4,-20.3,-14.9,-9.5,-999.0,-18.2,70.7,13.1,281.3,-999.0,23.0
2010,2,5,-18.0,-14.8,-11.5,0.0,-18.8,74.2,11.0,301.7,-999.0,23.0
2010,2,6,-16.8,-13.3,-9.7,0.0,-17.0,77.2,12.9,288.8,-999.0,23.0
2010,2,7,-13.4,-10.1,-6.8,0.1,-13.9,80.3,16.2,320.8,-999.0,23.0
2010,2,8,-13.7,-10.9,-8.1,0.0,-14.0,79.6,15.8,306.2,-999.0,22.0
2010,2,9,-9.6,-6.0,-2.4,0.0,-8.8,87.9,8.0,305.0,-999.0,22.0
2010,2,10,-11.5,-5.6,0.4,0.0,-10.7,73.2,6.9,209.6,-999.0,22.0
2010,2,11,-14.3,-9.5,-4.6,0.0,-13.5,73.4,8.7,288.7,-999.0,22.0
2010,2,12,-11.9,-7.9,-3.9,0.0,-11.8,79.2,8.2,304.2,-999.0,22.0
2010,2,13,-10.1,-5.1,0.0,0.2,-9.1,77.5,10.8,295.0,-999.0,22.0
2010,2,14,-9.9,-7.9,-5.8,0.4,-11.1,82.2,15.9,291.7,-999.0,22.0
2010,2,15,-9.7,-6.5,-3.3,0.4,-9.4,82.7,10.6,249.6,-999.0,22.0
2010,2,16,-7.6,-5.3,-3.0,2.1,-7.3,87.0,4.1,275.0,-999.0,22.0
2010,2,17,-6.0,-3.1,-0.2,1.2,-4.5,89.5,5.2,237.0,-999.0,25.0
2010,2,18,-7.6,-3.8,0.0,0.9,-5.1,90.4,14.0,300.9,-999.0,25.0
2010,2,19,-9.5,-6.3,-3.0,0.0,-8.1,87.2,15.3,302.9,-999.0,29.0
2010,2,20,-9.1,-5.3,-1.4,0.5,-6.7,87.5,13.2,304.6,-999.0,27.0
2010,2,21,-9.1,-6.4,-3.6,0.0,-8.4,86.4,11.0,302.9,-999.0,27.0
2010,2,22,-8.0,-2.6,2.8,0.0,-5.6,83.2,6.3,190.4,-999.0,26.0
2010,2,23,-1.7,-0.7,0.3,3.1,-2.2,90.7,7.6,114.8,-999.0,26.0
2010,2,24,-2.2,-1.1,0.1,8.8,-1.7,96.7,8.2,109.6,-999.0,34.0
2010,2,25,-2.0,-0.6,0.8,13.4,-1.4,97.4,12.4,84.2,-999.0,41.0
2010,2,26,-2.1,-0.5,1.1,2.9,-0.7,97.5,13.3,54.8,-999.0,47.0
2010,2,27,-1.2,0.7,2.5,1.8,-0.6,94.0,10.3,65.0,-999.0,46.0
2010,2,28,-1.4,0.1,1.5,0.6,-1.0,94.3,6.7,114.2,-999.0,43.0
2010,3,1,-3.0,0.2,3.4,0.0,-2.4,82.2,11.8,222.9,958.6,41.0
2010,3,2,-8.0,-2.4,3.3,0.0,-9.8,60.8,4.7,214.3,962.1,39.0
2010,3,3,-12.4,-5.5,1.4,0.0,-12.9,56.0,7.6,116.7,959.4,38.0
2010,3,4,-8.8,-3.0,2.8,0.0,-11.7,53.7,8.5,190.0,961.4,38.0
2010,3,5,-12.5,-4.4,3.8,0.0,-18.2,36.7,6.7,252.2,968.8,37.0
2010,3,6,-12.2,-2.3,7.7,0.0,-13.8,40.6,7.9,250.5,966.2,37.0
2010,3,7,-8.0,-1.1,5.8,0.0,-5.2,67.5,8.8,278.5,958.1,37.0
2010,3,8,-5.0,-0.3,4.5,0.3,-7.1,57.3,14.6,298.3,955.3,37.0
2010,3,9,-11.3,-4.9,1.5,-999.0,-10.1,64.0,8.2,284.3,961.3,35.0
2010,3,10,-16.4,-5.1,6.3,-999.0,-13.6,55.3,2.8,199.3,964.6,35.0
2010,3,11,-9.9,-0.7,8.5,-999.0,-11.3,49.2,3.7,107.1,968.0,34.0
2010,3,12,-8.3,0.1,8.5,0.0,-10.3,43.5,6.3,103.0,971.1,34.0
2010,3,13,-5.7,1.9,9.4,0.0,-9.8,42.2,6.5,109.6,970.2,33.0
2010,3,14,-2.3,3.9,10.0,0.0,-11.5,36.6,8.3,106.2,967.3,31.0
2010,3,15,-4.5,4.0,12.4,0.0,-12.5,34.8,5.3,137.4,966.4,31.0
2010,3,16,-8.7,1.6,11.9,0.0,-7.2,53.3,6.2,274.8,966.1,28.0
2010,3,17,-8.2,1.2,10.6,0.0,-4.5,61.4,11.9,256.3,959.2,25.0
2010,3,18,0.9,5.0,9.0,0.0,-2.7,56.2,12.1,264.2,953.2,20.0
2010,3,19,-1.4,4.0,9.4,0.6,-1.3,68.8,8.7,182.9,954.7,15.0
2010,3,20,-8.4,-2.9,2.7,0.0,-5.7,72.4,9.6,301.7,962.7,9.0
2010,3,21,-11.8,-3.3,5.2,0.0,-11.2,58.3,5.1,191.7,967.7,8.0
2010,3,22,-9.3,-1.1,7.2,-999.0,-9.1,57.5,5.0,131.7,966.8,7.0
2010,3,23,-4.0,-2.7,-1.4,3.3,-8.3,70.5,11.9,58.8,960.0,4.0
2010,3,24,-4.1,1.4,6.8,0.0,-6.9,63.9,14.7,317.5,955.4,10.0
2010,3,25,-14.7,-3.1,8.6,0.5,-9.9,58.5,14.3,268.6,955.8,6.0
2010,3,26,-18.7,-13.4,-8.0,0.0,-22.1,48.8,11.1,318.6,965.9,3.0
2010,3,27,-19.9,-10.7,-1.4,0.0,-17.5,55.6,5.4,187.9,972.5,3.0
2010,3,28,-6.7,-0.9,5.0,1.1,-8.6,56.3,7.5,133.0,965.1,3.0
2010,3,29,-3.3,-0.3,2.7,6.2,-0.4,94.0,6.2,219.1,959.5,7.0
2010,3,30,-8.0,-0.6,6.8,-999.0,-4.2,71.3,6.6,118.5,964.5,-999.0
2010,3,31,0.9,7.4,13.9,0.0,1.9,77.0,5.0,96.7,963.0,1.0
2010,4,1,0.4,9.2,18.0,0.0,2.6,74.5,5.2,150.0,965.8,-999.0
2010,4,2,-1.3,11.5,24.2,0.0,3.2,67.5,5.3,188.3,964.7,-999.0
2010,4,3,0.1,12.6,25.0,0.0,5.0,62.0,5.3,146.9,961.5,-999.0
2010,4,4,4.1,10.8,17.4,-999.0,-0.2,44.5,15.3,253.9,963.6,-999.0
2010,4,5,4.2,7.4,10.6,7.3,3.8,74.7,9.4,214.6,959.7,-999.0
2010,4,6,0.6,7.2,13.8,4.3,3.4,79.5,5.2,206.5,958.4,-999.0
2010,4,7,-0.9,4.8,10.4,2.6,5.1,93.0,5.2,274.5,953.3,-999.0
2010,4,8,-2.6,0.4,3.4,6.4,-3.2,78.9,9.2,102.7,957.7,-999.0
2010,4,9,-0.5,3.1,6.7,6.3,1.4,87.0,9.9,216.7,951.9,-999.0
2010,4,10,-1.2,2.8,6.8,1.7,-3.8,68.8,19.5,279.2,959.5,-999.0
2010,4,11,0.1,4.1,8.0,1.2,-1.5,74.8,16.2,284.3,965.8,-999.0
2010,4,12,-3.6,3.0,9.5,0.0,-6.4,54.9,9.3,319.5,974.4,-999.0
2010,4,13,-7.0,1.8,10.5,0.0,-8.2,51.6,5.1,275.6,979.7,-999.0
2010,4,14,-4.4,5.0,14.3,0.8,-7.2,47.4,9.8,283.7,976.8,-999.0
2010,4,15,-4.2,3.2,10.5,4.3,-8.8,44.3,5.6,147.6,972.8,-999.0
2010,4,16,0.0,0.9,1.7,23.3,0.5,97.7,8.4,119.1,959.1,-999.0
2010,4,17,-1.8,-0.1,1.6,9.0,-0.2,97.2,5.4,86.5,954.7,-999.0
2010,4,18,-2.1,2.3,6.6,1.5,0.4,91.0,9.2,285.7,959.4,-999.0
2010,4,19,0.4,6.5,13.0,0.1,1.8,73.9,9.0,299.1,963.4,-999.0
2010,4,20,-0.2,7.4,14.9,0.9,0.9,60.6,8.4,286.5,961.0,-999.0
2010,4,21,-0.4,5.9,12.2,0.1,-0.6,68.4,6.9,171.3,957.1,-999.0
2010,4,22,-0.4,3.8,8.0,0.6,-1.3,76.3,8.1,260.8,956.6,-999.0
2010,4,23,-2.5,4.9,12.2,0.1,-5.2,50.8,7.2,281.4,960.9,-999.0
2010,4,24,-4.2,5.6,15.3,1.6,-1.5,66.0,8.2,252.8,962.9,-999.0
2010,4,25,0.3,7.6,14.9,0.0,-0.3,61.2,6.0,196.5,955.0,-999.0
2010,4,26,-1.1,5.7,12.4,0.3,-5.0,48.2,11.0,114.8,946.9,-999.0
2010,4,27,0.0,2.8,5.5,1.1,-8.3,44.7,15.0,25.0,947.2,-999.0
2010,4,28,0.7,5.7,10.7,3.5,-5.5,47.6,14.0,274.5,948.8,-999.0
2010,4,29,-1.3,4.9,11.1,3.7,-5.7,48.5,16.2,306.4,953.0,-999.0
2010,4,30,0.7,9.1,17.5,1.8,-4.1,43.6,10.8,289.5,956.6,-999.0
2010,5,1,-1.2,7.6,16.4,0.7,1.6,67.0,2.8,157.1,957.8,-999.0
2010,5,2,8.9,15.0,21.0,0.0,13.5,86.0,5.1,204.8,954.3,-999.0
2010,5,3,5.3,12.8,20.2,11.0,11.4,74.8,11.2,241.2,948.8,-999.0
2010,5,4,3.7,11.1,18.5,1.5,5.5,73.0,9.7,253.8,953.5,-999.0
2010,5,5,2.2,9.5,16.7,0.6,5.4,71.2,3.3,210.0,956.5,-999.0
2010,5,6,2.8,8.8,14.8,5.0,5.7,80.7,14.7,270.0,951.5,-999.0
2010,5,7,-0.8,3.6,8.0,1.5,-1.1,73.1,14.5,311.7,961.1,-999.0
2010,5,8,-1.4,0.3,2.0,8.2,-0.9,92.9,7.8,142.1,948.4,-999.0
2010,5,9,-2.9,-1.2,0.4,5.8,-2.4,91.9,19.7,308.3,955.8,-999.0
2010,5,10,-5.2,-1.0,3.2,2.9,-5.3,76.5,12.5,311.5,970.2,-999.0
2010,5,11,-4.6,3.2,11.0,0.4,-4.5,60.0,7.6,281.0,974.4,-999.0
2010,5,12,-2.9,4.1,11.1,0.7,-5.4,50.8,6.2,185.0,973.1,-999.0
2010,5,13,-1.7,7.8,17.2,0.7,-6.2,38.7,3.3,261.2,972.3,-999.0
2010,5,14,5.2,9.4,13.5,3.2,3.2,69.3,0.0,-999.0,963.1,-999.0
2010,5,15,6.0,11.0,15.9,4.5,4.5,70.1,0.2,260.0,963.5,-999.0
2010,5,16,3.4,11.3,19.2,4.8,-4.3,35.7,8.8,297.9,969.6,-999.0
2010,5,17,0.8,12.3,23.8,-999.0,-1.6,43.2,4.5,200.6,970.0,-999.0
2010,5,18,2.0,13.4,24.8,0.0,3.1,50.8,0.4,122.0,966.1,-999.0
2010,5,19,5.3,14.3,23.3,0.0,5.1,56.3,2.7,192.9,961.9,-999.0
2010,5,20,4.0,12.7,21.4,1.3,3.4,48.6,8.1,323.8,962.0,-999.0
2010,5,21,-1.3,10.5,22.2,0.0,-3.1,42.6,4.8,248.6,970.4,-999.0
2010,5,22,2.3,14.1,25.9,0.4,5.6,59.2,2.3,195.5,970.4,-999.0
2010,5,23,10.1,18.0,25.8,0.1,12.0,66.5,3.7,216.4,970.6,-999.0
2010,5,24,11.1,19.9,28.7,0.0,13.8,68.6,6.1,236.3,971.9,-999.0
2010,5,25,13.6,22.7,31.7,0.5,14.9,61.5,10.4,273.3,968.9,-999.0
2010,5,26,12.2,21.6,31.0,0.4,12.0,49.0,10.2,243.8,962.3,-999.0
2010,5,27,6.5,15.8,25.1,0.0,6.2,54.3,5.7,121.3,963.0,-999.0
2010,5,28,4.5,15.0,25.5,0.0,5.4,57.2,3.8,174.0,964.2,-999.0
2010,5,29,10.1,15.2,20.3,2.0,7.2,61.2,8.5,301.4,960.7,-999.0
2010,5,30,7.7,13.3,18.8,6.6,1.3,45.0,9.5,293.8,961.0,-999.0
2010,5,31,1.2,9.6,18.0,1.3,4.3,64.7,4.2,140.9,963.3,-999.0
2010,6,1,7.5,15.6,23.6,6.4,10.4,78.6,-999.0,-999.0,956.6,-999.0
2010,6,2,6.3,12.8,19.3,1.7,11.1,86.0,-999.0,-999.0,956.6,-999.0
2010,6,3,9.5,13.9,18.9,-999.0,10.2,80.0,-999.0,-999.0,956.3,-999.0
2010,6,4,6.4,14.6,22.8,0.5,8.0,66.4,-999.0,-999.0,957.9,-999.0
2010,6,5,8.3,10.7,13.0,2.8,8.3,92.6,-999.0,-999.0,954.0,-999.0
2010,6,6,3.7,8.0,12.2,0.1,6.7,91.2,-999.0,-999.0,952.3,-999.0
2010,6,7,5.7,10.8,15.8,8.1,5.5,73.9,-999.0,-999.0,957.1,-999.0
2010,6,8,5.3,10.8,16.2,3.8,4.4,69.9,-999.0,-999.0,965.1,-999.0
2010,6,9,1.6,11.0,20.4,0.2,4.8,66.7,-999.0,-999.0,964.6,-999.0
2010,6,10,9.1,12.5,15.8,3.1,9.0,87.9,-999.0,-999.0,960.9,-999.0
2010,6,11,4.0,13.4,22.8,0.0,7.9,69.6,-999.0,-999.0,967.4,-999.0
2010,6,12,11.8,16.7,21.5,0.0,11.3,77.9,-999.0,-999.0,966.9,-999.0
2010,6,13,9.0,16.0,23.0,0.2,8.7,67.7,-999.0,-999.0,963.8,-999.0
2010,6,14,5.5,13.2,20.8,1.5,7.8,69.8,-999.0,-999.0,961.6,-999.0
2010,6,15,1.7,11.4,21.0,0.3,0.9,53.9,-999.0,-999.0,968.9,-999.0
2010,6,16,2.2,10.9,19.6,1.8,6.8,81.0,-999.0,-999.0,965.0,-999.0
2010,6,17,10.1,17.0,24.7,3.6,9.9,67.5,-999.0,-999.0,961.3,-999.0
2010,6,18,11.4,19.7,28.0,1.2,11.0,54.2,-999.0,-999.0,964.0,-999.0
2010,6,19,14.1,20.0,25.8,4.5,15.6,76.8,-999.0,-999.0,960.6,-999.0
2010,6,20,13.7,16.7,19.7,1.2,14.4,89.2,-999.0,-999.0,960.7,-999.0
2010,6,21,6.3,14.5,22.6,1.2,6.0,57.8,-999.0,-999.0,966.2,-999.0
2010,6,22,4.3,14.8,25.3,-999.0,8.0,70.6,-999.0,-999.0,967.6,-999.0
2010,6,23,13.9,19.5,25.0,10.2,15.0,83.0,-999.0,-999.0,960.2,-999.0
2010,6,24,7.9,13.2,18.4,6.1,13.5,83.8,-999.0,-999.0,955.1,-999.0
2010,6,25,6.4,13.5,20.5,1.9,7.2,63.8,-999.0,-999.0,963.0,-999.0
2010,6,26,6.2,13.8,21.3,1.3,8.7,65.5,-999.0,-999.0,959.4,-999.0
2010,6,27,4.6,15.7,23.1,0.5,8.3,66.8,-999.0,-999.0,955.4,-999.0
2010,6,28,13.0,18.7,24.4,9.8,14.5,87.3,-999.0,-999.0,948.4,-999.0
2010,6,29,10.4,13.5,16.6,1.3,7.7,74.5,-999.0,-999.0,957.2,-999.0
2010,6,30,3.7,8.5,13.3,8.8,6.3,83.2,-999.0,-999.0,961.3,-999.0
2010,7,1,5.7,11.5,17.2,6.0,8.0,80.5,-999.0,-999.0,966.4,-999.0
2010,7,2,9.3,16.1,22.8,0.8,7.9,58.0,-999.0,-999.0,969.5,-999.0
2010,7,3,15.1,22.9,28.9,5.9,10.9,49.0,-999.0,-999.0,962.3,-999.0
2010,7,4,16.3,22.6,28.9,0.7,13.0,54.1,-999.0,-999.0,960.8,-999.0
2010,7,5,17.7,24.3,30.9,3.4,17.7,65.4,-999.0,-999.0,961.0,-999.0
2010,7,6,18.6,25.1,31.5,0.0,19.2,71.2,-999.0,-999.0,965.3,-999.0
2010,7,7,-999.0,23.8,-999.0,0.1,19.1,76.2,-999.0,-999.0,965.5,-999.0
2010,7,8,-999.0,28.1,-999.0,0.7,17.6,56.1,-999.0,-999.0,963.6,-999.0
2010,7,9,16.8,20.5,24.1,22.2,18.4,92.2,-999.0,-999.0,961.6,-999.0
2010,7,10,11.5,19.2,26.8,0.0,15.3,76.8,-999.0,-999.0,960.7,-999.0
2010,7,11,10.6,19.4,28.1,0.0,11.9,65.0,-999.0,-999.0,961.5,-999.0
2010,7,12,13.0,20.2,27.4,14.9,15.5,80.8,-999.0,-999.0,960.3,-999.0
2010,7,13,16.1,18.6,21.0,13.9,17.2,94.7,-999.0,-999.0,963.3,-999.0
2010,7,14,16.3,21.5,26.6,0.1,14.4,73.1,-999.0,-999.0,966.7,-999.0
2010,7,15,9.6,18.6,27.5,0.0,14.3,75.6,-999.0,-999.0,966.1,-999.0
2010,7,16,19.3,23.4,27.5,1.6,16.4,68.0,-999.0,-999.0,957.1,-999.0
2010,7,17,16.0,21.0,25.9,2.8,15.2,70.8,-999.0,-999.0,954.4,-999.0
2010,7,18,12.5,16.7,20.8,0.5,13.7,79.0,-999.0,-999.0,957.6,-999.0
2010,7,19,9.7,16.9,24.1,0.0,13.9,80.9,-999.0,-999.0,958.9,-999.0
2010,7,20,7.5,16.0,24.4,0.0,9.4,67.6,-999.0,-999.0,963.7,-999.0
2010,7,21,8.2,14.5,20.8,8.3,12.9,91.5,-999.0,-999.0,961.3,-999.0
2010,7,22,9.3,16.9,24.4,0.5,11.7,70.6,-999.0,-999.0,961.6,-999.0
2010,7,23,6.6,15.5,24.3,9.0,12.3,81.7,-999.0,-999.0,962.7,-999.0
2010,7,24,14.9,19.6,24.3,0.1,16.8,86.5,-999.0,-999.0,957.8,-999.0
2010,7,25,12.9,16.3,19.7,0.6,12.1,75.7,-999.0,-999.0,958.3,-999.0
2010,7,26,10.8,17.0,23.2,6.3,10.4,64.8,-999.0,-999.0,961.8,-999.0
2010,7,27,8.5,18.2,27.9,0.1,12.6,66.9,-999.0,-999.0,964.1,-999.0
2010,7,28,15.7,20.1,24.4,6.8,16.2,79.8,-999.0,-999.0,957.1,-999.0
2010,7,29,8.7,13.1,17.4,2.4,9.5,78.0,-999.0,-999.0,960.3,-999.0
2010,7,30,5.1,10.3,15.4,0.0,8.5,83.3,-999.0,-999.0,964.1,-999.0
2010,7,31,2.8,11.7,20.6,-999.0,6.5,76.4,-999.0,-999.0,965.0,-999.0
2010,8,1,4.4,14.3,24.2,0.0,8.6,71.0,-999.0,-999.0,966.6,-999.0
2010,8,2,7.5,16.4,25.2,0.6,13.1,77.8,-999.0,-999.0,966.1,-999.0
2010,8,3,15.3,19.5,23.7,1.2,17.8,91.1,-999.0,-999.0,962.0,-999.0
2010,8,4,16.1,22.0,27.8,0.6,18.5,82.4,-999.0,-999.0,955.7,-999.0
2010,8,5,13.7,20.6,27.4,5.7,16.0,80.6,-999.0,-999.0,950.4,-999.0
2010,8,6,6.5,11.0,15.4,3.5,7.2,72.8,-999.0,-999.0,954.4,-999.0
2010,8,7,2.5,10.2,17.8,1.2,5.1,67.2,-999.0,-999.0,960.9,-999.0
2010,8,8,11.2,15.9,20.6,0.8,13.3,80.8,-999.0,-999.0,960.4,-999.0
2010,8,9,13.3,20.5,26.3,0.2,13.4,67.9,-999.0,-999.0,961.8,-999.0
2010,8,10,10.6,16.4,22.1,2.7,13.7,89.3,-999.0,-999.0,962.7,-999.0
2010,8,11,8.7,15.6,22.5,0.0,10.2,74.7,-999.0,-999.0,964.3,-999.0
2010,8,12,7.1,13.4,21.6,-999.0,8.7,77.4,-999.0,-999.0,965.8,-999.0
2010,8,13,5.6,15.5,25.3,0.0,10.6,74.6,-999.0,-999.0,967.2,-999.0
2010,8,14,11.2,17.8,24.4,0.0,14.9,81.7,-999.0,-999.0,966.2,-999.0
2010,8,15,14.8,18.7,22.6,8.1,16.5,87.8,-999.0,-999.0,962.3,-999.0
2010,8,16,15.6,19.8,23.9,5.6,15.6,78.9,-999.0,-999.0,957.6,-999.0
2010,8,17,9.0,14.6,20.1,1.6,11.9,78.7,-999.0,-999.0,961.7,-999.0
2010,8,18,6.7,14.2,21.7,-999.0,10.2,78.8,-999.0,-999.0,964.9,-999.0
2010,8,19,7.2,15.5,23.7,7.0,11.5,83.2,-999.0,-999.0,960.1,-999.0
2010,8,20,5.1,12.6,20.0,0.3,7.5,77.4,-999.0,-999.0,964.9,-999.0
2010,8,21,5.9,11.0,16.0,3.3,10.2,93.2,-999.0,-999.0,966.7,-999.0
2010,8,22,11.9,13.0,14.1,1.6,12.8,96.8,-999.0,-999.0,967.5,-999.0
2010,8,23,9.6,16.0,22.3,0.0,13.1,83.1,-999.0,-999.0,971.0,-999.0
2010,8,24,7.6,14.9,22.1,0.0,11.4,83.4,-999.0,-999.0,970.2,-999.0
2010,8,25,-999.0,11.9,-999.0,0.8,11.2,95.6,-999.0,-999.0,964.5,-999.0
2010,8,26,10.1,13.8,16.6,4.1,12.4,90.8,-999.0,-999.0,961.5,-999.0
2010,8,27,5.9,12.6,19.3,0.0,7.9,71.9,-999.0,-999.0,966.4,-999.0
2010,8,28,12.2,18.5,24.7,0.0,13.6,73.8,-999.0,-999.0,966.2,-999.0
2010,8,29,14.6,21.5,28.4,0.0,14.2,61.1,-999.0,-999.0,968.2,-999.0
2010,8,30,13.0,21.4,29.8,0.0,14.3,67.3,-999.0,-999.0,969.0,-999.0
2010,8,31,18.6,24.8,30.9,-999.0,17.0,67.0,-999.0,-999.0,966.6,-999.0
2010,9,1,21.4,26.0,30.5,0.0,17.7,64.1,9.5,233.8,962.4,-999.0
2010,9,2,18.3,20.7,23.1,7.3,17.6,81.5,5.0,149.6,961.7,-999.0
2010,9,3,16.0,22.3,28.6,14.3,17.5,80.0,6.5,183.3,953.6,-999.0
2010,9,4,10.0,14.6,19.1,5.6,12.3,85.2,7.4,222.1,945.6,-999.0
2010,9,5,7.4,9.8,12.1,0.9,6.8,83.3,12.7,247.1,954.4,-999.0
2010,9,6,4.5,11.5,18.5,4.4,7.8,79.5,8.6,228.1,964.1,-999.0
2010,9,7,13.9,15.6,17.2,13.9,14.8,95.7,4.8,163.8,961.8,-999.0
2010,9,8,11.6,14.6,17.5,5.1,12.6,86.8,8.6,235.4,952.0,-999.0
2010,9,9,8.6,11.0,13.4,0.3,10.2,90.4,8.0,137.5,956.0,-999.0
2010,9,10,6.6,12.5,18.3,0.0,6.4,69.8,10.0,318.3,962.0,-999.0
2010,9,11,2.7,11.5,20.3,0.0,5.8,71.9,4.7,171.4,966.1,-999.0
2010,9,12,5.5,10.3,15.1,7.7,9.0,87.0,5.8,143.0,963.4,-999.0
2010,9,13,9.3,12.8,16.3,6.4,10.7,90.0,5.3,205.5,958.6,-999.0
2010,9,14,4.4,8.8,13.1,1.5,8.0,89.6,7.5,274.3,958.2,-999.0
2010,9,15,4.3,8.8,13.2,0.1,6.2,88.2,9.0,283.9,964.2,-999.0
2010,9,16,3.7,6.4,9.1,1.7,4.7,86.4,3.1,211.3,964.7,-999.0
2010,9,17,0.4,7.8,15.1,0.0,3.2,79.1,4.1,192.1,965.9,-999.0
2010,9,18,-1.1,8.0,17.0,0.6,5.1,80.9,5.9,204.4,967.2,-999.0
2010,9,19,1.5,8.5,15.4,0.0,4.1,77.6,5.3,268.5,968.0,-999.0
2010,9,20,0.2,7.3,14.4,0.0,1.7,74.5,7.3,293.0,967.7,-999.0
2010,9,21,-1.4,7.3,15.9,11.2,5.2,94.5,5.3,195.0,962.6,-999.0
2010,9,22,4.7,11.1,17.5,0.0,8.8,71.4,13.4,276.2,960.1,-999.0
2010,9,23,0.8,4.9,9.0,0.4,3.7,83.8,4.4,235.9,971.2,-999.0
2010,9,24,5.7,12.3,18.8,24.6,9.6,95.8,4.6,130.0,958.8,-999.0
2010,9,25,5.8,11.7,17.6,0.7,10.3,87.6,9.5,217.1,956.3,-999.0
2010,9,26,5.8,8.0,10.1,0.0,6.0,89.9,5.6,87.9,969.6,-999.0
2010,9,27,8.1,11.9,15.7,14.1,9.9,92.2,3.9,120.0,966.5,-999.0
2010,9,28,12.3,15.4,18.4,24.8,14.4,98.4,3.6,96.5,953.7,-999.0
2010,9,29,9.4,12.8,16.2,0.1,11.7,87.7,8.0,223.8,957.2,-999.0
2010,9,30,9.1,11.6,14.0,12.6,11.2,96.1,3.5,137.4,958.3,-999.0
2010,10,1,-999.0,10.1,-999.0,-999.0,8.7,91.4,8.0,297.9,957.2,-999.0
2010,10,2,1.6,5.2,8.7,0.1,1.6,82.2,10.2,292.1,963.3,-999.0
2010,10,3,-1.6,4.1,9.7,0.0,0.2,80.7,5.8,265.4,973.9,-999.0
2010,10,4,-3.8,4.8,13.3,-999.0,-0.4,81.9,3.0,166.1,975.2,-999.0
2010,10,5,-3.0,6.9,17.4,-999.0,0.8,71.6,4.0,121.2,971.1,-999.0
2010,10,6,1.0,6.4,11.8,6.2,4.3,83.2,4.2,141.2,965.4,-999.0
2010,10,7,7.3,10.4,13.5,1.9,4.4,74.8,12.2,288.3,949.3,-999.0
2010,10,8,2.9,8.0,13.0,0.0,2.4,65.5,15.2,283.8,953.2,-999.0
2010,10,9,0.9,4.3,7.6,0.0,-3.2,60.5,15.7,304.2,961.6,-999.0
2010,10,10,1.3,7.4,13.4,0.0,-1.2,56.8,13.0,284.2,954.9,-999.0
2010,10,11,-2.0,2.8,7.6,0.0,-1.2,71.3,10.0,302.1,957.4,-999.0
2010,10,12,-2.7,3.3,9.3,0.0,0.2,77.7,6.0,293.0,960.2,-999.0
2010,10,13,-2.3,5.3,12.9,0.0,-0.2,69.6,4.2,259.5,963.7,-999.0
2010,10,14,4.8,7.1,9.3,6.7,5.0,92.0,2.6,131.2,960.5,-999.0
2010,10,15,3.8,5.0,6.2,10.1,4.6,94.6,12.5,65.8,953.2,-999.0
2010,10,16,-1.1,3.3,7.7,0.2,2.3,84.5,12.4,320.8,956.9,-999.0
2010,10,17,-2.5,3.7,9.9,0.8,0.4,84.8,9.5,253.5,954.6,-999.0
2010,10,18,-3.5,0.9,5.2,0.0,-2.6,71.8,13.2,289.6,956.8,-999.0
2010,10,19,-5.8,1.6,9.0,0.2,-3.7,69.9,6.1,223.3,955.3,-999.0
2010,10,20,-2.1,4.3,10.7,1.2,-0.3,70.2,10.3,200.8,952.6,-999.0
2010,10,21,-0.9,2.6,6.0,2.8,1.1,86.0,9.8,263.0,946.8,-999.0
2010,10,22,-2.6,-0.5,1.7,-999.0,-4.5,74.9,16.3,293.9,957.2,-999.0
2010,10,23,-6.0,-0.6,4.9,0.0,-6.6,64.9,11.0,295.9,965.7,-999.0
2010,10,24,-6.2,-1.9,2.4,1.4,-4.8,80.7,2.4,131.5,967.5,-999.0
2010,10,25,0.3,3.4,6.8,16.4,2.9,96.9,3.2,91.0,957.9,-999.0
2010,10,26,7.0,9.5,12.0,4.4,8.9,99.0,4.3,95.5,956.9,-999.0
2010,10,27,3.6,9.6,15.6,2.9,6.4,70.0,10.2,189.2,953.7,-999.0
2010,10,28,3.3,7.5,11.6,1.9,3.2,73.4,12.0,225.4,951.6,-999.0
2010,10,29,-2.8,0.4,3.5,0.6,-1.1,85.8,10.6,297.9,959.3,-999.0
2010,10,30,-3.0,-1.0,1.0,0.3,-3.9,84.5,4.0,266.2,955.8,-999.0
2010,10,31,-4.7,-2.6,-0.5,0.0,-4.9,82.3,9.9,313.3,959.4,-999.0
2010,11,1,-1.8,0.8,3.4,0.0,-2.6,83.1,9.6,315.4,972.9,-999.0
2010,11,2,-6.8,-0.7,5.5,0.0,-3.9,79.0,5.1,277.4,976.6,-999.0
2010,11,3,-8.6,-3.1,6.1,-999.0,-5.9,83.1,2.3,142.0,966.1,-999.0
2010,11,4,-3.7,-0.4,2.9,6.3,-1.1,93.5,2.4,135.8,956.0,-999.0
2010,11,5,-1.2,-0.2,0.8,8.7,-0.4,96.2,6.6,219.5,948.3,-999.0
2010,11,6,-4.4,-2.3,-0.2,0.6,-3.8,89.5,6.9,281.7,968.0,-999.0
2010,11,7,-6.3,-2.5,1.4,0.0,-4.9,85.5,4.0,229.6,972.4,-999.0
2010,11,8,-3.9,-0.1,3.7,0.0,-3.4,81.8,10.8,208.8,963.8,-999.0
2010,11,9,-1.2,2.9,7.0,-999.0,-3.8,69.3,7.6,190.9,967.9,-999.0
2010,11,10,-3.9,1.7,7.2,0.0,-4.9,68.2,6.8,60.8,976.1,-999.0
2010,11,11,-7.0,1.5,10.0,0.0,-7.2,67.2,2.1,166.0,980.9,-999.0
2010,11,12,-8.6,2.5,13.5,0.0,-8.2,61.4,2.8,217.4,977.3,-999.0
2010,11,13,-0.7,4.1,8.9,-999.0,-1.7,68.0,4.0,142.0,972.2,-999.0
2010,11,14,-1.3,3.3,7.9,0.4,-2.3,70.2,5.5,107.8,964.8,-999.0
2010,11,15,1.6,4.9,8.1,1.5,-0.1,73.7,7.5,194.8,961.3,-999.0
2010,11,16,-1.1,3.6,8.3,0.3,-0.3,80.6,5.4,190.4,963.7,-999.0
2010,11,17,0.4,3.2,5.9,15.4,2.3,94.2,11.9,155.5,947.2,-999.0
2010,11,18,-6.2,-2.6,1.0,0.3,-3.5,81.9,15.0,294.2,958.5,-999.0
2010,11,19,-9.4,-6.8,-4.2,0.4,-10.0,79.0,7.9,265.4,967.0,-999.0
2010,11,20,-8.4,-4.2,0.1,4.9,-7.4,80.6,15.5,253.8,961.4,-999.0
2010,11,21,-17.3,-10.6,-3.9,0.0,-14.2,66.8,3.9,162.1,978.0,-999.0
2010,11,22,-6.7,-2.9,0.9,5.2,-3.0,92.4,4.1,133.5,965.4,-999.0
2010,11,23,-3.0,2.5,8.0,12.4,1.9,91.3,10.0,189.1,953.6,-999.0
2010,11,24,-13.3,-8.2,-3.0,0.0,-13.5,59.5,17.5,305.4,965.6,-999.0
2010,11,25,-15.3,-9.2,-3.0,0.0,-12.4,80.0,4.8,198.3,966.4,-999.0
2010,11,26,-6.3,-4.1,-1.9,8.1,-7.5,83.2,9.2,191.3,944.6,-999.0
2010,11,27,-9.8,-6.8,-3.8,3.4,-8.4,84.4,11.7,253.3,946.6,-999.0
2010,11,28,-999.0,-5.5,-999.0,-999.0,-6.7,91.2,9.0,264.3,966.1,-999.0
2010,11,29,-5.5,-1.7,2.1,0.0,-4.4,84.9,4.3,198.9,976.6,-999.0
2010,11,30,-9.1,-3.1,3.0,8.1,-2.8,91.9,5.5,127.0,970.3,-999.0
2010,12,1,0.5,2.9,5.2,23.9,3.0,94.0,12.2,135.4,954.2,-999.0
2010,12,2,-2.3,-0.9,0.6,-999.0,-2.5,86.9,6.3,219.1,959.3,-999.0
2010,12,3,-6.3,-3.2,-1.6,-999.0,-5.5,84.3,6.6,271.9,962.8,-999.0
2010,12,4,-7.8,-6.0,-4.2,4.2,-7.6,89.0,12.1,310.4,955.8,-999.0
2010,12,5,-8.5,-7.0,-5.5,1.7,-9.1,86.6,7.6,257.1,946.7,4.0
2010,12,6,-7.5,-6.5,-5.5,2.8,-7.9,90.2,14.1,297.8,939.4,5.0
2010,12,7,-11.2,-8.1,-4.9,0.2,-9.5,83.0,18.8,290.8,937.4,8.0
2010,12,8,-13.3,-11.9,-10.5,0.0,-14.9,77.8,14.0,287.5,952.0,5.0
2010,12,9,-24.7,-18.3,-11.9,0.0,-18.8,76.1,8.2,295.7,966.1,4.0
2010,12,10,-26.1,-17.5,-8.9,0.5,-20.6,77.0,4.6,132.0,968.5,4.0
2010,12,11,-15.9,-9.6,-3.3,0.5,-9.5,86.6,6.0,234.3,965.8,5.0
2010,12,12,-15.0,-7.1,0.9,19.7,-8.0,92.2,6.2,94.5,956.1,5.0
2010,12,13,-13.6,-6.1,1.5,7.8,-5.1,96.2,10.3,258.3,937.5,14.0
2010,12,14,-24.4,-17.9,-11.4,4.2,-16.4,87.8,6.1,267.9,941.9,19.0
2010,12,15,-25.7,-20.2,-14.6,2.7,-20.3,84.5,7.7,270.4,947.8,19.0
2010,12,16,-24.4,-17.5,-10.5,0.0,-20.3,84.2,1.5,123.6,950.4,22.0
2010,12,17,-28.9,-19.6,-10.2,0.0,-21.3,83.2,3.2,245.0,956.0,22.0
2010,12,18,-13.2,-9.3,-5.4,0.0,-10.5,91.9,3.7,140.5,961.1,21.0
2010,12,19,-13.8,-9.3,-4.7,0.1,-10.1,91.9,1.9,220.0,964.0,21.0
2010,12,20,-999.0,-10.8,-999.0,-999.0,-11.9,91.4,4.1,231.8,962.0,21.0
2010,12,21,-999.0,-3.9,-999.0,-999.0,-4.8,93.3,3.9,328.6,962.5,-999.0
2010,12,22,-6.1,-4.6,-3.1,0.1,-5.4,91.0,8.1,279.1,959.5,21.0
2010,12,23,-11.1,-8.4,-5.7,-999.0,-8.8,87.8,12.0,335.9,962.6,22.0
2010,12,24,-14.1,-10.7,-7.2,0.0,-13.3,83.9,8.0,304.2,966.8,21.0
2010,12,25,-15.3,-11.7,-8.0,0.0,-14.6,83.0,7.4,286.7,966.0,21.0
2010,12,26,-18.5,-14.3,-10.1,-999.0,-16.4,80.7,8.3,182.7,964.7,-999.0
2010,12,27,-21.7,-17.4,-13.0,0.0,-20.1,77.9,14.1,290.0,953.2,21.0
2010,12,28,-17.0,-11.9,-6.8,0.0,-16.3,78.2,11.8,290.0,953.7,21.0
2010,12,29,-16.1,-9.9,-3.7,0.1,-10.6,88.0,3.5,244.6,959.7,21.0
2010,12,30,-7.5,-3.5,0.5,0.1,-5.9,82.8,6.6,228.7,963.4,21.0
2010,12,31,-1.8,0.7,3.2,1.4,0.6,95.1,4.7,195.7,961.4,21.0
